user_id,movie_id,rating,timestamp
1,643,2,2026-08-03 13:23:42
1,112,1,2026-07-19 04:16:41
1,91,2,2026-07-20 08:24:28
1,992,4,2026-07-31 23:44:56
1,192,3,2026-08-08 10:50:30
1,368,4,2026-07-22 21:21:03
1,23,2,2026-08-12 11:11:49
1,204,2,2026-08-10 04:37:38
1,99,5,2026-08-12 16:20:04
1,10,4,2026-07-20 15:27:18
1,844,2,2026-07-21 16:58:26
1,968,4,2026-07-18 13:16:00
1,869,1,2026-07-24 06:02:12
1,20,2,2026-08-10 01:00:45
1,468,3,2026-07-25 05:57:53
1,429,3,2026-08-14 03:43:44
2,217,2,2026-08-04 16:28:43
2,790,1,2026-07-18 18:43:38
2,546,5,2026-08-06 12:26:09
2,854,2,2026-07-28 21:07:21
2,639,1,2026-07-18 22:01:23
2,58,3,2026-08-11 13:09:32
2,862,2,2026-08-08 13:06:17
2,892,4,2026-08-04 01:57:16
2,564,2,2026-07-20 00:31:53
2,70,5,2026-07-23 18:58:55
3,589,3,2026-07-29 06:58:58
3,806,3,2026-08-10 09:51:37
3,196,2,2026-07-18 01:30:25
3,941,1,2026-08-10 15:04:35
3,329,1,2026-08-07 17:50:50
3,223,2,2026-07-30 11:17:50
3,86,4,2026-07-23 04:18:07
3,66,5,2026-07-19 12:05:20
3,144,4,2026-07-26 17:02:39
3,660,3,2026-07-23 08:41:54
3,478,4,2026-07-31 14:39:39
3,896,3,2026-07-30 13:05:06
3,117,4,2026-08-05 00:35:34
3,898,5,2026-08-11 16:41:48
3,954,2,2026-08-09 06:43:41
3,262,4,2026-08-05 13:32:18
3,147,3,2026-07-28 01:34:31
3,918,4,2026-07-23 02:40:38
4,804,1,2026-08-12 07:44:54
4,15,5,2026-08-12 09:42:39
4,844,4,2026-08-12 06:09:03
4,383,2,2026-07-23 16:23:36
4,797,5,2026-07-21 01:59:42
4,854,1,2026-08-14 09:12:48
4,993,2,2026-08-09 00:33:14
5,199,5,2026-07-22 18:34:05
5,561,4,2026-08-03 10:19:51
5,849,3,2026-07-22 18:57:58
5,587,4,2026-08-04 20:05:57
5,810,1,2026-07-24 00:06:05
5,287,3,2026-08-04 13:09:02
5,410,5,2026-08-08 03:49:03
5,53,3,2026-07-18 16:34:21
6,714,5,2026-07-25 00:39:05
6,161,1,2026-08-08 13:52:10
6,128,1,2026-08-04 07:56:45
6,760,2,2026-07-23 09:36:50
6,173,5,2026-08-07 01:40:48
6,330,2,2026-08-08 10:30:27
6,767,5,2026-08-07 17:12:32
6,119,5,2026-07-19 01:59:14
7,496,4,2026-08-12 21:02:06
7,726,3,2026-07-31 08:30:13
7,426,1,2026-08-03 17:17:12
7,752,4,2026-07-21 16:33:12
7,202,5,2026-07-27 23:20:36
7,922,4,2026-08-07 17:26:42
7,246,5,2026-08-11 21:17:20
7,814,4,2026-08-13 22:24:34
8,117,5,2026-08-14 14:07:44
8,786,4,2026-08-07 08:13:24
8,300,5,2026-08-15 08:34:22
8,914,3,2026-08-14 14:23:02
8,67,1,2026-08-07 12:09:41
8,558,5,2026-07-30 09:57:59
8,923,2,2026-08-11 19:44:20
8,280,4,2026-08-06 03:35:33
8,831,5,2026-07-21 21:34:10
8,851,4,2026-07-22 14:09:05
8,335,2,2026-07-21 03:52:06
8,469,4,2026-07-26 17:08:35
8,122,4,2026-08-10 03:13:25
9,82,4,2026-08-02 12:56:21
9,384,1,2026-08-13 10:34:01
9,858,5,2026-07-18 16:18:05
9,330,5,2026-07-28 07:07:08
9,515,4,2026-08-05 04:51:44
10,554,4,2026-07-31 09:11:31
10,568,1,2026-07-24 00:42:07
10,760,4,2026-08-03 14:14:08
10,217,4,2026-08-02 18:47:43
10,628,2,2026-08-02 02:29:32
10,193,3,2026-08-14 19:41:41
10,605,5,2026-08-07 04:31:03
10,831,2,2026-07-25 16:13:18
10,184,1,2026-07-26 12:22:38
10,845,5,2026-08-02 19:46:56
10,100,2,2026-07-30 04:21:49
10,405,4,2026-07-29 06:45:35
10,356,1,2026-08-02 09:00:59
10,287,1,2026-08-09 07:59:05
11,580,2,2026-07-21 01:43:46
11,994,2,2026-07-20 04:56:57
11,709,4,2026-08-15 05:49:08
11,716,4,2026-08-05 22:29:19
11,265,4,2026-08-14 02:50:38
11,278,3,2026-08-07 19:12:39
11,918,3,2026-08-05 15:20:03
11,555,5,2026-08-10 12:27:32
11,285,2,2026-08-10 01:22:15
11,345,2,2026-07-28 17:20:40
11,635,5,2026-07-20 17:43:07
11,371,2,2026-08-13 10:35:23
11,929,4,2026-07-18 00:32:18
11,47,5,2026-08-14 04:53:26
11,695,4,2026-07-23 13:35:36
11,431,1,2026-08-09 18:42:36
11,741,4,2026-08-06 05:47:06
11,116,1,2026-08-03 11:04:36
12,669,4,2026-07-23 21:54:41
12,516,3,2026-07-29 18:03:49
12,357,4,2026-07-17 11:32:34
12,958,2,2026-08-12 08:17:58
12,997,5,2026-07-19 14:17:53
12,988,4,2026-07-26 15:24:11
13,609,3,2026-08-14 21:04:29
13,856,1,2026-08-10 22:42:38
13,977,5,2026-07-18 05:55:24
13,605,4,2026-08-11 15:33:35
13,237,5,2026-08-02 19:30:08
13,181,1,2026-07-17 09:25:39
13,734,3,2026-08-07 16:58:05
13,592,2,2026-07-24 22:00:07
13,888,4,2026-08-02 13:53:50
14,253,2,2026-07-30 08:48:51
14,930,2,2026-07-19 12:35:14
14,613,1,2026-08-11 19:03:37
14,236,3,2026-07-17 20:38:55
14,809,1,2026-08-02 22:50:16
14,112,5,2026-08-10 21:33:52
14,932,4,2026-08-12 06:58:20
14,774,1,2026-08-08 01:57:30
14,484,5,2026-07-30 16:34:11
14,443,5,2026-07-22 01:11:23
14,163,5,2026-07-25 15:00:43
14,46,3,2026-08-09 03:24:12
14,105,1,2026-07-23 23:44:52
14,344,5,2026-07-22 10:48:34
14,10,4,2026-08-14 09:59:19
15,869,5,2026-08-01 20:14:08
15,878,2,2026-07-25 03:31:34
15,107,5,2026-07-20 08:41:05
15,244,5,2026-07-23 07:01:02
15,501,4,2026-07-26 21:37:30
15,352,4,2026-08-08 13:19:35
15,456,1,2026-07-24 02:04:27
15,749,2,2026-07-17 11:05:05
15,395,2,2026-07-25 07:19:44
15,252,4,2026-08-06 17:50:18
15,136,3,2026-07-27 18:34:37
16,550,5,2026-08-06 02:07:38
16,803,1,2026-08-01 21:40:48
16,69,1,2026-08-01 05:32:36
16,785,4,2026-08-14 17:25:56
16,618,5,2026-08-10 04:04:57
16,224,1,2026-07-30 21:54:37
16,544,5,2026-08-06 00:23:41
16,171,3,2026-08-07 11:14:59
16,788,1,2026-07-17 22:52:02
16,790,1,2026-07-22 04:05:18
16,394,2,2026-08-04 23:53:22
16,52,4,2026-08-03 10:55:21
16,222,3,2026-08-14 23:32:27
16,758,4,2026-07-24 03:39:49
16,998,4,2026-07-25 09:28:14
16,265,4,2026-07-27 00:37:55
16,700,5,2026-08-07 18:35:50
16,167,2,2026-07-20 13:01:17
16,824,1,2026-07-24 22:52:01
17,846,1,2026-07-26 21:28:26
17,522,2,2026-07-31 01:36:20
17,611,2,2026-08-01 09:38:19
17,325,2,2026-08-14 11:25:25
17,421,3,2026-08-08 19:48:52
17,335,5,2026-08-06 21:49:07
17,593,3,2026-07-20 10:48:46
17,622,3,2026-08-06 10:02:25
17,864,4,2026-07-31 21:50:41
17,221,3,2026-08-05 22:19:13
18,296,2,2026-08-14 13:35:36
18,468,1,2026-07-28 19:32:47
18,535,4,2026-07-31 10:17:51
18,167,4,2026-08-01 12:03:46
18,844,2,2026-07-23 08:38:26
18,61,5,2026-08-11 08:57:40
18,875,5,2026-08-07 13:44:58
18,720,1,2026-07-26 07:09:52
18,253,4,2026-08-09 10:41:23
19,500,3,2026-07-31 22:20:24
19,384,3,2026-08-07 17:48:41
19,143,2,2026-07-21 22:11:12
19,416,5,2026-07-29 11:39:49
19,490,2,2026-07-29 03:11:20
19,153,1,2026-08-08 22:20:52
19,882,3,2026-08-01 22:43:21
19,880,4,2026-07-28 06:24:20
19,660,3,2026-07-20 12:39:09
19,942,4,2026-08-09 17:50:08
19,548,5,2026-08-15 07:24:28
19,706,2,2026-07-17 21:29:10
19,373,1,2026-07-29 13:34:38
19,658,3,2026-07-24 22:11:27
19,551,1,2026-07-18 20:05:31
19,859,1,2026-07-30 13:30:58
19,668,2,2026-07-21 10:09:30
19,829,1,2026-08-12 03:50:24
19,104,2,2026-07-18 11:18:09
20,205,3,2026-08-01 04:18:23
20,346,4,2026-08-14 17:02:13
20,606,5,2026-08-07 14:11:12
20,624,1,2026-07-16 17:57:30
20,301,5,2026-08-02 22:05:27
20,213,5,2026-08-13 05:24:25
20,514,4,2026-07-22 21:20:39
20,437,1,2026-07-17 22:52:05
20,42,5,2026-08-09 22:37:59
20,135,4,2026-07-25 08:44:02
20,828,2,2026-08-05 05:12:34
21,870,2,2026-07-18 11:11:47
21,423,4,2026-08-02 07:15:09
21,713,4,2026-08-04 01:18:48
21,459,3,2026-08-03 14:12:05
21,871,2,2026-07-30 17:47:52
21,155,4,2026-07-17 06:25:30
21,710,1,2026-07-29 11:07:28
22,994,3,2026-07-22 03:03:30
22,173,2,2026-07-27 08:21:39
22,692,2,2026-08-03 19:14:09
22,289,4,2026-08-13 12:09:49
22,211,2,2026-08-12 11:25:53
22,6,4,2026-07-21 16:17:35
22,511,3,2026-08-04 09:45:15
22,640,1,2026-08-02 22:32:04
22,927,3,2026-07-23 18:47:26
22,593,2,2026-07-26 09:15:21
22,871,3,2026-08-13 11:57:41
22,43,2,2026-07-22 04:19:30
22,899,4,2026-08-13 08:13:51
22,874,5,2026-07-30 14:14:47
22,77,2,2026-08-12 11:49:52
22,346,5,2026-08-02 16:48:26
23,937,5,2026-07-17 15:34:20
23,812,1,2026-07-22 11:55:58
23,527,3,2026-07-17 12:45:00
23,991,3,2026-08-12 13:48:19
23,790,4,2026-07-17 07:29:32
23,339,2,2026-07-31 02:39:36
23,881,4,2026-07-17 04:01:27
23,995,2,2026-08-04 12:36:28
23,617,3,2026-07-24 23:21:04
23,661,4,2026-07-22 15:29:58
23,526,4,2026-07-26 06:12:46
23,266,3,2026-07-25 03:17:19
23,499,2,2026-08-11 07:21:40
23,121,3,2026-07-22 18:07:09
23,638,1,2026-08-14 23:48:05
23,633,3,2026-08-04 18:00:20
24,568,5,2026-07-20 09:38:38
24,236,1,2026-07-23 12:08:14
24,815,3,2026-07-22 11:22:26
24,216,5,2026-08-01 21:52:43
24,242,4,2026-08-07 23:42:54
24,602,1,2026-08-03 18:58:34
24,802,2,2026-07-30 07:44:21
24,316,2,2026-07-29 18:25:25
24,492,4,2026-08-14 21:09:42
24,596,3,2026-07-26 05:00:00
24,443,1,2026-07-28 09:01:26
24,801,2,2026-07-25 00:56:40
24,520,3,2026-08-03 13:35:54
24,817,5,2026-07-29 10:59:04
24,619,1,2026-08-03 18:39:39
25,219,1,2026-07-22 23:36:33
25,804,3,2026-07-27 21:02:26
25,657,3,2026-08-05 21:45:43
25,780,1,2026-08-03 08:26:40
25,727,4,2026-08-13 11:59:08
25,835,3,2026-07-21 21:26:54
25,480,3,2026-07-26 14:11:55
25,752,4,2026-07-28 18:53:27
25,948,5,2026-07-27 06:27:48
25,869,4,2026-08-05 07:40:27
25,899,5,2026-07-26 07:40:44
26,919,3,2026-07-31 07:01:59
26,182,5,2026-08-13 08:00:59
26,111,5,2026-07-26 07:49:59
26,432,3,2026-08-14 13:32:05
26,272,3,2026-08-06 15:57:29
26,151,2,2026-07-23 08:51:27
27,931,3,2026-08-02 23:31:34
27,634,1,2026-08-07 19:19:29
27,104,5,2026-07-22 10:38:09
27,348,2,2026-07-19 10:57:49
27,624,2,2026-08-03 14:12:15
27,838,3,2026-08-01 08:14:23
27,719,2,2026-08-03 17:20:47
27,37,1,2026-07-31 17:58:28
27,428,5,2026-07-28 09:15:29
27,226,5,2026-07-17 19:48:52
27,520,2,2026-07-24 04:36:36
27,462,1,2026-07-16 19:58:36
27,4,1,2026-07-26 14:41:04
27,846,3,2026-07-21 20:33:26
27,711,4,2026-08-06 00:26:53
27,854,3,2026-08-06 06:19:13
27,451,5,2026-07-21 11:59:39
27,652,5,2026-08-02 02:37:13
27,297,4,2026-08-07 11:29:32
28,928,5,2026-07-25 13:04:34
28,193,3,2026-07-27 20:22:38
28,610,5,2026-08-12 02:18:58
28,405,3,2026-08-10 16:08:38
28,38,1,2026-08-14 07:05:48
29,503,1,2026-08-03 19:55:48
29,502,5,2026-07-29 22:22:35
29,174,1,2026-07-18 03:50:23
29,977,4,2026-07-18 01:52:03
29,684,1,2026-07-26 20:11:01
29,212,3,2026-08-09 20:05:14
29,40,2,2026-07-22 12:57:10
29,430,2,2026-07-22 06:39:48
29,585,4,2026-07-26 17:39:00
29,254,1,2026-07-21 22:09:40
29,941,1,2026-07-24 15:14:12
29,168,1,2026-08-08 21:55:31
29,572,5,2026-07-25 08:46:52
29,459,1,2026-08-02 20:40:29
30,185,1,2026-08-03 13:20:00
30,543,2,2026-07-22 07:11:22
30,129,5,2026-07-26 02:27:59
30,942,4,2026-08-02 09:51:50
30,356,3,2026-07-21 15:12:15
30,751,3,2026-07-30 00:59:15
30,843,4,2026-08-09 04:29:28
30,739,5,2026-07-19 02:41:22
30,685,1,2026-07-28 09:53:19
30,350,3,2026-07-27 21:34:57
30,95,5,2026-08-11 17:38:22
30,415,1,2026-08-14 21:06:06
30,323,3,2026-08-12 00:59:49
30,316,3,2026-08-01 02:01:40
31,243,2,2026-07-23 16:30:01
31,379,4,2026-08-14 03:16:35
31,571,2,2026-08-15 00:07:11
31,210,4,2026-07-30 18:00:49
31,904,2,2026-08-10 19:06:20
31,138,1,2026-07-28 15:25:06
31,131,5,2026-08-03 07:15:31
31,769,3,2026-07-18 15:38:19
31,347,3,2026-07-27 04:38:07
31,5,3,2026-07-23 11:32:03
31,318,3,2026-07-29 18:48:20
32,838,1,2026-08-09 17:26:54
32,969,3,2026-08-10 21:29:47
32,691,2,2026-07-25 01:59:53
32,49,4,2026-07-19 03:33:41
32,397,2,2026-07-26 07:27:52
32,510,4,2026-08-05 01:33:39
32,880,1,2026-08-02 23:59:47
32,859,2,2026-07-21 01:16:50
32,305,1,2026-08-15 06:05:38
32,737,5,2026-07-22 17:30:28
32,818,2,2026-08-06 14:13:52
33,966,2,2026-08-02 19:56:03
33,224,5,2026-08-07 23:19:52
33,288,3,2026-07-26 12:39:16
33,221,3,2026-07-25 10:56:55
33,723,4,2026-07-29 09:57:25
33,824,3,2026-08-10 03:34:25
33,8,4,2026-07-30 00:57:07
33,206,2,2026-08-14 08:25:46
33,738,3,2026-07-20 03:39:20
33,672,4,2026-07-20 20:56:05
34,904,2,2026-07-28 18:43:37
34,280,2,2026-07-23 16:42:01
34,233,3,2026-07-20 02:42:22
34,23,1,2026-07-19 20:40:11
34,666,5,2026-07-29 13:48:05
34,854,2,2026-07-19 10:46:32
34,539,5,2026-08-13 13:33:32
34,637,5,2026-08-05 11:30:55
34,476,2,2026-08-06 05:19:51
34,780,5,2026-08-13 06:06:12
34,352,1,2026-07-28 14:34:05
34,709,1,2026-07-20 15:13:14
35,9,4,2026-08-09 05:14:35
35,383,2,2026-08-02 16:30:46
35,161,5,2026-07-19 05:57:22
35,775,2,2026-07-29 10:00:27
35,559,4,2026-07-19 17:39:45
35,857,4,2026-08-02 03:06:16
35,311,3,2026-07-22 08:17:10
36,479,3,2026-07-18 01:04:27
36,169,3,2026-07-18 08:07:50
36,205,2,2026-08-12 09:20:56
36,845,1,2026-07-29 11:59:52
36,487,3,2026-08-03 19:19:53
36,433,1,2026-08-02 10:10:56
36,47,2,2026-08-11 11:44:29
36,395,3,2026-07-20 13:37:45
36,67,2,2026-07-27 13:38:42
36,689,1,2026-08-07 10:48:43
36,163,4,2026-08-11 16:57:34
37,634,5,2026-07-20 03:06:34
37,719,5,2026-07-22 06:19:50
37,23,5,2026-08-13 04:27:42
37,405,2,2026-08-13 09:05:09
37,77,4,2026-07-23 17:22:15
37,495,2,2026-08-03 07:05:43
37,791,5,2026-07-31 01:11:13
37,293,5,2026-08-01 00:28:25
37,539,2,2026-08-04 11:39:34
37,800,1,2026-07-18 21:00:46
37,945,3,2026-07-23 04:59:47
37,95,5,2026-07-29 22:42:32
37,407,2,2026-08-04 14:48:32
37,695,3,2026-07-28 23:55:03
37,801,1,2026-07-16 18:22:51
37,548,5,2026-08-06 18:49:10
37,504,2,2026-07-23 04:09:36
37,69,1,2026-08-05 20:32:30
37,268,5,2026-08-07 11:02:17
38,183,3,2026-08-11 19:04:44
38,849,4,2026-07-22 03:49:13
38,709,3,2026-07-18 11:46:48
38,496,3,2026-07-25 21:53:17
38,868,3,2026-07-22 13:35:17
38,302,2,2026-07-18 07:55:12
38,39,2,2026-08-04 02:04:41
38,955,4,2026-08-10 03:17:02
38,69,3,2026-07-31 06:56:19
38,572,5,2026-07-21 13:02:03
38,756,4,2026-07-26 10:40:04
38,646,1,2026-07-26 19:42:14
38,714,1,2026-08-02 13:29:07
38,705,2,2026-07-27 13:04:47
38,18,5,2026-08-12 23:08:51
38,526,5,2026-07-30 22:30:22
38,384,5,2026-08-05 15:12:01
39,121,4,2026-07-28 09:07:04
39,357,3,2026-08-15 15:19:08
39,113,4,2026-07-26 15:58:37
39,875,4,2026-07-26 18:48:59
39,75,1,2026-07-22 18:23:52
39,406,4,2026-07-20 05:15:02
39,792,2,2026-07-27 15:15:59
39,832,1,2026-07-19 07:25:30
39,319,4,2026-08-10 19:07:54
39,117,4,2026-08-09 01:59:25
39,167,2,2026-08-06 02:47:38
39,984,1,2026-07-30 18:43:29
39,22,2,2026-07-22 02:45:19
39,973,3,2026-08-03 17:52:18
40,845,3,2026-08-06 22:54:40
40,204,4,2026-07-30 20:05:38
40,102,5,2026-08-05 06:33:07
40,127,5,2026-08-08 17:18:39
40,93,2,2026-08-01 22:02:56
40,494,2,2026-07-23 14:41:10
40,256,5,2026-07-26 06:15:07
40,461,1,2026-07-25 10:44:58
40,329,2,2026-08-14 18:34:07
40,481,4,2026-08-08 08:38:46
41,904,5,2026-07-30 17:33:29
41,661,5,2026-07-24 06:26:05
41,211,5,2026-07-22 02:31:40
41,525,2,2026-07-28 19:09:46
41,423,1,2026-08-10 15:14:29
41,680,3,2026-07-26 01:09:23
42,119,1,2026-08-14 23:42:36
42,745,5,2026-08-01 10:00:01
42,399,2,2026-07-21 19:42:12
42,498,5,2026-07-26 20:09:33
42,638,4,2026-07-17 21:36:55
42,173,4,2026-07-28 22:25:21
42,503,2,2026-07-26 12:12:28
42,364,5,2026-07-30 05:24:51
42,597,5,2026-07-20 09:33:28
42,534,5,2026-07-20 07:19:29
42,95,1,2026-07-24 19:35:20
43,48,1,2026-07-21 13:41:21
43,821,5,2026-08-13 17:02:33
43,239,5,2026-08-01 16:18:30
43,409,1,2026-08-01 12:17:11
43,964,5,2026-07-19 00:10:52
43,90,5,2026-07-24 23:18:27
43,489,4,2026-07-27 04:42:45
43,689,3,2026-08-13 03:28:36
43,83,3,2026-08-05 12:00:13
43,74,5,2026-07-19 20:12:52
44,140,4,2026-07-16 17:50:08
44,988,1,2026-08-11 13:14:34
44,531,1,2026-08-04 17:55:50
44,635,2,2026-08-02 07:56:27
44,587,5,2026-07-17 06:32:56
44,476,4,2026-08-03 13:09:33
44,569,1,2026-08-07 11:07:45
44,777,5,2026-08-02 11:37:19
44,333,5,2026-08-15 10:22:46
44,905,1,2026-07-18 23:15:16
44,730,5,2026-07-18 21:38:38
44,372,1,2026-08-01 14:56:08
44,113,3,2026-08-10 21:43:25
44,996,1,2026-07-30 20:52:50
44,232,2,2026-08-04 18:26:26
44,71,4,2026-08-12 23:14:03
44,437,4,2026-07-30 08:14:37
45,50,1,2026-08-14 16:47:31
45,309,4,2026-08-01 02:09:43
45,230,4,2026-08-05 17:08:03
45,19,3,2026-07-23 22:08:29
45,426,3,2026-08-07 10:36:28
45,194,5,2026-07-23 08:52:07
45,404,2,2026-07-30 19:02:00
45,544,3,2026-08-14 10:47:29
46,665,1,2026-08-12 14:25:53
46,574,5,2026-07-25 11:27:22
46,73,4,2026-07-18 20:20:21
46,635,1,2026-07-18 15:54:07
46,919,1,2026-07-19 09:09:21
46,586,2,2026-07-28 03:53:59
46,500,5,2026-07-18 14:03:54
46,129,2,2026-08-10 05:33:47
46,543,2,2026-07-16 22:00:14
46,63,4,2026-07-20 23:46:20
46,1000,1,2026-08-04 02:09:15
46,462,5,2026-08-02 08:16:02
46,320,4,2026-08-01 10:55:20
46,341,2,2026-07-18 10:43:23
46,967,1,2026-07-31 06:45:09
46,436,2,2026-08-05 21:17:53
47,308,5,2026-07-25 03:12:38
47,97,3,2026-07-17 13:40:35
47,929,2,2026-08-04 13:57:13
47,559,4,2026-07-27 01:09:56
47,40,3,2026-07-17 14:27:49
47,119,4,2026-07-17 07:58:10
47,861,4,2026-07-27 09:36:19
47,43,3,2026-08-11 12:15:21
47,359,5,2026-07-26 12:09:40
47,70,2,2026-07-26 02:18:39
47,918,4,2026-08-14 08:46:20
47,811,4,2026-08-15 03:16:22
47,77,1,2026-07-26 18:45:15
47,129,1,2026-07-22 08:11:04
47,731,5,2026-07-27 23:08:16
47,368,1,2026-08-04 13:36:45
47,759,2,2026-08-10 04:12:22
47,321,2,2026-07-29 03:17:01
47,130,1,2026-07-23 21:41:45
48,135,1,2026-08-10 18:21:57
48,128,2,2026-07-24 16:47:13
48,356,1,2026-07-22 09:27:05
48,445,1,2026-08-14 14:03:44
48,260,1,2026-08-14 05:44:38
49,634,4,2026-08-14 03:41:12
49,258,2,2026-07-31 02:26:30
49,373,5,2026-07-22 04:59:50
49,945,3,2026-07-28 12:36:26
49,885,5,2026-08-12 01:55:37
49,167,4,2026-07-22 02:57:02
49,303,5,2026-08-10 13:49:58
49,184,1,2026-08-14 18:26:24
49,870,5,2026-08-12 18:34:43
50,325,1,2026-08-13 08:02:52
50,789,2,2026-07-26 19:06:45
50,478,3,2026-08-13 06:48:58
50,510,3,2026-08-08 17:00:26
50,383,2,2026-08-05 15:57:23
50,980,4,2026-08-03 19:39:02
50,882,4,2026-08-15 02:17:25
50,124,4,2026-08-07 19:50:30
50,956,2,2026-08-12 11:59:20
50,982,2,2026-08-10 13:16:10
50,632,3,2026-08-05 09:59:25
50,326,5,2026-08-06 19:24:24
50,726,3,2026-07-18 02:38:58
50,514,1,2026-08-12 12:35:12
50,423,1,2026-08-11 06:45:27
50,611,3,2026-07-28 14:25:54
50,238,1,2026-08-12 14:49:27
50,916,3,2026-07-30 06:21:03
51,294,1,2026-08-06 23:53:39
51,724,4,2026-07-21 04:25:41
51,856,2,2026-07-26 16:26:00
51,105,1,2026-07-25 20:31:44
51,735,1,2026-08-08 17:53:59
51,643,1,2026-08-04 18:28:05
51,878,1,2026-07-24 15:35:03
51,985,4,2026-07-21 19:05:06
51,384,5,2026-07-29 01:20:52
51,527,4,2026-07-17 10:43:57
51,188,2,2026-08-01 10:12:52
51,781,4,2026-08-14 18:05:00
51,440,1,2026-07-18 05:24:51
51,345,5,2026-08-09 21:59:08
51,138,3,2026-07-17 19:30:44
51,526,4,2026-08-11 21:13:52
52,228,4,2026-08-06 01:32:04
52,259,4,2026-08-03 16:02:08
52,94,3,2026-08-13 03:19:25
52,34,3,2026-07-31 09:38:50
52,498,4,2026-08-05 22:47:13
52,589,3,2026-07-30 19:12:11
52,367,3,2026-08-08 08:47:44
52,905,1,2026-08-11 12:06:38
52,801,3,2026-08-10 15:42:19
52,881,3,2026-08-02 01:52:51
52,208,3,2026-07-22 00:39:36
52,649,2,2026-08-01 05:30:17
52,507,4,2026-07-29 16:40:53
52,708,1,2026-08-04 08:31:42
52,113,3,2026-07-21 13:59:46
52,571,5,2026-07-18 13:08:23
52,357,1,2026-08-01 11:11:27
53,365,4,2026-08-02 02:42:33
53,450,5,2026-07-23 16:32:23
53,14,1,2026-07-27 14:17:30
53,5,5,2026-08-03 05:16:58
53,327,5,2026-08-03 22:01:38
53,446,1,2026-08-04 05:35:38
53,668,5,2026-08-02 08:08:03
53,553,5,2026-08-05 19:56:27
53,684,1,2026-07-28 01:09:04
54,107,2,2026-08-08 10:35:15
54,706,2,2026-08-02 05:07:56
54,373,1,2026-08-07 05:21:53
54,346,5,2026-08-07 00:47:25
54,122,2,2026-08-10 03:29:10
54,579,3,2026-07-26 21:45:26
55,183,5,2026-07-17 09:30:50
55,577,3,2026-07-30 08:36:53
55,676,4,2026-07-19 19:31:37
55,168,5,2026-07-28 08:22:51
55,26,4,2026-07-23 16:47:11
55,667,2,2026-07-26 00:06:13
55,625,1,2026-07-28 13:41:06
55,416,2,2026-07-20 10:31:21
56,352,1,2026-07-27 08:28:42
56,840,4,2026-08-13 00:07:04
56,174,5,2026-08-03 17:43:37
56,140,2,2026-07-21 22:54:10
56,50,4,2026-08-12 23:45:27
56,915,3,2026-08-15 00:25:06
56,111,3,2026-08-04 12:36:47
56,257,3,2026-07-22 04:35:24
56,43,5,2026-07-16 19:46:46
56,236,2,2026-07-17 23:24:03
57,868,5,2026-07-22 02:05:24
57,408,3,2026-08-12 15:36:10
57,345,4,2026-07-21 19:07:08
57,802,3,2026-07-27 03:20:39
57,830,2,2026-07-17 17:08:55
57,882,3,2026-08-12 08:25:47
57,321,5,2026-07-16 19:23:37
57,584,2,2026-08-09 17:04:50
57,525,1,2026-08-04 06:01:55
57,124,3,2026-07-24 14:09:31
57,467,5,2026-08-11 07:17:14
57,971,5,2026-07-19 04:49:35
58,788,5,2026-07-27 19:40:23
58,470,4,2026-07-27 19:27:32
58,111,1,2026-07-28 19:23:25
58,181,4,2026-08-01 15:31:54
58,957,2,2026-08-11 13:18:16
58,130,3,2026-07-27 12:40:10
58,86,2,2026-08-15 08:35:15
58,586,1,2026-07-27 10:38:20
59,366,2,2026-08-11 04:56:13
59,565,3,2026-07-19 13:05:11
59,883,4,2026-07-27 17:45:47
59,745,1,2026-07-22 09:41:23
59,36,1,2026-08-06 14:28:04
59,989,1,2026-08-02 22:07:57
59,263,1,2026-07-25 19:13:21
59,573,4,2026-07-23 05:10:39
59,876,4,2026-07-28 16:35:24
59,433,2,2026-07-26 11:37:14
59,988,2,2026-08-07 14:36:01
59,585,1,2026-08-10 08:10:13
59,855,5,2026-08-09 14:27:25
59,340,4,2026-07-27 16:53:39
59,710,1,2026-08-05 08:21:34
59,946,1,2026-07-20 01:11:05
59,870,4,2026-08-02 03:36:24
59,868,5,2026-08-05 20:46:23
59,67,5,2026-07-16 17:59:36
60,339,2,2026-07-24 00:30:34
60,239,2,2026-07-25 23:01:22
60,263,1,2026-07-22 09:48:17
60,199,3,2026-08-14 00:43:06
60,824,2,2026-08-12 08:18:53
60,229,4,2026-07-27 10:08:01
60,329,2,2026-07-27 16:50:10
60,29,4,2026-08-08 01:48:10
60,675,1,2026-08-08 07:53:42
60,252,5,2026-08-07 23:18:32
60,242,3,2026-08-03 11:55:04
60,116,1,2026-07-26 16:33:59
60,610,2,2026-07-31 16:26:13
60,784,1,2026-08-01 05:09:38
60,810,4,2026-07-19 14:56:52
60,534,3,2026-07-23 19:09:46
60,103,1,2026-07-17 01:00:08
61,572,2,2026-08-14 23:43:16
61,40,2,2026-08-02 19:36:29
61,540,4,2026-08-09 21:33:13
61,505,1,2026-07-29 12:12:55
61,412,5,2026-08-13 20:15:52
61,531,4,2026-07-31 05:49:24
61,715,5,2026-07-23 05:55:51
61,780,5,2026-08-04 18:42:51
61,364,2,2026-08-11 00:03:23
61,263,4,2026-07-20 22:05:38
61,849,3,2026-07-25 17:38:55
61,888,2,2026-08-01 16:29:24
62,583,4,2026-08-11 02:45:09
62,286,2,2026-07-29 07:05:33
62,59,5,2026-07-31 13:17:53
62,358,3,2026-07-26 20:37:45
62,711,2,2026-08-15 14:57:10
62,322,3,2026-08-13 00:21:27
62,900,5,2026-08-13 04:50:33
62,757,5,2026-08-02 14:40:43
62,391,2,2026-08-02 04:55:51
63,78,4,2026-07-29 01:38:16
63,351,4,2026-08-07 21:27:48
63,756,4,2026-07-22 03:42:54
63,159,4,2026-08-02 02:58:54
63,560,1,2026-07-18 15:39:28
63,967,2,2026-07-21 10:32:43
63,622,1,2026-07-27 14:56:59
63,718,4,2026-07-26 01:22:43
63,816,3,2026-08-13 02:54:11
63,11,1,2026-08-05 23:45:50
63,898,1,2026-07-21 03:44:23
63,10,2,2026-07-21 21:14:45
63,589,5,2026-08-02 09:40:05
64,328,2,2026-08-06 18:20:34
64,65,1,2026-07-31 07:05:04
64,414,2,2026-08-10 11:55:11
64,811,4,2026-08-08 01:41:48
64,738,4,2026-07-19 07:35:46
64,771,2,2026-07-25 02:13:14
64,360,5,2026-07-20 07:38:49
64,280,1,2026-07-19 03:53:36
64,836,1,2026-08-03 02:52:32
64,166,5,2026-08-10 12:51:20
64,801,5,2026-08-13 22:10:51
64,782,1,2026-08-09 21:06:10
64,645,5,2026-08-01 14:22:37
64,587,1,2026-08-15 10:58:29
64,986,3,2026-08-04 02:21:14
64,262,4,2026-07-20 02:12:16
64,814,3,2026-08-09 04:03:47
65,405,1,2026-07-18 01:26:41
65,919,2,2026-08-13 13:32:09
65,710,5,2026-07-23 15:03:09
65,209,5,2026-08-01 13:01:25
65,783,1,2026-07-17 14:38:01
65,489,3,2026-08-15 09:02:39
65,654,3,2026-07-31 02:10:50
65,540,4,2026-07-24 13:23:19
66,53,2,2026-08-11 00:19:50
66,383,1,2026-08-10 14:12:22
66,904,4,2026-08-11 20:05:01
66,594,5,2026-07-25 16:57:39
66,308,1,2026-07-31 02:18:52
66,699,5,2026-07-29 14:31:46
66,887,2,2026-08-10 20:26:36
66,288,1,2026-08-07 03:40:23
66,637,4,2026-08-05 01:56:47
66,9,1,2026-07-22 12:36:51
66,615,1,2026-08-01 05:16:43
66,183,4,2026-08-13 20:56:45
66,476,4,2026-07-30 15:00:43
66,616,5,2026-08-03 12:55:30
66,65,5,2026-08-08 03:07:24
66,3,2,2026-08-02 20:44:47
66,562,2,2026-07-19 13:23:32
66,328,5,2026-07-22 14:21:00
67,895,5,2026-08-03 10:44:06
67,756,5,2026-07-20 04:59:06
67,79,3,2026-07-27 11:56:21
67,131,4,2026-07-28 11:28:59
67,819,5,2026-08-09 21:52:32
67,703,3,2026-07-23 21:44:52
67,885,1,2026-08-11 20:09:56
67,436,5,2026-08-09 13:37:43
67,88,1,2026-08-03 08:34:37
67,580,2,2026-07-27 09:29:31
67,999,4,2026-08-05 23:47:50
67,211,2,2026-07-28 16:23:52
67,176,4,2026-07-18 01:54:26
67,780,4,2026-07-31 17:05:42
67,985,5,2026-08-15 07:54:12
67,349,1,2026-08-09 13:49:50
67,205,1,2026-07-21 06:43:31
67,898,3,2026-08-02 09:24:19
67,31,4,2026-08-12 09:34:50
67,900,3,2026-08-10 11:50:17
68,253,4,2026-07-21 04:36:42
68,794,5,2026-08-07 18:22:09
68,137,5,2026-08-01 00:16:37
68,867,5,2026-08-08 16:23:33
68,965,5,2026-08-09 20:54:24
68,443,2,2026-08-05 08:11:56
68,590,2,2026-07-24 20:47:52
68,153,5,2026-08-14 08:25:02
68,100,3,2026-08-03 19:41:44
68,957,1,2026-08-14 16:00:15
68,406,4,2026-07-17 07:11:35
68,865,3,2026-07-27 11:33:07
69,851,5,2026-07-23 18:06:32
69,108,3,2026-07-26 12:19:31
69,209,5,2026-08-11 07:29:27
69,623,4,2026-07-28 10:06:31
69,638,3,2026-08-03 10:26:21
69,652,3,2026-07-20 04:20:53
69,767,5,2026-08-11 16:05:50
69,224,3,2026-08-11 20:45:35
69,156,2,2026-07-28 11:13:32
69,74,4,2026-08-02 02:14:50
69,87,5,2026-07-28 20:14:51
69,733,5,2026-08-05 20:19:45
69,407,1,2026-08-01 06:40:53
69,58,5,2026-08-10 15:00:31
69,316,5,2026-07-27 18:03:44
69,480,5,2026-08-13 15:27:02
70,797,4,2026-08-02 13:43:00
70,358,4,2026-07-28 03:42:37
70,748,3,2026-08-09 10:53:53
70,957,3,2026-07-27 15:36:06
70,567,2,2026-07-24 23:44:02
70,465,4,2026-08-01 08:23:03
70,277,4,2026-07-17 00:32:14
70,773,5,2026-07-28 10:58:43
70,589,2,2026-08-11 06:29:31
70,626,2,2026-07-18 04:12:07
70,510,5,2026-08-06 06:39:49
70,786,2,2026-08-14 02:28:08
70,568,1,2026-08-11 21:51:59
70,778,1,2026-08-09 04:36:15
70,75,4,2026-07-19 06:14:21
70,332,5,2026-07-28 13:03:29
70,196,5,2026-08-06 06:21:21
70,695,4,2026-08-13 02:48:33
70,425,3,2026-08-06 19:45:24
70,245,2,2026-08-03 21:50:40
71,431,4,2026-08-09 10:01:05
71,297,1,2026-08-04 03:18:03
71,399,4,2026-07-26 23:46:43
71,367,5,2026-07-23 04:41:03
71,191,2,2026-07-30 09:10:36
72,721,4,2026-07-17 05:04:10
72,394,4,2026-08-12 07:30:56
72,514,4,2026-08-11 04:10:19
72,392,4,2026-07-23 07:58:35
72,722,4,2026-07-19 20:18:11
72,36,4,2026-08-04 22:35:15
72,591,1,2026-07-30 20:30:02
72,599,4,2026-08-09 23:34:10
72,258,1,2026-08-08 05:03:09
72,809,2,2026-08-08 08:05:38
72,445,3,2026-08-04 18:36:17
72,118,5,2026-07-17 05:39:26
72,6,5,2026-07-24 18:12:39
73,594,3,2026-08-11 07:34:16
73,473,3,2026-08-10 19:23:52
73,733,1,2026-07-26 15:54:17
73,581,2,2026-08-05 16:30:29
73,555,2,2026-08-07 13:08:52
73,133,1,2026-08-05 07:30:04
73,453,3,2026-08-12 19:31:18
74,618,3,2026-08-01 18:32:43
74,797,5,2026-07-21 07:00:30
74,557,4,2026-07-21 16:20:26
74,653,2,2026-08-12 19:12:33
74,235,3,2026-07-23 10:31:26
74,58,1,2026-07-26 03:44:43
74,672,3,2026-08-11 07:04:30
74,895,5,2026-07-31 15:46:08
74,434,4,2026-08-08 22:05:48
74,669,5,2026-07-31 11:47:42
74,164,3,2026-07-27 02:20:33
74,679,2,2026-08-07 18:58:16
75,646,2,2026-08-02 15:39:35
75,425,3,2026-07-17 02:54:38
75,573,3,2026-07-22 17:57:55
75,538,5,2026-08-07 05:43:25
75,7,5,2026-07-16 23:39:20
75,256,4,2026-07-23 08:59:22
75,120,5,2026-08-11 18:50:29
75,653,1,2026-08-01 17:30:29
75,661,3,2026-08-02 19:11:00
75,574,3,2026-07-20 17:27:34
75,749,2,2026-07-25 01:53:03
75,679,4,2026-08-14 18:00:22
75,59,1,2026-07-23 03:29:45
75,912,5,2026-07-22 19:18:22
75,720,2,2026-08-12 07:35:33
75,148,3,2026-08-10 12:12:18
75,722,3,2026-07-18 18:21:18
76,663,2,2026-08-09 02:15:52
76,121,5,2026-07-23 01:42:40
76,789,3,2026-08-03 05:00:47
76,6,5,2026-08-07 13:04:48
76,502,4,2026-07-29 21:30:53
76,564,4,2026-07-26 14:47:03
76,740,5,2026-07-22 08:52:54
76,767,4,2026-08-12 09:34:38
76,706,1,2026-07-26 20:41:23
76,140,3,2026-07-20 06:03:22
76,207,4,2026-08-02 12:45:55
76,66,3,2026-07-24 20:27:42
76,601,5,2026-07-31 12:17:50
76,467,2,2026-07-17 06:24:50
76,238,3,2026-07-31 17:33:59
76,229,1,2026-07-21 23:16:05
76,994,4,2026-07-19 02:39:18
77,597,2,2026-07-29 01:09:27
77,51,1,2026-08-14 16:52:05
77,868,1,2026-07-18 06:29:40
77,492,5,2026-08-08 23:31:01
77,465,1,2026-08-03 20:31:39
77,76,1,2026-08-05 21:52:41
77,773,1,2026-08-15 04:53:24
78,33,5,2026-08-09 07:28:33
78,757,4,2026-07-31 23:03:00
78,148,5,2026-08-03 04:02:05
78,179,3,2026-07-31 23:33:13
78,36,1,2026-08-10 03:51:17
78,45,1,2026-08-14 05:34:08
78,89,2,2026-07-20 07:51:38
78,857,3,2026-07-31 13:50:47
78,146,5,2026-07-18 19:06:33
78,642,5,2026-08-04 13:32:11
78,744,2,2026-07-26 00:36:31
78,687,2,2026-07-21 11:37:09
78,292,5,2026-07-30 17:41:45
78,996,1,2026-07-26 19:07:35
79,970,1,2026-08-04 01:08:10
79,589,5,2026-08-11 09:28:12
79,179,3,2026-07-28 23:58:44
79,666,5,2026-07-24 04:58:22
79,273,2,2026-08-08 07:08:50
79,612,5,2026-07-18 20:50:33
79,84,2,2026-08-04 12:28:28
79,763,2,2026-07-30 07:30:47
79,317,2,2026-07-22 14:32:26
79,786,1,2026-07-25 19:00:13
79,417,2,2026-08-02 05:44:12
79,467,4,2026-08-01 11:38:45
79,479,4,2026-07-17 04:03:22
80,580,4,2026-08-02 03:51:00
80,770,1,2026-08-09 05:04:48
80,240,2,2026-07-20 13:16:17
80,973,3,2026-07-27 12:45:51
80,475,3,2026-08-03 09:15:23
80,70,3,2026-07-22 22:45:19
80,888,1,2026-07-16 18:31:11
80,857,5,2026-07-28 06:53:56
80,95,1,2026-08-08 08:46:04
80,64,3,2026-08-02 07:52:17
80,866,2,2026-07-29 04:07:09
80,801,1,2026-07-19 09:26:48
81,240,2,2026-08-06 12:50:28
81,552,5,2026-07-30 14:27:48
81,500,2,2026-08-08 17:50:55
81,257,1,2026-07-31 09:59:12
81,139,1,2026-08-07 07:28:05
81,606,1,2026-07-21 12:29:53
81,667,5,2026-07-23 23:39:28
81,166,3,2026-08-13 19:43:29
81,424,4,2026-08-12 15:09:59
81,851,2,2026-08-14 12:45:45
82,194,2,2026-08-09 16:48:16
82,848,2,2026-07-18 03:07:22
82,307,4,2026-08-11 07:55:29
82,712,3,2026-08-06 11:55:59
82,341,2,2026-07-20 09:29:23
82,638,5,2026-08-11 20:07:46
82,825,3,2026-07-27 08:30:51
82,348,5,2026-07-29 15:23:00
82,801,2,2026-08-03 10:33:46
82,708,1,2026-07-18 23:57:18
82,612,2,2026-07-17 01:11:42
82,360,2,2026-08-12 17:59:27
82,912,4,2026-08-15 02:25:25
82,267,3,2026-07-20 22:58:11
82,877,1,2026-08-02 19:24:08
82,937,3,2026-07-20 23:50:08
82,221,4,2026-07-19 13:48:43
83,284,4,2026-07-17 16:17:51
83,363,3,2026-07-18 23:07:08
83,701,1,2026-07-23 03:58:26
83,548,4,2026-07-22 23:43:27
83,905,3,2026-08-01 07:16:00
83,100,1,2026-07-28 00:45:37
83,565,2,2026-07-30 14:46:18
83,836,2,2026-08-02 16:38:03
83,286,4,2026-07-21 19:56:56
83,139,1,2026-07-28 00:40:54
83,299,4,2026-07-23 19:59:58
83,108,1,2026-08-12 17:58:36
83,557,3,2026-08-13 18:47:56
83,475,2,2026-08-15 06:04:06
83,48,2,2026-07-22 02:05:35
83,895,2,2026-07-19 15:10:02
83,481,5,2026-08-08 02:49:59
84,508,1,2026-08-10 22:11:46
84,246,4,2026-07-21 17:21:52
84,407,2,2026-07-30 10:00:25
84,461,2,2026-07-24 16:36:06
84,868,5,2026-07-31 00:21:29
84,194,2,2026-08-14 06:40:28
84,266,5,2026-07-21 14:20:26
84,186,1,2026-08-12 00:38:49
84,795,4,2026-08-02 00:51:41
84,78,3,2026-07-22 19:17:03
84,30,4,2026-07-30 03:56:31
84,610,4,2026-07-26 00:26:14
85,70,2,2026-08-06 06:24:46
85,889,3,2026-07-26 13:29:01
85,418,1,2026-07-31 23:51:50
85,203,5,2026-08-05 10:58:22
85,942,2,2026-07-18 02:43:31
85,178,5,2026-08-04 15:32:26
85,721,4,2026-08-11 20:59:43
85,89,5,2026-07-22 06:37:03
85,963,5,2026-07-20 06:43:27
85,802,5,2026-07-31 23:30:00
85,664,4,2026-07-18 13:52:58
86,488,4,2026-07-28 12:09:18
86,957,2,2026-07-21 19:22:11
86,117,4,2026-08-06 00:04:20
86,513,2,2026-07-28 01:41:00
86,506,2,2026-08-06 05:35:15
86,165,4,2026-07-17 21:58:45
86,308,3,2026-08-02 11:28:17
86,870,1,2026-08-08 16:07:17
86,291,1,2026-08-10 17:42:33
86,301,1,2026-08-08 23:13:03
86,539,4,2026-07-22 14:50:29
86,901,3,2026-07-26 22:23:04
87,217,4,2026-07-24 07:11:48
87,182,4,2026-08-12 13:43:02
87,497,3,2026-07-26 12:40:09
87,936,4,2026-08-01 19:41:50
87,730,3,2026-07-16 23:59:08
87,423,4,2026-08-09 00:40:11
87,81,3,2026-08-04 01:40:08
87,76,3,2026-07-22 23:31:55
87,150,5,2026-07-24 06:37:54
87,160,4,2026-07-24 05:20:11
87,544,5,2026-07-31 11:41:54
87,855,2,2026-08-13 03:56:16
87,666,3,2026-07-30 20:55:25
87,491,3,2026-08-13 19:52:47
88,581,4,2026-08-09 09:26:42
88,586,3,2026-08-01 19:32:52
88,173,4,2026-08-10 06:42:24
88,145,1,2026-07-30 05:38:23
88,508,4,2026-07-20 11:16:23
88,104,5,2026-08-11 03:10:53
88,57,4,2026-08-05 03:48:31
88,763,5,2026-07-18 22:24:39
88,957,3,2026-07-28 10:02:00
88,686,4,2026-08-04 00:33:09
88,237,1,2026-08-04 23:35:06
88,539,5,2026-07-24 16:18:21
88,29,4,2026-08-11 15:25:26
88,624,2,2026-08-11 14:29:33
88,818,5,2026-07-24 13:26:50
88,375,4,2026-08-14 05:45:50
88,677,3,2026-07-18 07:22:51
89,587,4,2026-08-07 15:57:05
89,468,3,2026-07-23 06:29:45
89,422,2,2026-08-10 23:16:49
89,640,3,2026-07-18 06:49:35
89,178,4,2026-07-26 11:19:07
89,605,4,2026-07-24 21:28:39
89,84,2,2026-08-02 20:11:55
89,798,5,2026-08-02 04:41:21
89,617,3,2026-07-23 13:42:04
89,626,5,2026-07-21 23:33:53
89,866,4,2026-07-26 14:13:45
89,603,4,2026-08-11 02:59:13
89,530,1,2026-08-04 02:16:05
89,519,3,2026-07-20 15:36:09
89,80,2,2026-07-18 05:55:14
89,978,2,2026-08-10 00:53:25
89,914,2,2026-08-15 05:29:02
90,411,3,2026-07-20 21:20:19
90,962,1,2026-08-11 14:45:16
90,893,4,2026-07-29 16:35:17
90,350,5,2026-08-05 18:32:43
90,183,3,2026-07-22 01:49:18
90,988,4,2026-07-28 06:37:35
90,364,1,2026-08-02 15:05:05
90,869,4,2026-08-06 05:27:48
90,242,5,2026-07-22 18:17:42
90,747,1,2026-07-27 06:34:55
90,704,2,2026-08-09 05:40:28
90,705,2,2026-07-17 14:20:45
90,714,4,2026-08-12 00:51:37
90,889,2,2026-08-10 06:34:28
90,541,1,2026-08-13 09:56:03
90,587,1,2026-07-24 23:26:47
90,729,1,2026-08-05 20:59:09
91,241,5,2026-07-26 09:38:05
91,910,3,2026-08-07 07:22:11
91,402,1,2026-08-14 03:01:19
91,186,4,2026-07-20 18:24:22
91,956,5,2026-08-08 06:14:37
92,66,3,2026-07-21 18:08:43
92,519,5,2026-08-11 08:16:16
92,438,1,2026-08-14 16:36:13
92,832,3,2026-08-09 18:39:13
92,365,5,2026-07-25 23:53:58
92,865,4,2026-07-24 14:50:14
92,115,4,2026-07-18 15:58:29
92,80,1,2026-08-01 20:08:05
92,915,3,2026-07-26 20:01:14
92,857,1,2026-07-23 04:38:08
92,571,3,2026-07-31 17:18:12
92,862,1,2026-07-28 22:09:41
92,591,5,2026-07-21 23:40:07
92,797,3,2026-08-15 07:30:18
93,141,5,2026-08-02 19:33:41
93,30,3,2026-07-31 18:11:52
93,149,2,2026-08-10 01:35:38
93,258,1,2026-07-27 18:14:03
93,501,4,2026-07-30 13:12:25
93,757,3,2026-08-14 21:43:52
93,105,3,2026-08-14 09:31:31
93,871,5,2026-07-23 08:49:11
93,671,2,2026-08-12 09:00:54
93,492,2,2026-08-13 00:29:19
93,312,3,2026-07-31 03:53:11
93,743,2,2026-08-08 14:48:04
93,304,4,2026-08-06 20:28:14
93,559,2,2026-07-25 15:18:26
93,947,3,2026-07-30 23:42:19
94,147,3,2026-07-30 23:14:37
94,920,4,2026-08-02 20:40:07
94,470,1,2026-07-31 10:30:34
94,138,3,2026-08-05 07:58:23
94,112,5,2026-07-27 11:29:23
94,495,5,2026-07-17 03:07:59
94,171,1,2026-08-06 16:32:17
94,369,5,2026-08-15 04:22:38
94,478,4,2026-08-03 15:26:00
94,526,1,2026-08-06 09:53:09
94,331,2,2026-07-26 01:56:52
94,335,3,2026-08-05 03:21:59
94,212,1,2026-08-06 10:16:05
94,730,2,2026-08-07 00:56:39
94,173,2,2026-08-01 16:43:20
94,422,1,2026-08-01 15:45:26
94,650,4,2026-07-27 03:17:44
94,168,2,2026-08-06 01:41:41
95,616,4,2026-08-04 04:47:51
95,733,1,2026-07-23 21:37:01
95,847,1,2026-07-29 22:52:04
95,488,5,2026-07-20 21:44:28
95,600,5,2026-08-02 06:45:25
95,10,4,2026-08-06 16:36:52
95,191,4,2026-07-20 11:04:46
95,460,2,2026-08-15 07:18:36
95,936,4,2026-08-07 03:16:48
95,714,1,2026-08-12 15:08:31
95,99,1,2026-07-25 19:09:24
95,987,3,2026-08-05 17:37:31
95,132,5,2026-08-10 02:57:59
95,948,3,2026-07-20 23:20:46
95,740,3,2026-07-26 15:21:32
95,52,1,2026-08-07 13:42:25
95,713,2,2026-08-06 21:17:09
95,275,1,2026-07-17 08:18:23
95,557,1,2026-08-02 19:26:31
95,701,4,2026-07-18 14:24:10
96,556,2,2026-08-04 18:57:17
96,559,5,2026-08-04 23:56:55
96,879,3,2026-08-12 10:45:17
96,262,2,2026-07-25 21:47:31
96,703,3,2026-07-24 19:42:08
96,500,1,2026-07-31 17:56:58
96,923,5,2026-07-21 17:17:13
96,686,3,2026-08-08 10:08:02
96,116,5,2026-08-04 14:29:59
96,833,2,2026-08-03 05:57:50
96,59,1,2026-07-27 14:15:36
96,973,1,2026-07-20 17:19:17
96,53,2,2026-08-07 18:41:41
96,668,1,2026-07-25 00:45:44
96,342,5,2026-08-05 13:49:30
96,937,1,2026-07-19 13:15:31
96,106,4,2026-08-08 12:03:26
96,36,3,2026-07-28 00:44:47
96,661,2,2026-08-06 17:56:13
97,397,4,2026-07-21 08:50:20
97,712,3,2026-07-26 20:13:06
97,290,4,2026-08-09 16:54:12
97,996,2,2026-07-21 03:50:01
97,27,3,2026-08-10 08:37:27
97,954,1,2026-07-21 20:55:33
97,912,3,2026-07-26 07:01:20
97,855,3,2026-08-14 12:59:22
97,514,5,2026-07-23 04:37:34
97,535,5,2026-07-30 17:20:44
97,844,2,2026-08-01 13:07:43
97,716,4,2026-07-24 01:36:42
97,808,2,2026-07-30 18:08:36
97,638,5,2026-07-30 07:08:44
97,4,5,2026-07-27 00:38:08
98,601,5,2026-07-21 08:23:50
98,520,5,2026-08-05 15:08:21
98,604,5,2026-08-05 23:20:58
98,917,4,2026-07-22 12:18:00
98,931,4,2026-08-05 10:35:52
99,369,2,2026-07-18 07:08:29
99,971,5,2026-07-19 12:52:00
99,591,3,2026-08-03 20:24:02
99,821,1,2026-07-19 16:44:02
99,75,2,2026-07-30 06:58:57
99,405,2,2026-08-15 03:11:13
99,812,4,2026-08-15 08:30:32
99,466,4,2026-07-20 10:08:13
99,352,1,2026-07-27 04:50:35
99,984,4,2026-08-08 09:31:48
99,240,1,2026-07-29 00:23:39
99,386,2,2026-07-23 01:39:59
99,133,2,2026-07-27 07:44:23
99,757,2,2026-08-03 09:10:04
99,537,2,2026-08-04 09:01:54
100,50,4,2026-08-09 23:42:07
100,889,4,2026-08-13 19:06:08
100,269,3,2026-07-16 23:32:16
100,614,3,2026-08-11 03:46:14
100,355,1,2026-07-21 16:20:44
100,680,3,2026-08-01 01:01:21
100,409,5,2026-07-30 04:56:14
100,738,4,2026-07-30 22:50:37
100,354,4,2026-08-15 03:21:49
100,502,3,2026-08-05 07:42:25
100,10,5,2026-07-18 23:06:54
100,386,1,2026-08-04 22:16:16
100,135,4,2026-08-13 06:10:15
101,795,2,2026-07-22 01:12:16
101,275,3,2026-07-21 09:21:01
101,963,1,2026-07-25 03:44:59
101,866,1,2026-07-24 12:54:52
101,572,5,2026-08-07 23:58:17
101,52,4,2026-08-08 19:50:47
101,17,5,2026-08-10 19:04:08
101,556,5,2026-08-08 14:05:44
101,704,4,2026-08-13 18:41:46
101,353,1,2026-08-09 02:33:53
101,593,5,2026-08-10 16:23:53
101,365,2,2026-08-14 22:18:02
102,794,4,2026-07-20 06:24:49
102,374,3,2026-08-13 04:32:10
102,992,1,2026-07-26 17:33:02
102,899,1,2026-08-13 15:45:38
102,352,5,2026-08-10 16:35:10
102,759,4,2026-07-21 13:52:51
102,491,3,2026-07-22 16:03:16
102,343,2,2026-08-12 21:15:24
102,2,5,2026-08-04 15:10:50
102,614,2,2026-08-10 15:24:11
102,500,5,2026-08-13 19:09:04
102,699,3,2026-08-14 19:21:43
102,24,2,2026-07-26 10:27:19
102,850,1,2026-08-03 10:35:58
102,290,5,2026-08-06 11:24:14
102,902,4,2026-07-20 12:36:20
102,35,1,2026-07-19 05:50:24
103,31,5,2026-08-11 13:52:35
103,793,1,2026-08-07 00:08:42
103,222,5,2026-07-28 01:21:51
103,78,5,2026-08-03 23:07:01
103,142,1,2026-08-06 11:24:24
103,248,5,2026-07-31 22:04:30
103,689,5,2026-08-05 02:10:35
103,63,5,2026-07-27 03:54:40
103,619,3,2026-07-18 15:26:33
103,950,3,2026-07-20 10:06:09
104,842,3,2026-07-26 06:07:07
104,504,2,2026-07-25 06:05:32
104,239,1,2026-08-13 02:18:08
104,366,5,2026-07-30 01:19:29
104,916,2,2026-08-14 18:53:29
104,278,2,2026-07-27 21:19:05
104,983,4,2026-08-02 04:38:55
104,692,5,2026-08-07 17:53:43
104,746,1,2026-07-24 23:00:07
104,508,4,2026-07-29 18:41:14
104,491,4,2026-07-30 11:15:35
104,293,5,2026-08-13 23:48:35
104,187,5,2026-07-19 08:25:53
104,852,2,2026-08-12 08:05:32
104,78,5,2026-07-23 13:27:50
104,938,4,2026-07-16 16:55:51
104,598,5,2026-07-19 21:07:40
104,107,3,2026-07-24 20:17:01
105,325,4,2026-08-08 09:58:36
105,775,5,2026-08-05 11:44:37
105,744,1,2026-08-13 01:26:34
105,412,5,2026-07-23 15:19:04
105,615,1,2026-07-22 14:31:32
105,758,5,2026-08-12 12:30:49
105,358,5,2026-07-24 06:15:40
105,735,2,2026-08-01 12:01:50
105,131,1,2026-07-29 22:48:20
105,232,1,2026-08-13 19:06:20
105,261,2,2026-08-13 04:48:59
105,130,4,2026-07-22 13:49:00
105,104,2,2026-07-26 14:09:04
105,881,2,2026-08-11 20:48:53
106,408,4,2026-08-11 22:02:51
106,576,4,2026-07-27 21:33:43
106,80,3,2026-07-24 00:26:16
106,382,1,2026-07-31 07:22:31
106,258,5,2026-08-12 05:37:39
106,509,3,2026-07-22 01:34:09
106,643,2,2026-08-04 12:17:54
106,771,2,2026-08-09 07:01:26
106,546,1,2026-08-13 12:45:11
106,561,2,2026-07-17 09:36:05
106,733,5,2026-07-31 16:13:41
106,735,4,2026-07-31 16:51:12
106,832,1,2026-08-05 05:13:05
106,116,5,2026-07-28 08:00:13
107,923,2,2026-08-07 10:22:01
107,693,5,2026-07-26 04:39:31
107,375,2,2026-07-26 05:56:02
107,477,1,2026-08-11 00:45:38
107,199,3,2026-08-04 11:24:48
107,175,4,2026-07-24 14:02:13
107,444,3,2026-08-06 00:13:45
107,504,1,2026-07-21 17:23:38
107,126,4,2026-08-08 19:24:38
107,948,4,2026-08-06 20:20:31
108,892,5,2026-07-19 01:26:55
108,816,2,2026-07-17 16:31:13
108,537,5,2026-08-02 23:31:34
108,261,3,2026-08-06 07:57:39
108,858,4,2026-07-23 19:28:48
108,963,3,2026-07-22 05:59:52
108,618,1,2026-07-23 20:35:30
108,747,3,2026-08-05 16:03:48
108,897,5,2026-07-27 06:01:49
108,235,1,2026-08-14 03:58:11
108,1,5,2026-07-21 03:45:03
108,72,5,2026-08-13 00:28:47
109,324,3,2026-08-01 18:22:43
109,228,2,2026-07-24 06:46:42
109,667,3,2026-07-24 12:32:51
109,42,2,2026-08-11 02:50:27
109,221,3,2026-08-10 01:33:07
109,635,3,2026-08-10 00:29:13
109,655,4,2026-07-20 21:43:11
109,362,4,2026-08-14 14:14:13
109,536,4,2026-07-28 02:28:41
109,504,2,2026-08-05 09:22:48
109,482,5,2026-07-31 08:32:23
109,426,1,2026-07-18 07:19:01
109,664,4,2026-08-06 03:56:39
109,357,5,2026-08-07 02:51:38
109,825,4,2026-08-05 03:10:58
109,65,5,2026-08-07 21:35:33
110,112,1,2026-07-28 08:29:33
110,820,3,2026-08-10 23:48:11
110,369,3,2026-07-25 02:29:04
110,195,5,2026-08-10 10:28:10
110,829,3,2026-07-17 01:35:50
110,843,5,2026-07-29 06:21:58
110,172,2,2026-08-07 05:42:56
110,671,3,2026-07-28 11:06:19
110,618,2,2026-07-29 03:13:39
110,446,4,2026-08-02 14:06:28
111,212,4,2026-08-08 06:40:33
111,296,2,2026-07-24 17:18:19
111,835,5,2026-08-06 22:02:19
111,244,2,2026-07-28 19:57:46
111,765,3,2026-07-22 09:10:29
111,154,5,2026-07-18 05:52:35
111,580,2,2026-07-21 02:09:49
111,400,3,2026-07-21 15:43:09
111,254,4,2026-08-01 07:07:13
111,893,3,2026-08-07 15:10:12
111,515,2,2026-07-29 00:40:53
111,698,1,2026-07-30 17:52:14
111,916,3,2026-08-03 18:58:38
111,530,2,2026-08-12 02:01:27
111,666,4,2026-08-09 14:08:11
111,891,2,2026-08-14 12:23:28
111,268,4,2026-08-04 22:40:36
111,590,5,2026-07-23 14:42:30
111,478,5,2026-08-14 17:39:50
112,879,3,2026-07-24 17:12:16
112,741,5,2026-08-09 05:59:41
112,860,3,2026-07-28 03:29:41
112,745,5,2026-07-23 00:44:00
112,76,3,2026-08-12 01:15:58
112,880,1,2026-08-04 15:48:07
112,639,4,2026-08-09 05:45:41
112,289,3,2026-08-06 12:56:11
112,24,5,2026-07-26 23:20:05
112,663,3,2026-07-21 21:46:36
112,314,2,2026-07-21 17:53:31
112,493,2,2026-07-25 19:22:22
113,760,2,2026-07-20 14:08:24
113,497,4,2026-08-06 12:56:13
113,815,2,2026-08-10 05:48:52
113,146,1,2026-08-06 02:54:40
113,606,5,2026-07-23 12:02:59
113,489,2,2026-08-01 02:15:57
113,112,4,2026-07-27 20:34:26
113,22,3,2026-08-03 20:48:09
113,230,3,2026-07-20 16:50:39
113,397,5,2026-08-03 07:15:27
113,575,1,2026-07-26 23:25:47
113,775,3,2026-07-30 16:04:44
113,16,5,2026-07-25 13:23:17
113,200,4,2026-07-18 22:53:49
113,567,2,2026-08-06 11:37:14
113,188,1,2026-08-07 04:42:16
113,235,4,2026-08-04 08:17:08
113,978,2,2026-07-28 05:54:50
113,436,5,2026-08-04 12:22:26
113,305,3,2026-07-30 22:22:11
114,716,4,2026-08-05 03:42:31
114,493,4,2026-07-19 06:54:28
114,98,4,2026-08-06 22:12:06
114,534,3,2026-08-03 07:16:25
114,778,5,2026-07-29 13:40:08
114,572,3,2026-08-11 22:53:13
114,401,2,2026-08-03 09:28:46
114,15,3,2026-08-05 08:09:28
114,989,2,2026-08-11 15:54:44
114,526,3,2026-08-08 23:25:16
115,402,1,2026-08-12 03:02:27
115,428,1,2026-07-27 18:03:47
115,857,1,2026-08-04 05:47:03
115,224,5,2026-07-27 19:09:36
115,205,5,2026-08-15 07:12:51
116,147,3,2026-08-09 05:27:48
116,616,1,2026-07-31 17:42:34
116,895,3,2026-08-03 08:54:05
116,825,4,2026-07-18 13:08:11
116,264,5,2026-07-30 00:15:25
116,390,5,2026-07-30 16:32:43
116,704,4,2026-07-16 22:56:30
116,897,2,2026-08-09 19:38:01
116,935,4,2026-07-17 01:41:51
116,14,5,2026-08-09 06:12:38
116,985,3,2026-08-05 08:07:21
116,162,5,2026-07-17 07:44:12
116,701,1,2026-07-21 10:39:05
116,648,4,2026-07-24 13:39:32
116,30,1,2026-08-08 19:05:31
116,455,4,2026-07-26 21:48:35
116,885,4,2026-08-11 01:08:19
117,573,3,2026-08-10 18:15:44
117,975,2,2026-07-31 12:36:11
117,645,4,2026-07-31 01:19:12
117,944,3,2026-08-14 04:53:48
117,590,4,2026-08-07 00:51:11
117,591,3,2026-07-28 14:31:53
117,143,4,2026-07-19 17:04:13
117,815,5,2026-08-11 21:19:10
117,43,4,2026-08-10 10:20:33
118,640,2,2026-07-21 09:13:33
118,368,1,2026-07-30 00:29:00
118,693,1,2026-08-13 14:18:43
118,963,1,2026-07-17 07:35:52
118,481,3,2026-07-16 16:56:45
118,622,2,2026-07-26 07:06:12
118,456,3,2026-08-06 20:35:05
118,369,4,2026-08-05 20:37:28
118,989,2,2026-07-17 18:51:25
118,522,4,2026-08-11 06:32:09
118,283,5,2026-07-22 03:07:54
118,821,5,2026-07-24 17:52:23
118,545,5,2026-08-13 20:14:08
118,847,2,2026-08-14 08:03:44
118,608,3,2026-08-11 13:22:48
119,542,2,2026-07-27 07:25:18
119,992,3,2026-08-15 08:02:13
119,341,3,2026-07-22 01:42:03
119,777,1,2026-07-29 16:15:03
119,167,5,2026-07-24 16:21:15
119,713,4,2026-07-30 19:10:04
119,592,2,2026-08-15 00:01:53
119,735,3,2026-07-28 14:15:01
119,834,4,2026-07-19 15:47:10
119,223,1,2026-08-09 09:17:27
119,765,4,2026-07-23 20:20:22
119,191,4,2026-08-02 06:42:57
119,672,3,2026-07-24 11:19:01
119,447,5,2026-07-26 09:24:00
119,544,2,2026-08-02 12:53:44
119,152,4,2026-07-24 20:02:47
119,703,2,2026-08-11 11:20:20
119,319,3,2026-08-11 15:54:11
120,679,1,2026-07-29 22:48:15
120,83,5,2026-08-06 23:36:15
120,204,5,2026-08-12 19:49:14
120,891,4,2026-08-02 14:01:04
120,197,2,2026-08-09 22:33:00
120,503,4,2026-08-12 19:35:59
120,812,5,2026-07-18 05:29:21
120,47,2,2026-07-22 18:01:38
120,43,4,2026-07-28 21:38:57
120,231,2,2026-07-19 16:09:08
120,267,5,2026-07-25 00:58:07
120,756,5,2026-07-19 22:27:29
120,415,2,2026-07-24 05:35:58
120,250,1,2026-08-14 21:00:57
120,650,4,2026-07-18 14:45:01
120,612,5,2026-08-02 11:40:03
120,872,4,2026-07-17 08:03:56
120,494,3,2026-07-26 23:25:45
121,258,5,2026-07-27 14:04:29
121,812,1,2026-08-10 04:22:57
121,670,3,2026-08-13 14:13:18
121,929,4,2026-07-29 15:36:02
121,496,5,2026-07-17 19:24:35
121,170,2,2026-08-08 05:13:14
121,143,3,2026-07-18 05:12:04
121,623,4,2026-07-19 16:08:32
121,528,5,2026-07-18 04:17:21
121,994,4,2026-08-12 05:01:08
121,603,1,2026-08-13 02:47:24
121,340,5,2026-07-17 01:29:07
121,272,3,2026-08-13 05:10:23
121,995,3,2026-07-26 06:19:22
121,782,5,2026-08-05 13:29:20
121,153,4,2026-08-06 21:55:41
121,266,3,2026-07-26 06:32:08
122,945,5,2026-08-06 08:32:45
122,776,2,2026-07-18 22:00:26
122,452,5,2026-08-03 07:28:02
122,555,3,2026-07-29 07:42:25
122,924,5,2026-07-18 14:41:24
122,528,4,2026-08-02 18:39:09
122,476,2,2026-07-17 02:57:01
122,203,4,2026-07-29 05:15:18
122,805,3,2026-07-18 19:26:33
123,758,2,2026-08-09 22:32:01
123,606,3,2026-08-03 02:40:05
123,933,2,2026-07-27 02:44:04
123,902,5,2026-08-09 11:53:28
123,294,1,2026-08-07 18:07:11
123,16,2,2026-07-19 17:32:01
123,395,1,2026-07-29 13:14:09
123,773,5,2026-08-10 12:12:48
124,891,4,2026-08-09 09:28:41
124,87,1,2026-08-09 11:44:58
124,952,5,2026-07-18 05:59:21
124,427,4,2026-07-24 13:03:38
124,101,3,2026-08-14 09:58:54
124,735,5,2026-08-01 00:39:34
124,858,3,2026-08-06 04:48:41
124,485,2,2026-08-14 03:50:43
124,969,2,2026-07-19 01:43:59
124,22,2,2026-08-08 10:07:34
124,972,2,2026-07-29 21:00:47
124,542,2,2026-07-20 07:31:11
124,907,2,2026-08-02 20:33:49
124,570,5,2026-08-12 00:00:51
125,849,4,2026-08-02 22:14:18
125,400,5,2026-08-01 03:44:50
125,338,5,2026-07-26 08:07:14
125,476,3,2026-07-23 18:30:04
125,678,3,2026-08-02 04:15:09
125,329,4,2026-07-22 12:14:35
125,757,5,2026-08-14 00:21:06
125,78,1,2026-08-03 13:59:59
125,973,2,2026-07-24 22:33:06
125,573,3,2026-08-05 20:30:19
125,635,3,2026-08-06 03:07:30
125,871,5,2026-07-23 21:34:50
125,833,2,2026-07-22 03:14:08
125,128,5,2026-07-20 07:45:15
125,9,1,2026-08-12 19:52:10
125,949,1,2026-07-17 08:25:47
125,589,3,2026-08-11 20:08:13
125,469,3,2026-08-02 18:55:30
125,750,3,2026-08-14 06:27:19
126,161,3,2026-08-14 15:29:42
126,765,4,2026-07-24 15:28:37
126,175,5,2026-08-01 08:01:17
126,93,4,2026-08-14 09:43:54
126,669,5,2026-08-06 09:59:36
127,290,3,2026-07-26 09:36:32
127,46,2,2026-08-10 23:05:29
127,95,4,2026-08-09 11:37:21
127,886,2,2026-08-12 16:47:35
127,405,2,2026-08-10 17:00:28
127,875,3,2026-08-08 00:09:11
127,771,4,2026-08-12 10:00:31
127,567,1,2026-08-08 04:30:33
127,407,3,2026-08-11 14:16:14
127,499,5,2026-08-09 19:09:34
127,123,5,2026-07-21 07:31:23
127,152,1,2026-08-08 08:18:53
127,401,2,2026-07-28 14:56:13
127,208,4,2026-08-03 10:37:57
127,301,4,2026-08-15 13:34:46
127,657,3,2026-08-13 07:16:11
127,57,4,2026-08-06 21:25:49
127,413,1,2026-07-21 10:08:27
128,38,5,2026-07-21 02:23:04
128,289,5,2026-07-28 12:32:52
128,708,4,2026-07-29 02:51:11
128,261,3,2026-07-27 05:16:42
128,696,4,2026-07-23 00:19:17
128,328,3,2026-08-12 03:26:52
128,541,3,2026-07-25 22:53:09
128,170,1,2026-08-08 20:25:43
128,555,1,2026-07-22 01:21:37
129,141,5,2026-07-28 07:47:41
129,219,4,2026-07-25 11:45:32
129,302,2,2026-08-02 00:18:33
129,253,1,2026-07-26 11:03:01
129,647,1,2026-07-20 10:57:58
129,576,4,2026-08-11 20:47:10
129,384,4,2026-08-10 13:44:33
129,159,2,2026-08-02 08:17:25
129,861,1,2026-08-04 01:07:01
129,262,2,2026-08-04 18:57:16
129,943,5,2026-07-28 18:04:49
129,518,3,2026-07-19 07:58:22
130,881,3,2026-08-08 09:01:21
130,470,2,2026-07-27 04:37:11
130,265,3,2026-08-04 20:50:34
130,21,3,2026-08-15 02:03:24
130,74,2,2026-08-02 07:43:04
130,914,4,2026-08-15 00:45:34
130,415,2,2026-08-08 09:30:00
130,457,4,2026-07-28 12:37:40
130,796,4,2026-08-02 14:39:53
130,62,2,2026-07-23 02:50:13
130,207,5,2026-08-04 21:29:42
130,724,2,2026-08-15 11:48:43
130,647,5,2026-08-12 08:39:08
130,773,3,2026-07-19 17:31:27
131,20,4,2026-07-28 18:24:59
131,606,3,2026-07-23 10:10:45
131,801,5,2026-07-25 13:08:38
131,93,5,2026-07-29 02:23:17
131,437,1,2026-07-23 22:57:18
131,371,4,2026-08-11 06:45:04
131,759,1,2026-07-22 16:13:47
131,849,3,2026-08-12 04:12:38
131,898,3,2026-07-24 19:45:27
131,405,5,2026-08-01 17:03:07
131,139,1,2026-07-19 09:46:33
131,541,3,2026-08-08 07:30:18
131,257,3,2026-07-24 11:35:53
131,709,5,2026-08-14 23:11:20
131,701,2,2026-07-19 18:11:40
131,546,1,2026-08-08 23:59:20
131,347,1,2026-07-27 18:17:49
132,101,2,2026-08-02 20:21:23
132,215,1,2026-07-21 23:22:32
132,182,4,2026-07-19 23:22:01
132,460,3,2026-07-27 14:38:47
132,911,4,2026-08-13 01:05:42
132,354,1,2026-07-26 00:12:00
132,110,2,2026-07-23 16:53:19
132,503,2,2026-07-20 23:19:37
132,956,2,2026-07-24 13:48:18
132,784,5,2026-08-02 22:12:53
132,682,1,2026-07-24 09:54:31
132,208,3,2026-08-10 16:12:44
133,41,1,2026-08-11 11:46:40
133,625,3,2026-07-24 07:34:46
133,51,1,2026-08-11 22:15:41
133,335,1,2026-07-25 12:03:16
133,179,1,2026-08-07 01:55:19
133,27,5,2026-07-20 16:44:32
133,355,3,2026-07-20 10:58:06
133,570,4,2026-08-11 03:03:51
133,708,3,2026-08-12 17:07:16
133,388,1,2026-08-07 16:31:00
133,839,1,2026-08-13 00:06:00
133,735,5,2026-08-08 16:17:59
133,439,3,2026-07-29 00:59:36
134,729,4,2026-08-06 14:44:38
134,32,5,2026-08-15 01:26:09
134,392,2,2026-08-13 23:24:27
134,531,5,2026-08-01 14:59:48
134,472,2,2026-08-08 04:09:58
134,553,2,2026-07-24 15:36:20
134,451,4,2026-07-26 12:11:06
134,584,3,2026-08-10 17:41:14
134,169,5,2026-08-08 09:24:56
134,108,2,2026-07-17 20:18:07
134,40,3,2026-08-10 22:06:28
134,744,5,2026-07-31 17:24:41
134,971,1,2026-07-25 00:37:38
134,776,4,2026-08-02 15:58:40
134,941,5,2026-08-04 02:37:42
135,855,3,2026-07-24 17:05:52
135,654,1,2026-08-15 02:20:16
135,817,1,2026-07-18 03:13:04
135,64,4,2026-07-21 01:01:30
135,797,3,2026-08-03 11:35:37
135,84,2,2026-08-04 18:23:25
135,675,1,2026-07-29 17:58:31
135,991,2,2026-07-23 02:53:07
135,355,3,2026-07-22 05:23:48
135,186,2,2026-07-19 16:46:27
135,620,2,2026-08-14 12:53:21
135,769,5,2026-08-14 14:21:28
135,913,5,2026-07-27 14:00:01
135,720,4,2026-07-30 00:50:11
135,413,5,2026-07-24 03:08:33
135,145,4,2026-07-24 16:41:02
135,457,5,2026-07-28 18:29:56
135,819,5,2026-07-30 11:00:35
135,139,1,2026-08-07 08:37:37
135,586,4,2026-08-12 18:24:10
136,787,5,2026-07-24 10:28:41
136,250,5,2026-08-04 01:44:46
136,458,2,2026-07-20 16:44:38
136,378,3,2026-08-04 00:34:02
136,27,4,2026-07-25 09:22:07
136,367,2,2026-08-01 14:35:52
136,844,1,2026-08-01 06:36:18
136,164,2,2026-07-21 16:42:36
136,775,5,2026-07-23 06:08:51
136,263,1,2026-08-02 00:00:02
136,879,2,2026-07-17 22:18:40
136,594,3,2026-07-31 06:58:49
136,326,1,2026-07-26 10:01:52
136,321,5,2026-08-02 00:30:01
136,732,4,2026-07-20 20:18:07
137,547,2,2026-07-25 06:36:38
137,300,1,2026-07-17 20:06:50
137,337,4,2026-08-04 13:16:00
137,305,5,2026-08-11 02:44:33
137,844,3,2026-08-07 01:55:11
137,664,5,2026-07-20 16:47:33
137,849,5,2026-08-11 04:10:52
137,938,4,2026-07-19 18:57:16
137,526,5,2026-07-18 01:52:23
137,67,2,2026-07-24 06:28:40
137,332,4,2026-07-18 05:25:59
137,376,2,2026-07-25 20:42:56
137,856,3,2026-08-10 09:12:37
137,176,3,2026-07-26 21:39:14
137,22,5,2026-07-24 18:15:30
138,54,5,2026-08-08 05:07:24
138,347,4,2026-08-12 07:50:13
138,482,1,2026-07-20 22:08:28
138,222,5,2026-08-15 08:23:25
138,9,2,2026-08-09 15:53:22
138,381,5,2026-08-09 07:18:27
139,264,3,2026-08-07 06:17:53
139,128,4,2026-07-26 13:08:29
139,896,1,2026-08-10 05:00:35
139,510,3,2026-08-12 03:31:26
139,944,5,2026-08-12 18:48:57
139,273,4,2026-08-10 08:39:59
139,796,5,2026-08-14 05:20:05
139,652,1,2026-07-27 05:40:23
139,59,1,2026-08-11 09:47:42
139,113,1,2026-07-22 16:39:03
139,809,1,2026-07-22 22:37:11
139,682,4,2026-08-01 07:46:45
139,233,5,2026-07-27 23:49:59
139,497,2,2026-07-26 07:36:26
139,747,2,2026-08-10 20:18:48
139,911,5,2026-07-30 08:48:20
140,23,1,2026-07-22 15:18:11
140,267,5,2026-08-05 07:24:23
140,489,1,2026-08-11 21:50:46
140,640,3,2026-07-30 20:47:14
140,393,5,2026-08-09 01:37:30
140,484,4,2026-08-02 20:41:58
140,519,2,2026-07-30 03:30:18
140,82,1,2026-08-15 00:24:31
140,350,5,2026-07-25 14:23:49
140,52,4,2026-08-09 20:51:13
140,521,1,2026-08-04 08:48:03
140,283,1,2026-07-19 05:12:53
140,102,3,2026-07-31 15:34:19
140,530,2,2026-08-11 18:02:30
140,575,1,2026-08-10 18:29:56
141,644,2,2026-07-29 03:37:33
141,540,2,2026-08-13 17:09:22
141,720,3,2026-08-02 01:20:30
141,609,2,2026-08-07 16:54:44
141,273,1,2026-08-03 18:47:32
141,126,1,2026-07-24 15:27:37
141,718,4,2026-07-18 09:20:14
141,485,1,2026-07-24 20:33:01
141,823,5,2026-08-13 03:42:59
141,916,4,2026-08-09 06:25:03
141,159,1,2026-07-23 09:13:29
141,52,5,2026-07-19 18:51:15
141,127,2,2026-08-11 15:32:49
141,282,1,2026-07-19 10:13:44
141,444,5,2026-07-17 21:21:12
142,267,4,2026-07-20 16:47:54
142,47,3,2026-07-27 13:12:09
142,185,5,2026-07-28 09:11:29
142,651,5,2026-08-11 15:00:34
142,668,4,2026-07-23 14:51:19
142,631,5,2026-07-20 04:25:37
142,209,3,2026-08-06 22:52:14
142,896,4,2026-08-13 07:05:04
142,341,2,2026-07-26 16:08:17
142,846,2,2026-08-09 13:28:30
142,500,1,2026-07-21 17:54:25
142,877,2,2026-08-11 09:27:20
142,103,3,2026-08-15 08:51:37
142,822,4,2026-08-09 08:21:14
142,464,1,2026-07-24 14:57:49
142,78,1,2026-07-31 20:36:06
143,443,2,2026-07-29 17:32:35
143,973,3,2026-07-26 17:04:32
143,102,5,2026-07-27 06:07:49
143,720,1,2026-07-23 01:40:01
143,320,5,2026-07-26 23:55:07
143,943,3,2026-07-22 09:07:43
143,444,1,2026-07-18 05:12:54
143,410,4,2026-07-30 08:28:49
144,329,2,2026-08-02 08:30:53
144,605,3,2026-07-20 09:08:05
144,126,4,2026-07-24 06:20:34
144,69,3,2026-08-02 14:19:07
144,80,2,2026-07-31 09:39:39
144,66,4,2026-07-18 18:53:12
144,964,5,2026-07-29 10:27:56
144,420,3,2026-07-28 17:34:05
144,319,2,2026-08-13 07:50:12
144,687,1,2026-07-22 01:13:07
144,678,2,2026-08-05 12:58:53
144,400,1,2026-08-01 04:23:53
144,888,3,2026-08-12 08:24:47
144,623,4,2026-08-05 08:08:15
144,105,4,2026-08-12 15:12:06
144,133,4,2026-08-09 12:57:32
144,381,4,2026-07-22 22:48:57
144,916,3,2026-07-26 17:07:29
145,374,4,2026-08-10 22:00:46
145,121,3,2026-07-24 03:15:27
145,69,4,2026-08-11 16:50:57
145,775,1,2026-08-09 08:34:07
145,976,2,2026-07-23 17:14:02
145,741,1,2026-07-23 10:57:34
145,194,1,2026-08-13 12:57:53
145,394,5,2026-07-20 18:20:59
145,422,1,2026-08-13 05:48:41
145,842,1,2026-08-06 14:17:58
145,274,1,2026-08-02 04:08:26
145,214,3,2026-08-13 04:11:25
145,370,5,2026-07-27 22:59:26
145,512,4,2026-07-22 17:31:16
145,80,2,2026-08-07 04:01:59
146,928,5,2026-08-11 22:06:37
146,120,2,2026-07-29 17:36:24
146,538,1,2026-08-13 00:43:30
146,749,2,2026-08-15 14:33:02
146,653,5,2026-07-24 05:33:20
146,679,3,2026-08-11 20:07:20
146,547,3,2026-07-23 14:13:02
146,976,5,2026-08-08 11:00:06
146,970,1,2026-07-16 21:50:23
146,533,5,2026-08-15 07:51:01
146,702,2,2026-08-12 15:30:13
146,412,4,2026-08-03 12:39:50
146,350,4,2026-07-21 06:30:08
146,726,4,2026-08-02 07:26:42
147,671,2,2026-07-20 11:08:49
147,684,2,2026-08-06 13:51:58
147,596,4,2026-07-30 02:59:14
147,862,1,2026-08-07 03:02:30
147,284,2,2026-07-22 04:40:01
147,448,2,2026-07-18 08:38:05
147,518,4,2026-08-07 00:13:20
147,401,2,2026-08-08 19:39:18
148,853,2,2026-07-30 06:07:55
148,714,1,2026-08-07 20:26:46
148,855,2,2026-07-30 14:38:36
148,715,2,2026-08-13 19:36:14
148,183,3,2026-08-15 09:50:55
148,254,3,2026-08-14 11:43:16
148,584,3,2026-07-19 15:25:24
148,897,5,2026-07-16 15:51:48
148,79,5,2026-08-01 16:46:28
149,499,4,2026-07-17 18:32:33
149,152,2,2026-08-06 07:43:43
149,531,5,2026-08-14 00:58:10
149,65,2,2026-08-11 10:12:28
149,195,5,2026-07-29 05:47:40
149,91,4,2026-08-12 08:05:34
149,418,4,2026-07-21 08:37:04
149,536,1,2026-08-08 18:06:35
149,527,2,2026-08-11 06:03:51
150,47,1,2026-08-12 08:18:57
150,641,5,2026-08-14 16:32:00
150,336,3,2026-08-07 12:03:12
150,54,4,2026-07-27 17:02:17
150,774,2,2026-08-14 20:34:33
150,941,3,2026-08-04 08:51:31
151,661,5,2026-07-22 13:15:16
151,769,1,2026-07-26 15:20:42
151,391,2,2026-08-06 01:03:37
151,183,5,2026-08-09 22:44:57
151,871,3,2026-07-26 16:08:41
151,928,1,2026-07-20 04:21:11
151,910,2,2026-08-07 23:31:23
151,395,2,2026-07-19 22:22:05
151,8,3,2026-07-27 03:31:08
151,586,4,2026-07-20 17:35:21
151,323,4,2026-07-18 00:25:43
152,639,4,2026-08-05 09:15:49
152,417,3,2026-08-02 00:47:16
152,352,2,2026-08-05 17:36:20
152,876,3,2026-07-18 13:19:20
152,659,5,2026-07-31 04:39:12
152,384,3,2026-07-28 08:05:15
152,538,4,2026-07-30 19:37:15
152,699,5,2026-07-31 22:11:16
152,549,5,2026-07-22 01:23:07
153,645,2,2026-07-29 09:52:49
153,330,5,2026-08-15 10:32:24
153,413,2,2026-08-14 20:50:35
153,331,4,2026-07-25 15:03:43
153,428,3,2026-07-19 06:56:34
153,734,2,2026-07-27 17:21:58
153,760,1,2026-08-03 15:19:44
153,167,5,2026-07-18 22:43:06
153,557,2,2026-07-19 17:02:14
153,84,1,2026-08-03 21:31:31
153,408,3,2026-08-12 18:20:19
153,290,1,2026-08-09 15:12:40
153,427,5,2026-07-16 23:29:05
153,861,3,2026-08-12 06:13:40
153,112,5,2026-07-16 16:11:23
153,712,2,2026-08-12 04:10:48
153,280,2,2026-08-03 12:53:25
153,571,1,2026-07-27 17:01:01
153,245,5,2026-07-22 16:48:12
154,272,5,2026-07-30 12:53:03
154,387,3,2026-08-15 10:27:52
154,120,1,2026-08-10 14:04:31
154,644,1,2026-07-23 20:33:35
154,167,2,2026-08-10 03:05:04
154,532,4,2026-07-27 16:38:28
154,710,4,2026-07-22 00:29:45
154,561,4,2026-07-17 19:36:26
154,187,4,2026-08-12 23:34:36
154,24,5,2026-07-24 11:28:29
154,766,4,2026-08-09 10:50:37
155,86,2,2026-07-23 13:12:38
155,302,3,2026-07-30 17:34:47
155,618,4,2026-07-27 18:21:30
155,22,5,2026-07-22 17:41:49
155,874,4,2026-07-19 02:07:17
155,259,2,2026-07-24 00:21:43
156,180,1,2026-07-29 17:23:04
156,901,2,2026-08-14 09:45:50
156,978,1,2026-08-05 11:43:17
156,633,4,2026-07-19 03:31:22
156,383,1,2026-07-19 14:30:20
156,722,1,2026-07-25 23:17:01
156,951,5,2026-07-24 02:41:51
156,960,2,2026-07-27 19:07:55
156,544,4,2026-07-27 13:04:17
156,911,2,2026-07-22 21:05:33
157,798,3,2026-07-24 09:22:25
157,212,1,2026-07-28 10:25:19
157,535,1,2026-07-24 13:33:35
157,137,2,2026-07-30 12:57:19
157,692,1,2026-07-18 15:38:22
157,612,3,2026-08-10 15:47:36
157,729,5,2026-08-01 02:21:24
158,579,2,2026-07-26 12:20:39
158,235,2,2026-08-01 02:24:42
158,75,3,2026-07-21 16:14:53
158,875,4,2026-08-08 20:13:53
158,584,2,2026-07-28 14:28:07
158,960,1,2026-08-04 19:01:31
158,946,1,2026-08-07 06:37:52
158,280,3,2026-08-02 13:56:05
158,104,1,2026-08-06 06:50:57
158,433,1,2026-08-07 17:19:29
158,478,5,2026-08-06 21:04:11
158,18,2,2026-07-27 14:52:31
158,332,1,2026-08-04 22:27:56
158,680,3,2026-08-06 09:03:29
158,45,2,2026-07-17 08:17:30
158,847,2,2026-08-13 23:01:37
158,477,5,2026-08-15 09:07:58
158,402,5,2026-07-20 07:24:58
158,322,2,2026-07-20 01:46:50
158,634,4,2026-07-20 10:18:26
159,161,3,2026-07-29 16:46:07
159,526,3,2026-07-21 20:16:22
159,627,4,2026-07-20 17:35:48
159,725,1,2026-08-14 09:55:47
159,178,3,2026-08-14 20:40:06
159,386,2,2026-08-09 22:38:37
159,412,4,2026-08-01 02:31:59
159,332,2,2026-08-13 18:40:39
159,918,5,2026-07-21 00:02:50
159,205,5,2026-07-30 18:38:42
160,854,3,2026-08-04 04:31:47
160,276,4,2026-08-06 18:39:53
160,767,2,2026-08-01 20:51:12
160,649,5,2026-07-21 16:31:58
160,161,4,2026-07-29 13:21:10
160,681,4,2026-07-19 23:18:15
160,251,4,2026-08-09 11:58:52
160,645,4,2026-08-03 15:59:37
160,867,5,2026-07-29 20:40:29
160,20,2,2026-08-14 16:41:11
161,524,5,2026-07-29 11:01:09
161,716,3,2026-07-27 02:05:09
161,838,2,2026-07-20 06:13:29
161,180,4,2026-08-12 03:58:50
161,562,3,2026-07-25 00:38:57
162,479,1,2026-07-24 00:22:50
162,482,3,2026-08-13 03:06:41
162,87,4,2026-07-22 16:13:56
162,488,1,2026-07-23 09:01:27
162,631,2,2026-07-19 11:07:19
162,438,1,2026-08-03 02:43:14
162,744,5,2026-07-23 22:56:21
162,844,5,2026-08-06 03:03:02
162,480,1,2026-07-28 12:57:30
162,937,2,2026-08-02 16:49:24
162,463,3,2026-08-14 10:15:18
162,980,2,2026-07-18 10:06:51
162,328,1,2026-07-17 21:34:27
162,423,3,2026-07-18 00:29:42
162,841,1,2026-07-21 06:59:42
162,141,5,2026-08-02 10:40:58
162,961,5,2026-07-18 01:20:00
163,601,4,2026-07-20 14:50:27
163,733,1,2026-08-07 17:48:59
163,608,2,2026-07-21 18:29:17
163,346,1,2026-08-01 13:23:26
163,784,5,2026-08-06 23:47:34
163,520,2,2026-08-15 09:04:22
163,18,5,2026-08-08 01:53:17
164,816,2,2026-07-21 16:29:13
164,866,4,2026-08-14 02:57:33
164,719,5,2026-07-21 14:12:46
164,302,3,2026-08-12 07:25:17
164,691,1,2026-07-21 00:50:17
164,613,5,2026-07-24 17:27:34
164,151,5,2026-07-26 20:11:25
164,483,4,2026-07-19 13:15:18
164,426,5,2026-07-17 08:04:24
164,904,3,2026-07-26 14:01:29
164,195,3,2026-07-19 02:07:44
164,768,5,2026-08-08 12:56:18
164,278,1,2026-07-30 10:34:28
164,69,5,2026-07-20 04:55:51
164,785,5,2026-07-27 20:23:09
164,458,4,2026-07-30 14:30:29
164,245,4,2026-07-27 21:59:43
165,694,4,2026-08-08 06:15:04
165,790,5,2026-08-01 10:06:14
165,337,1,2026-07-18 11:26:59
165,912,2,2026-08-12 01:53:05
165,476,5,2026-08-07 18:57:22
165,558,2,2026-08-04 05:58:39
165,545,1,2026-07-22 15:43:43
165,309,3,2026-07-28 09:22:40
165,229,5,2026-07-26 01:28:13
165,90,2,2026-08-07 07:05:37
166,309,1,2026-08-12 08:09:30
166,965,3,2026-07-18 06:50:24
166,198,2,2026-07-28 08:30:22
166,599,1,2026-07-26 01:15:14
166,632,2,2026-08-08 17:40:25
166,182,4,2026-07-30 02:19:29
166,180,4,2026-07-17 12:41:54
166,873,5,2026-07-23 02:16:58
166,490,3,2026-07-22 15:29:07
167,140,2,2026-07-19 19:28:03
167,826,3,2026-07-23 20:40:07
167,976,3,2026-08-11 02:12:15
167,894,4,2026-07-28 12:56:41
167,420,3,2026-07-29 14:38:52
167,545,1,2026-08-04 13:33:14
167,898,5,2026-07-22 02:01:19
168,122,3,2026-07-18 06:32:51
168,736,2,2026-08-09 22:04:09
168,656,4,2026-07-21 04:33:33
168,629,5,2026-07-18 22:11:44
168,915,2,2026-08-09 01:19:32
168,204,4,2026-08-04 12:39:01
168,74,2,2026-07-24 16:22:20
168,909,1,2026-08-08 07:26:12
168,998,4,2026-08-09 22:14:45
168,357,1,2026-08-12 19:22:08
168,854,4,2026-07-19 09:40:12
169,98,1,2026-08-01 18:29:56
169,588,4,2026-08-03 18:41:58
169,395,3,2026-08-15 14:08:51
169,453,3,2026-07-25 08:58:46
169,610,2,2026-08-08 06:54:15
169,428,3,2026-07-17 10:00:50
169,683,5,2026-08-14 04:52:59
169,749,1,2026-08-02 00:05:21
169,147,1,2026-07-28 18:03:01
170,537,1,2026-07-29 22:32:51
170,256,4,2026-07-17 19:34:03
170,657,3,2026-08-07 08:55:55
170,299,5,2026-07-27 16:05:44
170,84,4,2026-08-06 02:21:31
170,845,1,2026-08-02 03:36:36
170,998,3,2026-08-02 05:09:20
170,680,4,2026-07-23 08:46:48
171,665,5,2026-08-13 00:48:39
171,479,1,2026-07-26 20:13:25
171,421,5,2026-07-28 07:55:41
171,876,1,2026-08-03 07:56:48
171,406,2,2026-07-22 17:49:22
171,827,5,2026-07-26 17:22:58
171,302,2,2026-08-15 07:33:13
171,42,3,2026-07-28 14:47:36
171,354,2,2026-08-03 05:00:59
171,599,4,2026-08-14 00:17:47
171,848,4,2026-08-05 19:22:33
172,730,1,2026-07-28 22:51:19
172,300,5,2026-07-17 02:08:42
172,751,3,2026-08-14 19:11:47
172,291,2,2026-07-25 10:17:28
172,714,2,2026-07-29 16:07:47
172,957,2,2026-07-29 04:53:09
172,197,3,2026-08-13 00:45:13
172,48,2,2026-07-31 03:09:03
172,504,1,2026-08-01 22:40:01
172,479,1,2026-08-14 17:58:10
172,224,4,2026-08-03 04:13:28
172,123,3,2026-08-11 01:50:14
172,371,5,2026-07-19 17:15:56
173,217,5,2026-08-04 01:12:04
173,364,1,2026-07-26 04:11:40
173,652,1,2026-08-05 18:24:43
173,933,4,2026-08-04 20:18:04
173,577,5,2026-08-05 19:36:01
173,763,2,2026-08-05 11:17:33
173,522,1,2026-08-04 23:34:46
173,899,2,2026-07-18 20:19:46
173,914,1,2026-08-05 07:28:12
173,372,2,2026-07-20 13:20:35
173,75,4,2026-07-28 19:02:14
173,598,5,2026-08-08 14:01:13
173,480,4,2026-07-23 09:11:15
173,198,5,2026-08-10 08:04:02
173,308,2,2026-07-20 01:14:06
174,584,3,2026-07-27 20:03:15
174,117,1,2026-08-14 17:24:59
174,578,4,2026-07-29 09:59:36
174,701,1,2026-07-27 13:20:07
174,359,2,2026-08-07 20:44:34
174,206,5,2026-07-31 03:05:47
174,478,1,2026-08-05 15:36:43
174,21,1,2026-07-27 01:30:44
174,440,2,2026-08-06 13:23:22
174,475,5,2026-07-18 23:44:20
174,895,1,2026-08-15 11:49:59
174,462,5,2026-07-24 23:08:48
175,383,2,2026-08-07 23:55:36
175,597,5,2026-08-14 09:51:29
175,378,2,2026-07-23 13:45:33
175,763,2,2026-07-29 02:42:17
175,648,2,2026-07-18 08:33:51
175,806,4,2026-08-09 06:39:17
175,366,3,2026-07-28 01:29:53
175,89,1,2026-07-25 22:38:18
175,673,1,2026-07-19 11:20:09
175,232,3,2026-08-09 14:19:21
175,243,4,2026-07-24 05:51:45
175,370,1,2026-08-02 02:59:58
176,870,1,2026-08-02 22:21:40
176,731,3,2026-08-13 23:29:14
176,177,1,2026-07-18 18:21:23
176,800,1,2026-07-19 08:40:00
176,986,5,2026-07-19 08:57:42
176,943,5,2026-07-21 15:33:27
176,157,1,2026-08-04 20:53:12
176,659,1,2026-08-15 00:10:42
176,289,3,2026-08-05 16:50:27
176,658,3,2026-08-06 14:33:39
176,696,1,2026-07-30 10:59:54
176,291,2,2026-07-24 03:46:41
176,142,1,2026-08-05 10:28:08
176,501,2,2026-07-21 18:07:58
176,385,3,2026-08-07 18:49:53
176,21,4,2026-08-08 07:37:01
176,636,2,2026-08-04 01:11:48
176,314,5,2026-08-11 17:07:28
176,918,4,2026-07-20 12:46:07
176,139,3,2026-07-29 02:26:44
177,22,4,2026-08-12 14:06:52
177,50,2,2026-08-04 00:44:59
177,329,3,2026-08-11 19:28:01
177,7,5,2026-08-01 20:39:52
177,537,2,2026-07-30 12:41:28
177,674,5,2026-07-19 09:45:53
177,762,4,2026-07-25 16:27:48
177,283,3,2026-07-31 10:59:18
178,352,5,2026-07-16 19:57:49
178,637,2,2026-08-15 08:00:45
178,20,3,2026-07-25 09:18:06
178,240,4,2026-08-15 14:50:27
178,551,2,2026-08-08 17:03:12
178,598,4,2026-08-02 15:53:15
178,580,5,2026-08-05 03:34:17
178,775,1,2026-08-12 20:39:35
178,457,4,2026-08-12 13:16:48
178,667,5,2026-08-06 11:23:30
178,385,4,2026-07-30 15:28:34
178,217,2,2026-08-12 06:15:10
178,737,5,2026-07-25 18:29:24
178,503,2,2026-08-05 08:06:22
178,896,5,2026-07-25 14:51:05
178,10,2,2026-07-22 11:03:13
179,531,5,2026-07-20 08:06:52
179,942,3,2026-08-04 04:19:46
179,975,2,2026-07-20 17:39:27
179,827,2,2026-07-26 11:08:01
179,660,1,2026-07-24 10:03:41
179,280,2,2026-08-10 21:49:11
179,156,5,2026-08-04 11:15:04
179,769,1,2026-08-03 07:15:55
179,536,1,2026-08-07 23:47:16
179,663,3,2026-07-19 13:54:43
179,894,3,2026-08-08 22:07:42
179,515,1,2026-08-15 10:30:07
179,370,3,2026-08-15 11:29:11
179,65,2,2026-08-05 04:47:54
179,148,5,2026-07-23 03:12:45
180,496,5,2026-08-06 23:26:36
180,885,4,2026-08-07 22:31:30
180,270,3,2026-08-01 20:49:35
180,424,3,2026-08-03 09:22:30
180,262,5,2026-08-12 23:24:46
180,966,4,2026-07-26 02:43:55
180,256,5,2026-08-08 20:32:37
180,684,3,2026-07-30 20:19:10
180,976,5,2026-08-08 05:24:52
181,527,4,2026-08-06 00:33:07
181,622,4,2026-08-04 10:28:20
181,570,2,2026-07-31 07:40:56
181,479,5,2026-07-19 08:42:36
181,822,1,2026-08-07 14:39:31
181,633,5,2026-08-11 12:56:55
181,204,1,2026-08-07 10:39:40
181,935,5,2026-08-04 02:48:16
181,861,3,2026-08-11 00:57:27
181,985,2,2026-07-17 23:59:26
182,329,5,2026-08-01 20:32:58
182,466,5,2026-07-20 19:12:44
182,803,5,2026-08-03 00:11:23
182,444,4,2026-07-23 00:41:59
182,413,1,2026-07-20 15:05:57
182,352,5,2026-08-06 21:40:46
182,464,4,2026-07-29 23:35:53
182,540,2,2026-07-17 11:49:55
182,858,4,2026-07-31 21:26:23
183,623,4,2026-07-18 03:23:02
183,568,5,2026-08-15 03:31:46
183,449,5,2026-08-07 07:00:04
183,334,2,2026-07-20 05:38:55
183,403,3,2026-07-16 16:29:53
183,310,4,2026-07-23 20:41:47
183,102,4,2026-08-02 10:29:24
183,996,2,2026-07-23 19:18:45
183,551,3,2026-07-18 08:59:58
184,403,3,2026-07-27 14:40:51
184,637,3,2026-08-11 08:21:54
184,195,3,2026-08-01 20:59:01
184,123,5,2026-07-29 09:25:29
184,619,4,2026-07-25 04:21:20
184,874,3,2026-08-14 04:37:43
184,336,4,2026-07-20 09:43:06
184,65,4,2026-07-21 08:38:35
185,892,1,2026-08-05 04:24:39
185,460,2,2026-08-09 08:54:17
185,517,1,2026-07-31 16:49:53
185,871,4,2026-07-19 12:59:36
185,661,3,2026-07-31 13:15:09
185,364,5,2026-07-27 18:35:29
186,606,2,2026-07-20 18:59:11
186,798,4,2026-08-14 08:49:34
186,811,2,2026-08-05 09:25:49
186,326,5,2026-08-06 07:46:18
186,464,3,2026-08-10 22:42:04
186,209,1,2026-08-06 21:48:14
186,580,3,2026-08-05 17:32:13
186,628,4,2026-07-29 04:20:57
186,433,4,2026-08-08 03:20:21
186,764,3,2026-08-10 14:57:39
186,490,2,2026-08-03 19:37:27
186,682,5,2026-07-20 17:51:50
186,684,5,2026-07-19 11:33:54
187,587,4,2026-08-10 07:04:12
187,444,3,2026-07-18 21:41:38
187,899,5,2026-08-02 01:56:25
187,379,4,2026-07-25 16:17:02
187,331,2,2026-08-09 10:19:57
187,67,4,2026-07-18 04:29:52
187,429,3,2026-07-26 22:30:24
187,113,1,2026-07-30 20:20:29
187,96,1,2026-08-15 00:43:48
187,34,3,2026-07-23 01:28:28
187,972,2,2026-07-16 19:12:57
188,436,4,2026-08-11 11:01:28
188,995,4,2026-08-08 20:49:32
188,575,3,2026-08-07 18:34:58
188,843,1,2026-08-14 15:27:59
188,489,1,2026-08-03 14:10:16
188,85,3,2026-07-18 11:23:59
188,235,3,2026-07-18 11:20:50
188,512,3,2026-08-02 16:10:17
188,208,2,2026-08-01 04:44:19
188,253,3,2026-08-05 16:05:27
188,643,4,2026-07-27 20:04:38
188,67,4,2026-08-07 11:17:20
188,993,3,2026-08-14 09:42:20
188,277,3,2026-07-31 07:21:19
188,23,1,2026-07-21 09:48:35
189,794,1,2026-07-18 00:36:47
189,605,3,2026-07-27 09:50:31
189,353,4,2026-07-19 20:16:18
189,737,2,2026-08-15 11:50:26
189,760,3,2026-08-05 21:26:12
189,646,5,2026-07-31 13:06:25
189,545,5,2026-07-30 05:48:16
189,285,4,2026-07-27 06:37:22
189,606,5,2026-07-31 00:03:50
189,42,4,2026-07-20 22:33:02
189,155,1,2026-07-27 22:14:09
189,903,4,2026-08-03 21:35:15
189,611,4,2026-08-02 06:11:46
189,298,1,2026-08-11 18:53:17
189,508,2,2026-08-11 04:59:48
189,916,2,2026-08-12 12:33:21
189,999,2,2026-08-01 10:51:35
189,902,4,2026-07-17 21:21:42
190,948,5,2026-07-31 12:17:37
190,328,4,2026-08-03 12:06:29
190,688,4,2026-08-05 10:49:34
190,622,3,2026-08-05 02:09:55
190,302,1,2026-07-19 23:07:19
190,887,3,2026-07-28 17:36:22
190,120,3,2026-08-04 18:44:32
190,242,5,2026-07-22 01:32:09
190,510,5,2026-08-13 12:02:26
190,931,5,2026-08-14 20:56:35
190,964,1,2026-07-16 18:05:09
190,675,2,2026-08-06 21:58:59
190,520,3,2026-08-05 04:06:55
190,600,4,2026-07-29 08:50:32
190,747,5,2026-08-14 20:46:19
190,112,3,2026-07-20 02:42:31
190,210,2,2026-07-28 09:00:17
190,192,4,2026-07-18 15:43:50
191,364,1,2026-07-19 18:30:57
191,214,4,2026-08-05 19:07:26
191,245,4,2026-07-17 09:24:00
191,587,5,2026-08-03 18:50:12
191,835,3,2026-08-08 23:15:19
191,302,3,2026-07-28 19:01:55
191,718,4,2026-08-14 14:37:02
191,757,5,2026-07-17 13:06:09
192,892,2,2026-07-17 17:27:52
192,203,1,2026-07-18 02:01:13
192,796,4,2026-08-05 03:15:47
192,734,3,2026-07-25 06:32:01
192,147,2,2026-08-10 00:00:20
192,418,1,2026-07-21 18:57:21
192,453,2,2026-07-30 01:56:57
192,309,1,2026-08-01 23:32:01
192,344,3,2026-08-09 17:21:27
192,484,4,2026-08-13 10:49:49
192,768,2,2026-07-23 07:09:06
192,478,3,2026-08-14 23:39:50
192,293,5,2026-08-15 11:24:16
192,925,4,2026-08-10 18:43:41
193,12,4,2026-08-07 14:27:33
193,177,5,2026-07-27 09:43:18
193,342,4,2026-08-09 03:24:35
193,601,2,2026-08-02 20:54:25
193,71,1,2026-07-20 02:59:56
193,359,1,2026-07-21 00:43:53
193,371,4,2026-07-17 18:33:41
193,434,5,2026-07-22 12:07:44
193,174,3,2026-08-03 21:03:59
193,131,1,2026-08-09 00:50:06
193,989,1,2026-08-09 13:40:04
193,240,1,2026-08-10 21:00:10
193,346,5,2026-07-25 10:05:56
193,105,1,2026-08-04 01:55:12
193,646,2,2026-07-22 00:38:55
193,168,4,2026-08-12 15:15:20
193,189,2,2026-08-03 08:21:35
194,719,1,2026-08-09 01:07:05
194,871,5,2026-08-04 17:23:58
194,778,3,2026-08-08 19:20:40
194,550,1,2026-07-19 05:38:14
194,976,4,2026-07-16 21:39:05
194,69,5,2026-07-21 23:02:39
195,149,4,2026-08-08 20:00:13
195,309,2,2026-07-22 21:37:40
195,86,1,2026-08-02 08:27:26
195,444,4,2026-08-04 01:02:21
195,963,1,2026-08-14 03:29:29
195,894,5,2026-07-18 08:17:18
195,942,5,2026-08-09 11:13:32
195,751,3,2026-07-28 23:26:28
195,868,5,2026-07-30 15:59:46
195,306,3,2026-08-09 05:44:35
195,761,4,2026-07-22 08:00:42
195,631,3,2026-07-31 09:54:24
195,770,4,2026-08-02 10:36:33
195,729,1,2026-07-31 05:47:58
195,902,5,2026-07-30 01:05:18
195,670,1,2026-07-24 17:07:58
195,161,4,2026-08-07 11:26:30
195,252,5,2026-07-17 01:06:30
195,63,3,2026-07-29 21:36:08
196,625,5,2026-07-17 21:18:27
196,916,2,2026-07-23 16:44:59
196,162,3,2026-08-13 17:32:06
196,258,1,2026-08-02 15:05:52
196,781,5,2026-08-01 09:34:41
196,764,5,2026-07-21 20:56:15
196,159,4,2026-08-12 00:32:06
196,979,5,2026-08-07 23:24:57
196,818,3,2026-07-25 20:25:59
196,456,3,2026-08-10 19:06:12
196,874,3,2026-07-22 18:45:36
196,347,3,2026-07-30 12:00:34
196,375,1,2026-08-03 18:53:05
196,319,4,2026-07-18 17:16:49
196,886,3,2026-07-19 12:59:30
196,382,4,2026-07-18 11:20:42
196,847,3,2026-07-19 12:36:15
196,990,1,2026-08-02 15:52:57
196,581,4,2026-07-18 13:18:14
197,78,2,2026-07-27 09:31:35
197,423,5,2026-07-30 20:53:14
197,788,5,2026-07-24 22:35:29
197,268,2,2026-07-20 06:27:24
197,389,4,2026-08-08 18:48:49
197,885,3,2026-07-22 23:45:39
197,907,4,2026-07-26 06:30:16
197,643,2,2026-08-14 00:25:22
197,125,1,2026-07-20 10:10:21
197,767,5,2026-07-29 09:13:06
197,470,3,2026-08-13 02:57:45
197,521,5,2026-08-10 03:09:36
197,624,3,2026-08-13 05:22:14
197,240,3,2026-08-09 19:24:49
197,893,4,2026-08-10 19:04:19
198,73,1,2026-08-11 16:06:43
198,894,5,2026-08-06 21:15:57
198,942,5,2026-08-10 10:50:41
198,132,3,2026-07-27 04:49:00
198,11,5,2026-07-27 16:20:40
198,416,1,2026-08-12 00:40:18
198,505,2,2026-07-19 20:09:47
198,717,3,2026-07-17 04:09:22
198,859,3,2026-08-11 06:17:30
199,401,4,2026-08-13 07:33:00
199,298,4,2026-08-04 09:54:28
199,513,4,2026-07-25 16:39:25
199,549,3,2026-08-13 18:46:36
199,169,4,2026-07-21 01:44:20
199,300,1,2026-08-07 00:30:04
199,787,1,2026-08-04 11:03:23
199,797,2,2026-07-18 21:03:32
199,141,1,2026-07-17 11:35:22
199,539,5,2026-08-01 11:07:53
199,926,4,2026-08-13 13:44:15
199,611,2,2026-07-29 12:33:00
199,715,2,2026-08-10 21:33:17
199,832,5,2026-07-19 15:04:53
199,786,5,2026-08-02 19:01:51
199,365,3,2026-07-27 00:15:48
200,136,1,2026-07-17 02:51:27
200,296,5,2026-07-21 00:27:13
200,384,4,2026-08-04 09:34:22
200,591,2,2026-08-14 05:47:47
200,201,1,2026-07-29 12:25:30
200,221,4,2026-07-30 20:49:28
200,395,2,2026-08-01 10:17:40
200,902,2,2026-08-13 20:05:17
200,265,1,2026-08-04 18:23:52
200,826,3,2026-07-23 16:45:42
201,930,2,2026-08-13 12:53:22
201,801,1,2026-08-13 06:49:46
201,641,5,2026-07-21 20:04:30
201,800,5,2026-08-06 19:35:03
201,296,5,2026-07-23 09:32:09
201,128,2,2026-07-17 23:13:10
201,853,3,2026-08-06 19:52:20
201,52,3,2026-08-01 23:13:37
201,704,4,2026-07-20 19:18:22
201,568,4,2026-07-20 05:58:14
201,854,3,2026-08-05 19:20:21
201,389,5,2026-07-25 17:36:55
201,339,1,2026-08-07 15:04:38
201,177,2,2026-08-06 15:15:02
201,519,1,2026-07-30 01:57:20
201,778,5,2026-08-12 07:02:54
201,760,4,2026-07-30 23:31:14
201,927,4,2026-07-30 20:59:25
201,305,1,2026-08-07 05:52:14
201,627,1,2026-08-14 16:45:44
202,782,1,2026-08-06 22:14:15
202,65,1,2026-08-13 10:41:10
202,489,3,2026-08-12 12:01:34
202,695,5,2026-08-14 12:34:49
202,56,1,2026-07-30 15:03:01
202,457,1,2026-07-27 03:26:40
202,561,1,2026-07-27 19:38:02
202,433,5,2026-07-29 05:39:05
202,514,1,2026-07-23 16:35:17
202,622,4,2026-07-29 10:58:53
202,86,4,2026-08-04 22:16:59
203,867,1,2026-07-17 01:02:38
203,526,1,2026-07-26 19:30:18
203,629,1,2026-07-28 21:08:09
203,622,2,2026-07-18 04:50:06
203,222,4,2026-07-17 00:04:29
203,633,5,2026-07-20 17:46:41
203,822,3,2026-07-21 01:42:04
203,858,1,2026-08-09 14:58:55
204,980,4,2026-08-08 01:21:15
204,314,3,2026-08-03 00:33:35
204,837,4,2026-08-07 15:58:27
204,904,3,2026-07-22 03:57:15
204,617,3,2026-08-10 10:38:30
204,43,3,2026-08-08 04:34:29
204,443,1,2026-08-11 04:45:00
204,371,3,2026-07-22 12:20:53
204,357,2,2026-08-04 11:42:13
204,961,4,2026-08-14 12:15:47
204,322,2,2026-08-10 02:30:59
204,869,1,2026-08-15 03:36:08
204,889,1,2026-07-30 04:20:35
204,510,2,2026-07-30 14:50:20
204,408,1,2026-07-18 18:20:26
204,59,5,2026-08-05 19:22:08
204,885,4,2026-08-03 01:47:05
205,765,3,2026-07-28 06:54:20
205,135,4,2026-07-23 04:15:01
205,442,2,2026-08-01 02:35:22
205,937,4,2026-07-21 07:42:27
205,817,4,2026-08-14 22:55:38
205,307,3,2026-08-07 20:32:35
205,67,1,2026-07-22 19:40:13
205,686,4,2026-07-26 09:17:09
205,721,2,2026-08-07 01:05:09
205,194,5,2026-08-05 00:31:38
205,159,2,2026-07-18 01:41:38
205,577,3,2026-07-29 06:51:17
206,93,2,2026-08-06 03:36:45
206,547,4,2026-08-02 15:24:52
206,916,3,2026-08-14 04:35:44
206,114,2,2026-07-22 09:18:46
206,620,4,2026-08-06 14:08:13
206,643,3,2026-07-26 09:21:44
206,536,4,2026-07-28 12:11:53
206,567,5,2026-07-21 07:34:21
206,444,5,2026-08-02 22:06:27
206,629,1,2026-08-13 06:12:57
206,512,2,2026-08-11 12:04:57
206,664,1,2026-07-30 14:37:05
206,907,4,2026-08-04 23:09:08
206,152,2,2026-08-13 18:05:02
206,510,1,2026-07-26 22:01:54
206,437,3,2026-08-04 22:28:44
206,604,2,2026-07-23 18:37:45
206,934,4,2026-08-02 00:41:13
207,160,3,2026-08-11 15:10:28
207,803,5,2026-07-22 02:36:14
207,472,1,2026-07-22 06:52:40
207,37,2,2026-08-10 20:15:46
207,585,1,2026-07-29 12:12:24
207,33,4,2026-07-22 06:39:41
207,612,2,2026-07-21 11:35:39
207,930,1,2026-08-05 10:04:59
207,877,5,2026-08-05 08:27:42
208,296,3,2026-08-13 07:52:55
208,717,4,2026-07-31 13:57:25
208,927,4,2026-07-20 03:08:03
208,651,5,2026-07-28 14:25:26
208,576,4,2026-07-21 02:39:40
208,56,2,2026-08-12 09:26:26
208,655,4,2026-08-01 23:41:06
208,999,1,2026-08-14 02:51:03
208,645,5,2026-07-30 17:54:48
208,884,2,2026-07-29 15:44:14
208,17,5,2026-07-24 04:05:05
209,675,4,2026-07-30 15:02:31
209,170,5,2026-08-07 05:43:31
209,137,5,2026-08-01 00:13:02
209,748,2,2026-08-14 03:01:31
209,611,5,2026-07-17 14:58:00
209,63,3,2026-08-02 13:14:40
209,612,5,2026-08-10 20:32:43
209,159,3,2026-07-28 12:24:36
209,417,3,2026-07-21 22:33:29
209,78,4,2026-08-13 15:50:45
209,414,2,2026-08-02 10:21:21
209,874,4,2026-07-19 08:00:36
209,589,4,2026-08-11 20:45:17
209,761,4,2026-08-07 22:01:49
209,561,3,2026-08-08 07:25:50
210,736,1,2026-07-16 22:58:15
210,168,5,2026-07-23 11:15:46
210,821,1,2026-07-21 01:00:06
210,127,1,2026-08-02 19:03:01
210,379,2,2026-08-06 16:47:08
210,705,2,2026-08-09 06:04:12
210,232,2,2026-07-19 00:13:31
210,558,3,2026-07-24 00:04:21
210,137,1,2026-07-24 02:30:12
210,365,1,2026-08-09 18:16:19
210,505,4,2026-08-02 02:20:52
210,936,2,2026-07-29 07:28:41
210,521,3,2026-08-05 19:41:39
210,149,4,2026-07-18 07:33:22
210,427,2,2026-07-29 15:09:37
210,98,3,2026-08-12 01:45:16
210,898,3,2026-08-01 16:54:23
211,219,4,2026-08-01 18:18:59
211,138,1,2026-07-29 12:00:19
211,327,2,2026-07-22 06:05:31
211,59,3,2026-07-30 12:40:38
211,774,2,2026-08-03 21:56:14
211,681,4,2026-08-14 05:23:00
211,600,5,2026-08-06 03:48:21
211,869,3,2026-08-08 21:04:55
211,435,4,2026-08-09 09:51:47
211,5,4,2026-08-11 05:02:41
211,255,3,2026-07-25 11:47:34
211,523,4,2026-07-20 02:52:10
211,83,4,2026-07-31 09:18:35
211,381,1,2026-07-29 17:24:01
211,264,4,2026-08-14 02:18:56
211,163,5,2026-07-18 10:03:06
211,620,2,2026-07-22 15:37:18
211,630,2,2026-08-02 23:47:11
211,748,4,2026-08-01 08:23:54
212,65,4,2026-08-05 22:54:26
212,470,1,2026-07-31 21:31:19
212,285,5,2026-07-19 14:54:14
212,317,4,2026-07-20 17:05:21
212,715,2,2026-08-14 03:16:42
212,831,1,2026-07-30 11:02:32
212,276,3,2026-07-26 13:43:57
212,498,3,2026-08-05 22:47:08
212,373,2,2026-07-19 13:10:22
212,205,5,2026-08-10 17:53:56
212,245,4,2026-07-29 08:53:35
212,332,4,2026-08-03 16:29:37
213,730,2,2026-07-31 09:13:49
213,396,5,2026-08-01 14:43:25
213,383,1,2026-08-02 07:35:28
213,471,1,2026-07-19 00:48:53
213,365,2,2026-08-02 07:19:59
213,497,2,2026-07-30 23:50:09
213,853,3,2026-07-17 21:05:41
213,248,3,2026-07-26 07:34:40
213,289,1,2026-07-20 05:15:48
213,996,2,2026-07-27 00:17:38
213,665,4,2026-07-26 05:48:39
213,94,2,2026-08-14 02:25:12
213,226,5,2026-08-09 03:30:14
213,717,3,2026-08-12 20:01:19
213,773,3,2026-08-15 10:08:03
213,792,1,2026-07-19 04:21:09
213,101,5,2026-08-13 04:38:07
213,715,5,2026-07-29 04:00:43
213,855,3,2026-08-08 16:33:32
213,142,3,2026-08-07 17:21:25
214,278,4,2026-07-17 10:17:41
214,442,2,2026-08-05 12:39:58
214,190,1,2026-07-26 03:25:50
214,799,3,2026-07-24 06:30:16
214,384,5,2026-07-18 04:08:08
214,495,5,2026-08-13 01:46:57
214,382,4,2026-08-09 20:21:15
214,792,1,2026-08-03 16:05:29
214,389,1,2026-07-31 17:03:42
214,417,4,2026-07-20 12:45:42
214,137,5,2026-08-07 09:00:56
214,939,5,2026-07-27 02:12:19
214,452,5,2026-07-17 23:28:35
214,220,2,2026-08-10 16:01:18
214,551,1,2026-07-26 17:10:53
214,281,4,2026-07-30 21:15:23
214,826,1,2026-07-16 16:16:57
215,920,5,2026-08-14 11:43:13
215,499,2,2026-07-23 02:20:42
215,553,1,2026-08-12 04:07:59
215,37,3,2026-07-16 20:58:17
215,950,3,2026-07-19 09:18:48
215,994,3,2026-07-21 23:03:52
215,601,2,2026-07-30 00:40:38
215,929,1,2026-08-08 14:09:20
216,459,4,2026-08-10 10:33:14
216,288,2,2026-08-11 19:14:17
216,210,4,2026-07-17 15:06:49
216,604,2,2026-08-06 15:45:23
216,972,5,2026-07-21 08:12:05
216,19,1,2026-07-20 15:00:12
216,346,5,2026-08-12 10:20:08
217,91,1,2026-07-17 14:27:25
217,152,1,2026-07-27 13:52:57
217,527,3,2026-07-17 20:28:41
217,43,2,2026-08-02 08:31:09
217,108,2,2026-08-09 07:25:48
217,878,5,2026-07-27 18:51:18
217,125,5,2026-07-16 19:04:33
217,216,5,2026-07-17 22:00:02
217,781,2,2026-07-31 12:01:02
217,910,3,2026-07-19 22:22:02
217,605,1,2026-07-21 23:51:51
217,723,3,2026-08-08 21:18:11
217,193,1,2026-08-08 10:53:39
217,504,1,2026-07-30 23:50:15
217,23,1,2026-07-24 15:37:04
218,275,5,2026-08-09 16:44:18
218,145,5,2026-08-01 14:48:30
218,833,4,2026-08-02 15:17:21
218,874,5,2026-08-05 23:06:35
218,620,3,2026-08-09 02:43:54
218,964,5,2026-08-09 11:59:40
218,198,1,2026-07-28 07:56:28
218,445,4,2026-07-27 15:44:30
218,732,4,2026-07-28 07:27:45
218,440,5,2026-07-26 00:40:43
218,212,3,2026-08-07 02:07:58
218,986,3,2026-07-19 07:09:31
218,201,2,2026-08-01 13:48:15
218,664,1,2026-07-31 13:19:26
218,722,4,2026-07-30 15:18:27
218,294,2,2026-08-07 11:32:52
218,83,3,2026-07-24 06:36:14
218,490,3,2026-08-07 23:55:13
219,86,4,2026-07-17 04:43:17
219,667,3,2026-08-15 03:31:28
219,537,4,2026-08-11 05:59:09
219,363,4,2026-08-11 05:22:57
219,143,3,2026-07-22 07:26:40
219,962,1,2026-08-09 08:58:39
219,864,3,2026-08-04 13:53:48
219,292,3,2026-08-11 09:32:53
219,815,5,2026-07-23 01:52:19
219,331,1,2026-08-13 14:52:20
219,881,2,2026-08-13 18:58:14
219,665,5,2026-08-10 17:12:23
219,440,5,2026-07-19 03:08:38
219,733,2,2026-08-04 00:43:11
219,298,4,2026-07-28 09:07:10
219,506,4,2026-08-15 10:58:43
219,458,5,2026-07-18 01:18:47
219,777,1,2026-07-24 00:26:50
219,924,3,2026-08-12 00:21:07
219,884,2,2026-07-29 10:26:20
220,661,5,2026-07-31 11:27:47
220,290,5,2026-07-24 12:01:55
220,127,4,2026-07-30 05:55:57
220,743,2,2026-07-21 22:39:42
220,636,2,2026-08-03 12:02:36
220,610,3,2026-07-22 03:04:24
220,626,2,2026-07-20 01:30:15
220,653,4,2026-07-23 15:40:38
221,250,3,2026-07-20 13:47:06
221,261,3,2026-07-31 14:02:51
221,942,5,2026-08-13 07:47:56
221,63,4,2026-08-12 10:23:26
221,698,3,2026-08-08 05:45:48
221,790,4,2026-08-03 01:57:14
222,732,4,2026-08-04 12:36:11
222,123,4,2026-07-25 04:06:23
222,601,4,2026-08-03 20:27:37
222,432,1,2026-08-09 04:27:53
222,24,5,2026-07-21 13:27:23
222,911,2,2026-07-18 11:09:50
222,887,5,2026-07-20 22:02:25
222,62,1,2026-08-01 05:20:42
222,775,1,2026-07-21 22:22:16
222,804,4,2026-08-03 00:13:49
222,494,4,2026-08-01 13:05:40
223,65,3,2026-08-05 06:16:39
223,314,4,2026-07-29 09:20:38
223,96,4,2026-08-09 12:05:40
223,437,5,2026-07-29 14:44:42
223,104,2,2026-07-19 22:12:57
223,872,5,2026-08-10 04:53:42
223,629,5,2026-08-13 05:34:09
223,986,3,2026-07-21 03:40:46
223,406,1,2026-07-25 07:12:48
223,930,2,2026-08-12 20:54:35
223,687,3,2026-07-29 15:31:53
223,25,3,2026-08-07 03:49:38
223,707,3,2026-07-26 03:34:39
223,349,1,2026-07-21 14:57:31
223,621,3,2026-07-25 09:12:56
223,6,2,2026-08-15 07:45:58
223,261,2,2026-07-18 09:21:17
223,197,4,2026-08-14 03:40:40
223,132,5,2026-07-28 00:25:23
223,959,3,2026-07-17 12:53:47
224,476,4,2026-07-22 10:09:22
224,222,1,2026-08-07 01:31:14
224,32,2,2026-07-25 23:08:29
224,44,4,2026-07-17 07:38:47
224,316,5,2026-08-11 23:59:51
224,970,5,2026-08-15 11:45:50
224,203,4,2026-08-15 03:11:17
224,535,3,2026-07-26 02:19:21
224,418,2,2026-07-17 03:30:46
224,419,2,2026-07-30 04:45:53
224,197,3,2026-07-21 18:49:07
224,502,1,2026-08-01 07:08:57
224,976,4,2026-07-31 16:52:20
225,85,3,2026-07-25 22:11:37
225,823,3,2026-07-28 08:24:08
225,787,1,2026-08-10 23:58:59
225,424,4,2026-08-03 20:17:51
225,321,1,2026-07-29 20:10:22
225,724,5,2026-08-06 00:51:17
225,541,4,2026-07-22 13:23:24
225,46,1,2026-08-07 10:58:55
225,129,1,2026-07-23 22:33:28
225,731,1,2026-08-04 04:48:41
226,112,3,2026-08-03 11:45:25
226,450,5,2026-07-22 01:37:35
226,919,5,2026-08-10 12:45:54
226,407,2,2026-08-08 22:51:55
226,426,2,2026-08-10 13:42:14
226,554,5,2026-07-27 11:17:38
227,496,5,2026-08-09 00:21:10
227,774,1,2026-07-23 11:27:39
227,729,4,2026-08-14 06:07:49
227,905,3,2026-07-17 03:26:57
227,720,3,2026-08-07 03:12:31
228,224,2,2026-07-27 09:42:24
228,184,1,2026-08-10 20:32:50
228,239,5,2026-08-05 23:11:13
228,974,4,2026-08-13 02:55:09
228,4,4,2026-08-15 04:53:43
228,341,3,2026-08-06 00:03:24
228,179,2,2026-08-14 13:30:28
228,927,2,2026-08-13 16:25:24
229,548,2,2026-07-17 02:19:35
229,975,1,2026-07-17 18:28:12
229,459,4,2026-07-28 13:38:28
229,769,2,2026-07-18 02:11:06
229,497,2,2026-08-01 01:58:43
229,673,4,2026-07-21 20:34:55
229,379,1,2026-08-15 07:06:56
229,953,5,2026-07-31 16:04:34
229,795,3,2026-07-25 13:36:17
229,476,3,2026-08-11 14:28:07
229,313,5,2026-08-11 10:58:45
229,962,5,2026-07-18 12:05:01
229,699,4,2026-07-25 02:22:20
229,716,4,2026-08-08 20:06:23
230,837,4,2026-07-19 06:46:08
230,911,2,2026-07-27 14:31:59
230,255,4,2026-07-21 17:20:45
230,11,3,2026-07-30 20:08:43
230,523,3,2026-08-04 14:35:58
230,992,5,2026-08-03 09:17:02
230,674,4,2026-07-27 23:02:29
230,473,3,2026-07-30 20:54:28
230,937,2,2026-07-18 07:43:46
230,544,5,2026-07-23 04:55:11
230,851,3,2026-07-19 13:32:28
230,388,2,2026-07-25 09:49:47
230,741,2,2026-08-11 23:33:21
230,50,1,2026-07-28 05:00:22
230,577,3,2026-07-25 04:02:54
231,521,2,2026-08-04 16:19:53
231,1000,4,2026-07-26 06:32:18
231,720,1,2026-07-20 15:26:26
231,326,5,2026-07-24 13:39:41
231,604,5,2026-07-20 15:26:18
231,183,3,2026-07-20 01:18:05
231,403,5,2026-07-30 15:25:17
232,364,1,2026-08-05 21:06:06
232,304,1,2026-07-18 08:44:55
232,235,3,2026-08-09 02:21:35
232,493,3,2026-07-22 23:10:31
232,262,3,2026-08-03 00:36:35
232,603,1,2026-08-12 09:31:48
232,508,2,2026-07-20 09:24:45
232,123,1,2026-08-05 12:46:49
232,865,5,2026-08-02 06:58:10
232,372,3,2026-08-02 04:24:08
232,62,3,2026-07-24 01:50:57
232,407,2,2026-07-31 21:12:13
232,475,3,2026-08-06 07:42:54
232,504,5,2026-08-06 22:43:12
232,394,1,2026-08-02 00:41:21
232,495,2,2026-07-17 11:27:28
232,384,2,2026-08-03 03:24:13
233,431,1,2026-08-07 10:32:47
233,243,1,2026-07-29 11:58:44
233,271,4,2026-08-04 01:40:20
233,312,4,2026-08-09 16:12:51
233,506,1,2026-07-25 08:36:25
233,492,5,2026-08-12 13:08:48
233,18,3,2026-07-29 02:54:38
233,324,3,2026-07-31 17:28:56
233,637,2,2026-07-22 16:31:03
233,630,5,2026-08-06 09:46:34
233,995,3,2026-07-17 04:20:07
233,913,5,2026-07-18 14:42:52
233,120,3,2026-08-06 18:53:08
233,991,5,2026-08-14 12:37:47
233,920,5,2026-07-31 09:52:47
233,792,1,2026-07-24 00:04:29
233,990,3,2026-08-03 04:18:01
233,690,2,2026-07-19 04:54:28
234,931,1,2026-07-20 05:20:18
234,433,1,2026-08-06 23:04:35
234,17,5,2026-08-12 20:54:30
234,857,1,2026-08-05 08:21:57
234,828,3,2026-08-08 18:41:25
234,904,4,2026-08-04 04:01:29
234,118,1,2026-07-24 18:19:41
234,840,1,2026-07-30 10:48:30
234,880,1,2026-07-20 04:26:38
234,863,1,2026-08-15 13:02:54
234,255,2,2026-07-25 23:12:35
234,374,5,2026-07-25 12:52:50
234,316,3,2026-07-22 15:24:54
234,419,5,2026-07-22 07:02:47
234,251,2,2026-07-22 01:34:38
234,629,1,2026-07-17 01:53:04
234,242,1,2026-07-25 16:09:15
234,764,3,2026-07-29 02:54:15
234,683,3,2026-08-12 16:07:32
235,132,4,2026-07-31 12:35:07
235,490,3,2026-08-14 04:13:41
235,469,4,2026-07-31 12:25:15
235,560,2,2026-08-15 14:38:20
235,43,3,2026-08-04 11:51:00
235,721,2,2026-07-27 21:46:37
235,655,3,2026-08-11 22:45:39
235,481,5,2026-07-31 05:33:04
235,87,2,2026-07-27 10:35:49
235,11,1,2026-08-03 01:16:20
235,710,5,2026-07-29 10:17:55
235,634,5,2026-08-05 15:40:58
235,942,5,2026-07-24 21:48:10
235,106,1,2026-07-21 02:37:20
236,442,4,2026-08-02 04:29:30
236,175,4,2026-08-06 12:19:13
236,673,1,2026-07-27 12:54:09
236,637,3,2026-07-18 21:35:50
236,633,2,2026-07-17 20:01:14
236,434,2,2026-07-26 01:57:52
236,473,2,2026-07-16 18:13:28
236,961,1,2026-07-17 03:04:52
236,223,4,2026-07-24 16:35:18
236,3,1,2026-07-24 18:31:43
236,876,3,2026-07-26 02:08:51
236,742,5,2026-07-30 01:23:30
236,25,1,2026-07-23 04:22:14
236,877,2,2026-08-14 11:55:00
236,115,3,2026-08-14 09:47:15
237,915,2,2026-08-12 01:50:00
237,743,3,2026-08-09 03:15:01
237,992,4,2026-07-23 07:44:27
237,864,5,2026-08-13 14:59:14
237,66,3,2026-08-02 09:26:57
237,402,1,2026-08-12 08:00:53
238,543,1,2026-07-17 20:45:35
238,642,4,2026-07-21 03:56:41
238,824,5,2026-08-01 03:46:58
238,839,2,2026-07-30 19:36:58
238,530,3,2026-07-21 12:42:09
238,828,4,2026-07-18 05:57:49
238,218,3,2026-08-01 02:44:08
238,191,1,2026-07-27 09:14:04
238,1000,1,2026-08-05 16:38:21
238,317,1,2026-08-10 06:58:48
238,621,5,2026-08-07 21:22:25
238,353,3,2026-07-29 15:46:30
238,792,5,2026-08-13 20:50:04
238,856,4,2026-08-13 00:09:23
238,745,4,2026-07-17 01:20:00
238,382,1,2026-07-23 10:52:03
238,127,1,2026-08-01 06:09:12
238,808,2,2026-08-08 05:17:23
238,376,3,2026-07-22 22:22:44
239,798,4,2026-07-17 23:20:27
239,777,4,2026-08-03 05:59:12
239,440,3,2026-08-01 22:28:35
239,356,3,2026-08-03 16:38:05
239,744,5,2026-08-02 19:15:22
239,639,2,2026-08-02 21:35:30
239,726,4,2026-08-08 01:04:57
239,782,1,2026-07-20 15:06:11
239,399,1,2026-08-05 10:12:25
239,753,2,2026-08-12 09:53:29
239,555,2,2026-08-11 13:00:49
239,20,2,2026-08-14 02:21:31
239,131,5,2026-07-20 12:50:06
239,818,4,2026-08-09 01:00:45
239,88,1,2026-08-08 06:01:27
240,175,5,2026-07-28 17:42:47
240,739,5,2026-07-21 17:42:24
240,478,1,2026-08-07 04:54:23
240,889,4,2026-08-11 08:19:46
240,665,1,2026-08-04 08:55:02
240,759,1,2026-07-20 02:15:16
240,517,3,2026-08-06 21:20:59
240,310,3,2026-07-17 15:11:31
240,311,5,2026-07-18 20:11:44
240,625,1,2026-08-10 22:44:09
240,337,2,2026-07-19 09:57:05
240,76,5,2026-07-21 14:42:11
240,714,4,2026-08-15 08:15:29
240,823,4,2026-08-05 03:09:08
240,512,1,2026-07-28 04:25:25
240,910,5,2026-08-06 06:45:49
240,223,3,2026-07-19 00:37:39
240,804,5,2026-07-30 09:38:18
241,586,3,2026-07-29 08:31:52
241,54,3,2026-07-26 18:07:54
241,826,4,2026-08-06 07:51:37
241,877,3,2026-08-13 06:36:15
241,810,4,2026-07-24 11:45:46
241,445,4,2026-07-26 06:40:29
241,190,4,2026-07-16 21:17:48
241,616,4,2026-08-13 10:57:52
241,695,1,2026-08-03 21:24:31
242,682,1,2026-07-19 20:58:13
242,993,4,2026-07-23 05:32:56
242,762,1,2026-08-03 18:09:52
242,666,5,2026-07-31 12:44:42
242,301,3,2026-08-08 14:58:03
242,339,2,2026-08-05 09:11:15
242,601,2,2026-07-24 07:30:02
242,896,3,2026-08-03 02:34:17
242,539,1,2026-08-07 18:49:33
242,595,1,2026-08-06 01:06:14
242,388,1,2026-07-20 11:27:48
243,175,2,2026-08-12 06:38:48
243,991,3,2026-07-21 21:54:53
243,180,1,2026-07-21 22:00:50
243,82,3,2026-08-09 02:07:49
243,929,1,2026-08-07 15:01:04
244,145,5,2026-07-23 00:20:52
244,699,5,2026-07-29 13:16:38
244,671,3,2026-07-25 01:48:50
244,324,5,2026-07-24 14:42:21
244,453,3,2026-07-23 02:58:03
244,737,3,2026-07-29 16:35:45
244,537,1,2026-08-14 17:31:18
244,752,5,2026-07-22 17:28:45
244,594,2,2026-07-27 12:23:50
244,262,5,2026-08-14 15:47:18
244,894,5,2026-07-31 18:16:28
244,253,5,2026-07-25 13:27:45
244,740,1,2026-07-31 22:31:10
244,716,2,2026-08-12 17:38:04
245,636,2,2026-08-06 15:03:56
245,968,1,2026-08-14 11:45:00
245,576,4,2026-08-10 02:58:51
245,310,2,2026-07-18 18:03:37
245,211,4,2026-07-27 00:19:46
245,809,1,2026-08-04 22:03:39
245,620,2,2026-07-31 12:43:53
246,932,4,2026-08-14 08:52:16
246,33,2,2026-07-22 21:46:43
246,267,4,2026-08-09 20:06:12
246,710,2,2026-07-29 09:07:29
246,711,4,2026-08-05 16:55:12
246,600,3,2026-07-26 20:05:20
246,531,3,2026-07-20 18:33:07
246,753,2,2026-08-14 15:01:28
246,357,4,2026-08-06 07:51:27
246,13,3,2026-08-11 14:51:27
247,329,3,2026-07-20 13:16:20
247,847,2,2026-08-13 14:44:11
247,533,4,2026-08-05 19:19:23
247,464,4,2026-07-16 21:53:03
247,988,5,2026-07-20 18:27:34
248,944,5,2026-08-13 14:17:26
248,275,3,2026-08-05 06:39:56
248,187,2,2026-08-12 10:53:53
248,182,1,2026-08-08 20:22:57
248,573,5,2026-08-08 19:35:31
248,920,1,2026-08-14 22:55:50
248,100,3,2026-07-20 22:44:29
248,410,2,2026-07-23 22:02:23
248,852,3,2026-08-05 23:14:38
248,466,3,2026-07-21 17:57:40
248,355,3,2026-08-13 05:43:23
248,987,5,2026-07-26 04:05:09
248,924,4,2026-08-14 17:54:33
248,625,5,2026-08-11 22:36:56
248,739,3,2026-07-17 15:10:22
249,273,4,2026-08-10 19:57:11
249,316,3,2026-08-12 04:37:12
249,110,3,2026-07-18 13:38:58
249,571,4,2026-07-26 16:19:39
249,297,2,2026-07-21 10:34:16
249,980,3,2026-08-01 06:26:01
249,447,2,2026-07-25 01:05:51
249,540,3,2026-07-21 19:07:50
249,434,1,2026-07-19 05:17:04
249,295,1,2026-07-21 21:10:42
249,321,3,2026-08-02 05:30:11
249,947,2,2026-07-28 20:48:31
249,87,1,2026-08-13 15:22:15
249,322,4,2026-07-27 06:40:34
249,51,3,2026-07-26 22:20:24
249,341,3,2026-08-13 06:29:46
249,131,2,2026-07-17 14:00:36
249,154,3,2026-07-27 00:53:27
250,210,5,2026-07-22 19:11:09
250,367,1,2026-08-14 16:33:36
250,893,2,2026-08-07 07:48:17
250,937,1,2026-07-27 22:44:45
250,801,5,2026-07-27 06:06:55
250,466,5,2026-07-30 16:18:16
250,647,4,2026-07-16 15:53:08
250,802,2,2026-08-12 18:46:35
250,124,2,2026-08-03 10:06:23
250,63,3,2026-07-30 16:55:53
250,356,4,2026-08-14 22:54:33
251,646,5,2026-08-06 15:52:00
251,672,3,2026-07-31 13:40:35
251,605,1,2026-07-18 04:36:14
251,428,5,2026-08-11 21:48:30
251,165,4,2026-08-11 22:13:51
251,712,5,2026-07-31 20:15:03
251,11,4,2026-08-06 16:18:02
251,884,1,2026-07-17 15:39:58
251,139,1,2026-07-23 04:20:07
251,14,3,2026-08-04 14:05:10
251,949,4,2026-08-01 14:02:25
252,411,2,2026-07-19 07:02:08
252,634,4,2026-08-09 09:41:45
252,899,4,2026-07-16 19:50:41
252,941,4,2026-08-09 09:18:33
252,463,2,2026-08-10 11:26:41
253,459,5,2026-07-18 01:12:43
253,273,3,2026-08-14 17:01:18
253,434,1,2026-07-26 08:49:13
253,984,5,2026-07-26 14:14:33
253,528,2,2026-07-21 21:31:51
253,487,5,2026-07-22 21:59:00
253,332,3,2026-08-15 05:46:58
253,294,2,2026-08-10 05:31:15
253,814,1,2026-07-18 23:12:08
253,858,2,2026-07-22 04:46:35
253,1,2,2026-08-03 22:29:35
253,533,3,2026-07-17 17:38:07
253,90,2,2026-07-17 03:17:40
253,449,2,2026-08-06 02:04:47
254,554,1,2026-07-20 15:21:01
254,420,3,2026-08-07 08:36:43
254,230,5,2026-07-27 20:24:36
254,281,1,2026-07-27 03:40:01
254,144,3,2026-07-17 13:27:54
254,24,3,2026-08-08 06:50:13
254,457,3,2026-08-09 07:26:02
254,914,4,2026-07-28 02:05:50
254,270,4,2026-08-14 19:30:00
254,882,4,2026-08-04 19:18:02
254,916,1,2026-08-02 11:45:42
254,953,1,2026-08-10 10:43:37
254,521,4,2026-07-28 09:47:34
254,536,4,2026-08-03 19:44:45
254,368,5,2026-08-11 20:54:20
254,443,3,2026-08-06 22:43:58
254,11,3,2026-07-23 18:32:37
255,307,1,2026-08-05 05:15:38
255,849,1,2026-07-26 06:13:45
255,972,1,2026-07-23 13:48:44
255,865,1,2026-07-20 03:39:47
255,83,3,2026-07-29 21:35:12
255,244,1,2026-08-04 09:49:54
255,438,5,2026-08-12 23:27:52
255,933,2,2026-08-03 15:23:07
255,164,3,2026-08-13 13:11:47
255,298,1,2026-07-30 09:49:44
255,63,1,2026-08-07 19:44:29
255,75,4,2026-08-08 03:27:28
255,320,1,2026-08-04 07:19:23
255,209,5,2026-08-08 18:35:30
255,612,2,2026-08-11 06:47:37
255,867,2,2026-08-06 15:46:02
255,150,3,2026-07-28 20:43:49
255,654,1,2026-08-05 04:43:50
255,600,5,2026-08-10 10:29:13
255,922,2,2026-08-12 05:08:39
256,446,4,2026-07-17 06:58:35
256,605,5,2026-07-27 05:46:02
256,356,5,2026-08-06 13:34:09
256,870,4,2026-07-29 13:57:08
256,417,4,2026-07-26 06:49:26
256,425,3,2026-07-28 19:53:01
257,913,3,2026-07-27 02:31:24
257,672,2,2026-07-25 05:34:34
257,309,5,2026-08-05 07:53:30
257,203,1,2026-08-05 08:03:12
257,410,1,2026-07-28 09:26:08
257,153,5,2026-08-11 02:03:26
257,718,1,2026-07-19 12:35:39
258,550,3,2026-07-20 22:55:16
258,188,2,2026-08-12 14:35:52
258,125,5,2026-08-09 02:25:23
258,414,1,2026-07-31 02:37:47
258,461,1,2026-08-03 20:21:50
259,416,5,2026-08-10 00:35:58
259,155,1,2026-07-17 20:44:52
259,566,3,2026-08-10 07:50:28
259,410,5,2026-08-06 19:33:59
259,287,4,2026-08-10 21:56:27
259,822,2,2026-08-10 01:17:30
259,121,3,2026-07-27 01:14:41
259,850,2,2026-08-10 10:17:07
259,256,3,2026-07-28 19:43:00
259,541,2,2026-07-17 22:57:39
259,967,4,2026-08-02 11:34:04
259,468,5,2026-07-26 15:10:08
259,504,1,2026-07-25 09:33:01
259,476,1,2026-07-16 17:46:42
259,963,5,2026-08-11 10:56:16
259,987,2,2026-07-24 22:59:11
259,32,2,2026-08-11 15:28:47
259,554,1,2026-08-02 07:22:27
259,80,5,2026-08-13 17:15:38
259,918,2,2026-07-17 03:45:51
260,606,2,2026-08-03 15:41:12
260,568,2,2026-08-07 14:15:14
260,614,2,2026-07-18 21:44:05
260,877,5,2026-07-20 14:40:26
260,10,2,2026-07-31 18:13:08
260,989,5,2026-08-01 00:59:54
260,209,4,2026-08-10 07:05:34
260,645,5,2026-07-22 05:26:28
260,104,1,2026-07-27 10:04:11
260,278,2,2026-07-23 13:38:36
260,868,3,2026-07-27 11:49:37
260,657,1,2026-08-12 00:14:21
260,856,5,2026-08-05 11:35:43
260,582,1,2026-08-05 20:43:15
260,944,5,2026-08-11 04:43:18
261,734,1,2026-08-05 16:49:26
261,612,1,2026-07-24 22:41:54
261,387,3,2026-08-03 16:30:20
261,198,4,2026-07-30 17:36:46
261,497,5,2026-07-27 12:14:59
261,869,3,2026-08-14 20:25:57
261,319,3,2026-07-28 14:13:53
261,347,1,2026-07-29 21:35:15
261,6,2,2026-07-29 14:03:53
261,935,3,2026-07-27 17:53:23
261,381,3,2026-08-12 00:53:44
261,38,2,2026-07-23 08:22:13
261,588,1,2026-07-31 19:06:04
261,788,3,2026-08-02 11:54:14
261,917,2,2026-08-07 16:18:48
261,619,3,2026-08-12 19:08:57
261,502,4,2026-08-09 18:06:32
262,624,5,2026-07-19 21:57:14
262,222,4,2026-08-08 21:59:25
262,745,1,2026-08-12 23:11:45
262,811,3,2026-08-12 02:25:38
262,304,1,2026-07-22 20:32:22
262,424,3,2026-07-18 13:37:46
263,180,2,2026-08-10 12:27:35
263,817,4,2026-07-20 16:41:45
263,736,3,2026-08-12 20:02:21
263,449,2,2026-08-05 03:36:27
263,596,4,2026-08-06 13:08:03
264,860,5,2026-08-14 19:34:06
264,650,3,2026-08-03 22:36:23
264,518,1,2026-08-02 18:01:31
264,784,5,2026-07-28 20:43:36
264,492,3,2026-08-09 03:44:20
264,833,3,2026-08-04 17:11:35
264,309,3,2026-07-20 06:35:22
265,931,4,2026-07-19 23:05:40
265,102,2,2026-08-09 00:58:55
265,875,3,2026-08-09 21:11:06
265,909,4,2026-08-06 19:50:22
265,744,3,2026-07-28 10:55:21
265,585,3,2026-08-05 16:33:48
265,975,3,2026-08-02 11:53:55
265,974,3,2026-08-14 20:42:17
265,425,5,2026-07-27 09:10:34
265,826,4,2026-07-24 00:26:12
265,326,5,2026-07-25 16:45:34
265,890,1,2026-07-30 16:13:57
265,827,1,2026-08-10 19:18:45
265,934,2,2026-08-07 22:08:09
265,942,3,2026-08-09 10:52:41
266,457,3,2026-08-12 23:10:50
266,80,1,2026-08-11 23:27:40
266,41,4,2026-07-17 05:29:29
266,168,1,2026-07-30 03:42:26
266,619,3,2026-07-25 12:10:02
266,669,3,2026-08-11 14:39:22
266,533,5,2026-07-19 07:16:06
266,4,2,2026-07-26 22:41:30
266,434,2,2026-07-31 04:37:40
266,424,2,2026-08-12 22:52:56
266,327,1,2026-07-25 05:44:52
266,965,1,2026-08-10 17:36:34
266,33,1,2026-08-09 18:08:59
266,209,3,2026-07-23 21:19:11
266,680,3,2026-07-22 14:26:01
266,922,1,2026-07-23 08:02:40
267,357,3,2026-07-25 02:45:53
267,236,1,2026-07-26 09:47:28
267,637,5,2026-08-15 12:08:22
267,215,4,2026-07-30 11:33:01
267,563,2,2026-07-17 16:33:22
267,360,4,2026-07-26 12:41:39
267,954,3,2026-08-04 03:31:52
267,239,5,2026-07-31 06:59:44
267,297,2,2026-07-28 19:48:20
267,448,5,2026-08-07 23:13:06
267,274,2,2026-08-13 02:04:39
267,126,5,2026-08-10 06:17:14
267,449,5,2026-08-04 22:01:16
267,828,1,2026-07-25 13:22:21
268,58,5,2026-08-14 09:51:26
268,50,2,2026-07-29 00:05:59
268,867,5,2026-07-30 02:10:04
268,963,4,2026-08-13 10:13:13
268,194,2,2026-08-11 13:39:43
268,342,4,2026-07-27 09:44:12
268,119,4,2026-08-07 16:04:21
268,648,5,2026-07-30 17:09:43
268,805,2,2026-07-31 05:06:13
268,584,4,2026-07-20 02:50:10
268,877,5,2026-08-08 05:48:39
268,814,3,2026-08-13 10:27:26
268,386,2,2026-07-18 23:42:03
268,18,3,2026-07-25 00:01:33
268,909,2,2026-08-12 00:20:30
268,713,1,2026-07-21 10:39:42
268,297,4,2026-07-27 03:36:37
268,613,3,2026-07-24 12:48:46
268,628,3,2026-07-26 10:15:44
269,344,1,2026-07-18 16:31:59
269,51,5,2026-07-22 05:01:42
269,555,4,2026-07-29 12:45:01
269,655,1,2026-07-18 16:48:02
269,784,3,2026-07-16 22:18:08
269,307,5,2026-08-09 05:35:50
269,319,4,2026-08-10 22:13:24
269,29,2,2026-07-23 17:01:00
269,260,1,2026-07-23 15:59:54
269,807,4,2026-07-20 19:33:07
269,166,2,2026-08-13 14:59:55
269,733,2,2026-08-14 01:42:50
269,675,3,2026-08-14 00:39:35
269,502,3,2026-07-24 01:13:39
269,561,2,2026-08-06 19:28:22
269,648,5,2026-07-17 14:48:49
269,941,5,2026-07-26 06:13:10
269,671,2,2026-08-08 19:43:22
269,210,4,2026-08-12 06:07:19
269,84,2,2026-08-02 10:15:01
270,969,3,2026-08-06 08:34:59
270,483,4,2026-07-26 15:18:15
270,684,5,2026-08-10 16:59:17
270,624,1,2026-07-16 20:02:34
270,910,3,2026-07-20 00:24:42
270,69,2,2026-07-22 00:51:36
270,157,2,2026-07-31 09:42:44
270,596,2,2026-08-04 06:59:53
270,828,2,2026-08-05 20:01:58
270,400,2,2026-07-16 20:45:13
270,320,3,2026-08-14 18:17:46
270,647,3,2026-07-27 15:30:05
270,785,2,2026-08-14 05:42:04
270,815,5,2026-08-11 04:44:02
270,525,5,2026-07-29 20:02:29
270,408,5,2026-08-13 19:47:52
270,605,5,2026-08-12 10:47:28
271,437,3,2026-07-29 20:30:09
271,500,2,2026-08-11 03:09:50
271,923,1,2026-08-09 23:14:43
271,170,1,2026-07-27 07:04:06
271,960,5,2026-08-13 23:52:59
271,879,2,2026-08-09 14:53:37
271,222,4,2026-07-27 13:56:18
271,487,3,2026-08-09 07:02:50
271,408,4,2026-08-14 08:27:12
271,25,2,2026-07-29 16:31:53
271,877,4,2026-07-27 18:24:33
271,220,1,2026-08-09 14:33:26
271,248,5,2026-07-24 22:16:31
271,862,1,2026-08-01 17:39:22
271,547,3,2026-08-13 16:19:20
271,774,3,2026-07-21 00:40:07
272,947,5,2026-08-11 09:38:01
272,568,1,2026-07-17 09:55:50
272,728,5,2026-07-31 08:05:25
272,889,3,2026-08-03 11:35:30
272,10,5,2026-07-17 13:58:45
272,16,3,2026-07-26 03:39:43
273,456,3,2026-08-11 08:53:30
273,882,3,2026-08-05 09:44:47
273,461,1,2026-07-26 07:00:46
273,261,1,2026-08-08 11:53:57
273,641,1,2026-08-03 15:20:51
273,70,3,2026-07-21 15:15:10
273,667,3,2026-08-09 23:53:39
273,902,1,2026-07-31 06:02:54
273,442,5,2026-07-22 11:56:49
273,423,4,2026-08-06 15:55:15
273,721,3,2026-07-25 01:50:32
273,901,3,2026-08-14 12:48:45
273,843,4,2026-07-28 09:20:23
273,684,4,2026-07-29 17:26:15
273,659,4,2026-07-17 15:15:21
273,413,2,2026-07-16 16:41:37
274,684,5,2026-07-31 18:29:42
274,912,1,2026-08-13 23:21:00
274,947,4,2026-08-13 13:43:41
274,960,5,2026-08-05 15:40:15
274,572,3,2026-07-27 14:13:14
274,274,1,2026-08-06 13:40:53
275,278,1,2026-08-01 06:11:33
275,198,1,2026-08-07 01:25:30
275,587,3,2026-08-11 10:07:48
275,578,2,2026-08-01 08:02:49
275,415,5,2026-07-20 08:35:01
275,356,2,2026-07-28 00:30:58
275,51,3,2026-08-02 08:37:35
275,749,5,2026-08-11 01:45:54
275,645,5,2026-07-25 23:54:18
275,685,5,2026-08-14 23:44:34
275,167,1,2026-08-03 00:20:37
275,136,4,2026-08-14 13:49:26
275,22,3,2026-07-18 06:33:24
275,440,1,2026-07-26 20:27:56
275,264,1,2026-07-27 01:26:39
276,837,1,2026-08-08 11:15:26
276,814,3,2026-08-02 06:37:52
276,650,1,2026-07-31 05:10:02
276,829,2,2026-07-24 06:51:15
276,366,1,2026-08-01 23:10:36
276,165,3,2026-07-24 13:12:54
276,383,2,2026-08-10 17:35:08
276,550,4,2026-08-11 20:49:31
276,137,2,2026-08-04 04:33:24
276,934,1,2026-08-03 13:15:49
276,729,3,2026-07-25 15:25:18
277,519,1,2026-08-03 08:50:28
277,927,3,2026-08-04 18:53:53
277,69,2,2026-07-20 11:56:44
277,558,3,2026-07-21 03:02:51
277,267,5,2026-07-28 12:16:11
277,17,3,2026-08-05 05:19:12
277,572,4,2026-07-26 08:41:57
277,836,5,2026-08-03 19:40:02
277,486,3,2026-07-21 21:11:39
277,238,1,2026-08-13 21:43:51
277,753,5,2026-07-20 20:58:48
277,527,3,2026-08-13 08:03:44
278,613,5,2026-07-30 16:33:33
278,197,3,2026-08-02 08:19:23
278,792,5,2026-08-13 00:43:00
278,826,5,2026-08-09 08:49:06
278,605,3,2026-07-30 18:29:01
278,22,1,2026-07-31 07:18:59
278,999,4,2026-07-20 18:07:41
278,461,2,2026-08-02 08:51:20
278,296,1,2026-07-18 00:11:04
278,698,5,2026-08-13 06:59:19
278,93,2,2026-08-07 18:17:49
278,997,3,2026-08-12 01:11:01
278,412,2,2026-07-19 23:22:13
278,659,2,2026-08-13 06:13:53
278,808,1,2026-07-16 19:47:21
278,529,3,2026-07-27 13:03:27
278,887,2,2026-07-31 14:03:45
278,426,4,2026-07-25 23:26:19
279,979,1,2026-07-17 04:03:39
279,899,4,2026-08-01 14:10:17
279,167,5,2026-07-29 21:04:00
279,556,1,2026-07-21 16:43:33
279,816,5,2026-07-26 01:32:15
279,550,2,2026-07-17 15:33:36
279,434,5,2026-07-26 15:50:22
279,21,5,2026-08-02 16:19:21
279,557,3,2026-08-04 06:22:58
279,931,4,2026-07-21 17:59:20
279,198,2,2026-07-21 21:35:23
279,601,3,2026-07-25 23:49:13
279,84,5,2026-08-05 03:43:31
279,212,5,2026-08-04 03:41:03
279,679,1,2026-08-10 11:37:51
279,268,5,2026-07-22 19:25:28
279,140,2,2026-08-14 21:45:35
280,817,1,2026-08-04 21:07:20
280,511,5,2026-07-25 20:58:26
280,6,2,2026-08-03 13:02:08
280,397,1,2026-07-22 20:49:16
280,197,3,2026-08-09 13:54:22
280,444,1,2026-08-01 15:55:02
280,851,3,2026-07-28 00:30:03
280,463,3,2026-07-21 16:59:12
280,412,3,2026-08-15 01:26:59
280,314,5,2026-07-18 05:04:56
280,998,5,2026-08-03 00:02:39
280,402,4,2026-08-06 16:32:59
280,958,2,2026-07-20 15:29:16
280,540,5,2026-08-14 12:03:55
280,309,2,2026-07-23 15:55:38
280,591,2,2026-07-19 11:09:50
280,325,5,2026-08-03 08:05:08
280,185,4,2026-07-21 09:21:09
281,647,4,2026-08-13 15:19:20
281,355,3,2026-08-05 07:38:49
281,992,4,2026-07-27 19:34:56
281,776,5,2026-08-02 17:02:01
281,561,3,2026-08-02 01:12:26
281,440,2,2026-07-27 20:20:52
282,839,5,2026-07-31 03:18:07
282,134,1,2026-07-17 06:15:02
282,297,5,2026-08-02 15:21:05
282,539,3,2026-08-07 19:32:59
282,100,2,2026-07-27 14:16:31
282,25,5,2026-07-22 12:49:54
282,698,4,2026-08-03 23:13:19
282,664,3,2026-08-04 21:29:17
282,283,3,2026-07-16 18:46:05
282,414,3,2026-08-02 10:23:15
282,901,1,2026-07-25 03:04:51
282,853,5,2026-07-19 12:49:52
282,117,2,2026-08-02 19:08:25
282,257,4,2026-07-20 05:38:00
282,523,1,2026-07-30 18:44:58
282,254,2,2026-07-21 13:36:56
282,145,3,2026-08-06 00:53:49
283,631,4,2026-07-27 09:26:53
283,628,4,2026-07-21 15:04:15
283,840,3,2026-07-22 07:37:37
283,970,3,2026-08-12 04:18:01
283,849,2,2026-07-26 06:19:12
283,111,3,2026-08-02 07:40:31
283,668,4,2026-07-28 13:45:04
283,650,1,2026-07-17 18:03:16
283,480,4,2026-07-16 18:30:52
283,234,1,2026-07-30 01:12:51
283,981,1,2026-08-06 07:29:07
283,306,5,2026-07-28 20:27:50
283,368,3,2026-08-13 20:59:35
283,460,2,2026-07-18 10:12:17
283,55,3,2026-07-27 04:06:32
283,387,2,2026-08-01 23:42:55
284,292,1,2026-08-01 04:49:36
284,747,1,2026-08-02 11:25:22
284,966,3,2026-07-23 19:54:43
284,461,5,2026-07-29 18:13:22
284,207,3,2026-08-10 19:48:38
284,654,2,2026-07-22 10:41:08
284,359,3,2026-08-14 20:23:52
284,712,4,2026-08-09 00:28:45
284,987,5,2026-07-23 16:14:02
284,656,1,2026-08-09 23:40:47
284,720,2,2026-07-25 01:05:08
284,349,2,2026-08-07 17:42:04
284,985,2,2026-08-02 14:17:39
285,183,2,2026-08-07 15:59:39
285,108,1,2026-08-05 18:06:10
285,735,4,2026-07-20 07:19:55
285,127,1,2026-07-20 15:22:15
285,682,1,2026-08-12 04:53:59
285,497,3,2026-07-25 14:31:12
285,145,2,2026-07-18 05:42:56
285,792,1,2026-07-25 01:04:41
285,505,3,2026-08-02 18:08:01
285,356,5,2026-08-06 13:01:19
285,708,4,2026-07-21 22:43:51
285,240,1,2026-08-02 18:08:37
285,57,2,2026-07-30 05:38:51
285,343,4,2026-07-25 06:08:58
285,793,2,2026-08-01 23:55:11
286,835,5,2026-08-11 21:19:57
286,335,5,2026-07-31 07:31:10
286,601,3,2026-07-20 07:40:58
286,7,3,2026-08-10 17:09:14
286,100,4,2026-08-06 19:11:54
286,585,2,2026-07-20 04:11:58
286,647,1,2026-07-21 06:22:18
286,772,3,2026-07-26 20:37:17
286,45,4,2026-07-22 05:09:11
286,11,1,2026-07-16 23:30:29
286,438,1,2026-08-14 05:44:40
286,468,2,2026-08-05 15:41:28
286,288,5,2026-07-18 02:59:34
286,547,2,2026-08-13 21:24:08
287,950,2,2026-07-26 18:20:09
287,972,3,2026-07-26 12:42:49
287,392,3,2026-07-20 11:14:28
287,769,3,2026-08-07 22:12:14
287,813,3,2026-08-10 22:05:11
287,924,5,2026-07-31 22:47:07
287,834,5,2026-07-24 05:07:32
287,815,1,2026-07-20 18:54:24
287,554,1,2026-07-16 18:14:26
287,425,5,2026-08-12 20:47:08
287,957,1,2026-07-31 20:39:31
287,216,1,2026-07-25 06:27:54
287,362,3,2026-08-09 20:55:59
287,831,3,2026-07-31 16:28:49
287,502,2,2026-08-14 20:37:28
287,608,5,2026-08-01 21:04:41
287,916,5,2026-08-07 01:44:01
288,523,1,2026-07-20 10:02:16
288,409,3,2026-08-01 17:21:24
288,499,3,2026-07-19 23:50:01
288,917,3,2026-08-13 02:37:25
288,491,1,2026-07-23 12:34:56
288,864,2,2026-07-18 05:31:18
288,508,5,2026-08-02 08:36:15
288,766,4,2026-08-05 23:47:16
288,809,1,2026-07-27 19:37:35
288,30,4,2026-07-31 11:17:59
289,317,3,2026-08-08 16:35:20
289,166,5,2026-07-26 15:11:35
289,131,5,2026-07-25 20:43:31
289,105,2,2026-08-11 10:00:28
289,173,5,2026-07-28 20:08:39
289,252,4,2026-08-10 01:47:27
289,200,5,2026-07-22 01:17:08
289,899,3,2026-08-03 05:58:30
289,75,1,2026-08-04 10:53:12
289,97,1,2026-07-31 06:29:20
289,349,4,2026-08-10 00:45:29
290,123,4,2026-08-10 17:11:21
290,590,3,2026-08-05 04:21:08
290,824,5,2026-07-23 21:45:19
290,751,3,2026-07-31 00:08:59
290,566,5,2026-07-30 14:53:55
290,171,3,2026-07-22 17:01:42
290,893,1,2026-07-18 01:19:20
290,409,3,2026-08-15 03:33:03
290,298,4,2026-08-01 12:32:52
290,253,3,2026-07-20 03:00:25
290,304,4,2026-08-06 21:49:32
290,176,4,2026-08-02 09:07:47
290,940,4,2026-07-18 09:55:32
290,617,1,2026-07-18 04:08:32
291,468,4,2026-08-02 05:24:34
291,116,1,2026-07-17 22:58:03
291,948,2,2026-08-14 18:19:39
291,182,4,2026-07-26 16:13:53
291,937,3,2026-08-02 03:07:21
291,575,4,2026-08-05 13:03:50
291,64,4,2026-08-02 15:40:17
292,619,3,2026-08-11 15:53:57
292,697,2,2026-07-18 08:18:58
292,854,2,2026-07-24 13:02:15
292,794,5,2026-07-30 05:33:44
292,751,4,2026-08-05 12:28:57
292,849,2,2026-07-24 12:10:39
292,536,3,2026-08-03 01:48:38
292,544,2,2026-08-10 20:06:08
292,1000,2,2026-07-17 19:08:43
292,242,5,2026-07-23 23:41:36
292,250,1,2026-08-06 11:50:12
293,196,5,2026-08-11 23:49:06
293,479,1,2026-07-26 16:33:19
293,144,2,2026-07-18 09:05:57
293,393,5,2026-08-12 22:09:51
293,189,3,2026-08-05 22:41:45
293,452,5,2026-07-17 23:54:45
293,663,2,2026-07-28 13:00:27
294,14,4,2026-07-24 15:59:11
294,369,2,2026-08-14 17:11:48
294,90,2,2026-07-22 12:02:34
294,414,4,2026-08-02 22:48:50
294,396,4,2026-07-19 00:25:18
294,972,1,2026-08-15 09:37:12
294,495,3,2026-08-08 22:40:40
294,73,2,2026-08-14 20:07:29
294,474,1,2026-07-18 09:52:52
294,712,5,2026-07-20 14:11:35
294,989,3,2026-08-14 00:09:38
294,404,4,2026-08-12 11:57:19
294,529,1,2026-07-21 04:40:05
294,545,4,2026-08-08 21:13:04
294,930,2,2026-07-22 07:37:48
294,354,4,2026-07-29 14:40:22
294,614,4,2026-07-27 08:30:18
294,486,1,2026-08-02 20:12:31
294,520,1,2026-08-07 22:28:44
295,466,3,2026-08-05 01:13:23
295,412,2,2026-07-26 06:58:48
295,587,1,2026-07-22 10:45:00
295,55,4,2026-07-25 13:35:15
295,618,3,2026-08-06 17:28:26
295,453,5,2026-08-09 19:09:20
295,11,4,2026-08-04 21:36:01
295,506,5,2026-07-29 16:57:05
295,147,3,2026-07-25 00:15:37
295,862,5,2026-07-31 15:08:03
295,826,5,2026-08-01 06:12:04
295,394,3,2026-08-05 09:34:06
295,162,3,2026-08-11 01:53:47
295,981,2,2026-07-25 05:19:01
295,133,3,2026-07-28 07:21:35
295,96,5,2026-07-31 13:36:05
295,946,2,2026-07-23 13:53:30
295,177,1,2026-07-24 14:52:15
295,299,3,2026-08-07 20:23:42
296,409,3,2026-08-15 09:15:54
296,421,2,2026-07-27 19:15:28
296,642,2,2026-07-29 04:03:03
296,852,3,2026-08-09 22:11:11
296,523,3,2026-08-11 15:32:30
296,665,1,2026-07-31 23:36:23
296,668,3,2026-07-31 14:46:29
296,738,5,2026-07-31 01:09:29
296,514,5,2026-08-13 20:23:45
296,896,3,2026-07-19 21:10:00
296,943,5,2026-08-06 23:05:00
296,776,1,2026-07-27 20:41:29
296,661,5,2026-07-23 06:56:31
296,485,5,2026-07-21 02:40:21
297,440,5,2026-08-12 10:11:07
297,76,3,2026-08-11 21:10:14
297,730,3,2026-07-25 21:04:53
297,24,5,2026-08-12 12:55:26
297,444,3,2026-08-07 21:41:14
297,464,2,2026-08-02 23:00:01
297,769,5,2026-08-14 01:17:37
297,135,1,2026-07-16 16:30:19
297,706,2,2026-08-14 13:01:54
297,314,1,2026-08-05 22:03:43
297,756,4,2026-08-03 02:27:21
297,291,2,2026-08-06 16:07:26
297,169,5,2026-07-19 02:31:30
297,22,4,2026-08-08 02:37:34
297,834,1,2026-08-06 11:46:37
297,966,5,2026-08-14 04:49:20
297,807,1,2026-08-09 18:48:46
297,445,1,2026-08-01 23:31:21
298,280,3,2026-07-26 02:18:47
298,505,4,2026-08-09 22:39:07
298,471,3,2026-08-10 22:41:05
298,962,3,2026-08-10 20:26:50
298,453,1,2026-07-17 09:00:01
298,311,2,2026-07-26 03:54:07
298,640,1,2026-08-06 12:06:57
298,622,5,2026-08-12 23:01:30
298,727,5,2026-07-18 18:23:25
298,952,4,2026-08-02 12:28:47
298,959,1,2026-08-07 17:46:55
298,589,3,2026-07-25 12:05:06
298,309,2,2026-08-15 12:24:15
298,354,1,2026-07-21 18:02:23
299,790,1,2026-07-19 02:51:34
299,335,3,2026-08-04 23:56:08
299,920,4,2026-08-05 13:32:19
299,691,3,2026-08-11 01:04:29
299,223,1,2026-08-14 07:31:53
299,782,3,2026-08-01 10:00:52
299,574,2,2026-08-07 22:52:49
299,180,4,2026-07-23 14:28:01
299,100,2,2026-07-30 16:46:43
299,345,1,2026-07-29 11:48:12
299,47,2,2026-08-07 16:25:30
299,139,5,2026-07-19 03:46:41
299,261,3,2026-08-12 14:50:46
299,810,2,2026-07-22 15:34:16
299,498,1,2026-07-30 19:40:16
299,26,1,2026-07-31 05:07:32
299,423,5,2026-07-24 20:24:37
300,27,3,2026-07-29 06:29:35
300,289,3,2026-07-31 00:44:16
300,80,4,2026-08-03 08:01:37
300,801,4,2026-08-11 15:53:33
300,388,1,2026-08-07 13:46:23
300,615,5,2026-08-09 20:25:29
300,468,5,2026-07-29 17:40:34
300,595,5,2026-08-04 08:28:39
300,205,3,2026-07-18 15:51:11
300,442,1,2026-07-17 21:21:10
300,195,1,2026-08-11 06:03:30
300,398,1,2026-07-17 16:56:49
300,950,5,2026-08-07 21:54:15
300,786,5,2026-07-21 02:45:07
300,705,1,2026-08-02 02:53:42
300,405,4,2026-07-23 20:29:43
300,531,1,2026-07-24 05:16:11
300,982,3,2026-07-28 23:40:31
301,851,3,2026-07-27 08:24:18
301,445,4,2026-07-21 22:42:11
301,634,2,2026-08-13 11:45:06
301,164,2,2026-07-27 23:15:55
301,593,5,2026-08-13 16:23:44
301,256,3,2026-07-29 00:17:59
302,273,1,2026-07-30 15:43:12
302,247,1,2026-08-11 06:30:14
302,354,5,2026-08-03 12:43:04
302,746,1,2026-08-09 22:46:16
302,726,3,2026-07-23 09:47:48
303,463,5,2026-08-13 05:14:14
303,581,2,2026-08-04 21:19:18
303,689,1,2026-07-28 11:39:26
303,661,5,2026-08-10 09:38:56
303,764,3,2026-08-05 07:01:39
304,508,4,2026-07-17 05:05:18
304,962,3,2026-08-08 22:56:38
304,880,5,2026-08-11 06:11:25
304,518,2,2026-08-11 14:24:43
304,895,4,2026-08-02 05:31:52
304,226,2,2026-07-24 01:26:10
304,24,1,2026-08-01 16:52:49
304,996,4,2026-07-21 14:22:34
304,222,5,2026-07-26 09:56:15
304,678,2,2026-08-06 03:45:14
304,588,1,2026-07-18 23:18:42
304,230,3,2026-07-20 06:42:22
304,499,2,2026-08-05 17:23:28
304,586,2,2026-07-30 12:28:15
304,170,3,2026-08-07 16:29:14
304,95,5,2026-07-31 01:08:11
304,152,2,2026-08-05 03:44:53
304,358,3,2026-08-08 13:09:37
304,151,4,2026-08-05 05:52:24
305,92,4,2026-07-17 01:07:32
305,645,3,2026-07-24 03:28:12
305,515,3,2026-07-29 10:12:27
305,18,3,2026-07-30 08:07:23
305,919,3,2026-08-13 07:18:39
305,79,2,2026-07-18 00:13:01
305,110,3,2026-08-11 07:46:12
306,617,4,2026-08-07 09:12:12
306,293,4,2026-08-07 18:49:54
306,246,1,2026-07-23 10:06:05
306,634,2,2026-08-11 13:27:41
306,33,1,2026-08-08 15:21:29
306,559,1,2026-08-12 18:10:09
306,417,5,2026-07-19 16:39:42
306,55,1,2026-07-25 07:50:55
306,87,2,2026-07-21 03:36:31
306,145,3,2026-08-12 14:10:14
306,534,4,2026-07-24 09:37:54
306,711,5,2026-08-01 03:27:50
306,244,1,2026-08-03 13:48:30
306,29,1,2026-07-21 04:36:08
306,9,5,2026-08-11 16:59:14
307,668,1,2026-08-02 07:53:01
307,162,3,2026-08-06 00:47:57
307,960,5,2026-08-12 23:05:31
307,609,3,2026-07-18 17:27:02
307,542,3,2026-08-13 20:23:19
307,889,3,2026-08-08 23:00:36
307,262,4,2026-08-07 18:57:56
307,373,2,2026-08-02 11:54:09
307,170,4,2026-07-24 13:00:13
307,973,4,2026-08-12 08:26:25
307,928,1,2026-08-15 13:57:34
307,897,5,2026-08-09 03:13:11
307,32,5,2026-08-09 11:41:54
307,339,1,2026-07-22 17:31:08
307,680,5,2026-07-29 09:17:09
307,798,4,2026-08-15 15:18:53
307,61,1,2026-08-09 15:31:31
307,981,4,2026-08-09 05:01:30
308,298,1,2026-08-10 21:16:49
308,114,1,2026-07-16 16:37:19
308,243,3,2026-07-25 08:47:16
308,701,5,2026-08-04 19:53:48
308,921,4,2026-07-23 23:57:53
308,379,2,2026-08-01 02:09:33
308,255,1,2026-08-05 22:13:04
308,686,2,2026-07-21 02:29:12
308,330,2,2026-07-21 06:47:02
308,863,2,2026-08-15 05:51:38
308,977,5,2026-07-20 03:14:15
308,279,2,2026-07-20 19:01:15
308,925,5,2026-07-21 23:13:09
308,811,3,2026-07-31 05:46:01
308,885,5,2026-08-10 02:50:32
308,39,1,2026-08-12 00:35:50
309,434,1,2026-07-25 12:26:51
309,212,5,2026-08-14 16:08:43
309,587,1,2026-07-17 08:30:53
309,940,4,2026-07-16 17:24:03
309,349,2,2026-07-20 02:21:48
309,278,2,2026-08-13 13:52:45
309,11,3,2026-08-10 07:05:16
309,682,1,2026-07-26 23:08:09
309,650,2,2026-08-11 17:05:15
309,703,5,2026-07-23 19:40:23
309,519,4,2026-07-29 14:38:14
309,476,1,2026-07-18 18:00:42
309,428,2,2026-07-31 00:21:20
309,116,5,2026-07-25 01:33:56
309,252,3,2026-08-03 20:30:13
309,487,3,2026-07-28 04:56:50
309,819,4,2026-08-13 00:29:37
309,834,1,2026-07-20 03:51:55
309,846,1,2026-08-14 22:49:16
309,126,1,2026-08-14 23:54:16
310,801,5,2026-08-03 07:00:11
310,900,5,2026-08-04 06:45:21
310,245,1,2026-07-18 04:29:36
310,800,5,2026-07-18 14:22:44
310,5,5,2026-07-21 17:56:28
310,117,3,2026-07-30 18:23:45
310,14,4,2026-08-06 21:19:44
310,55,4,2026-08-03 13:08:06
310,397,2,2026-07-25 11:20:38
310,913,3,2026-08-04 18:25:31
310,488,3,2026-08-06 15:21:47
310,804,5,2026-08-14 06:56:25
310,91,4,2026-07-21 00:34:34
310,65,1,2026-07-30 04:18:36
310,503,3,2026-08-15 02:55:25
310,573,5,2026-07-27 05:39:58
310,122,1,2026-08-07 00:55:44
310,923,4,2026-08-12 08:16:09
310,100,1,2026-07-18 12:48:56
311,934,5,2026-08-13 06:37:20
311,847,5,2026-07-25 05:16:48
311,702,1,2026-07-18 23:57:37
311,586,2,2026-07-18 04:10:55
311,562,4,2026-07-21 02:30:10
311,167,5,2026-07-27 20:40:54
311,589,1,2026-07-16 21:04:07
311,761,4,2026-08-10 12:20:58
311,824,4,2026-08-05 05:20:27
311,599,5,2026-08-01 11:22:17
311,482,3,2026-07-23 09:48:20
311,181,3,2026-07-22 08:56:09
312,980,2,2026-07-29 17:06:57
312,665,1,2026-08-11 06:27:38
312,280,2,2026-08-02 06:08:16
312,821,4,2026-08-12 16:57:45
312,398,2,2026-08-12 18:42:01
312,199,2,2026-08-13 14:37:16
312,44,5,2026-07-24 15:00:32
312,338,5,2026-08-15 10:27:02
312,276,3,2026-07-25 15:31:00
313,947,2,2026-08-05 18:46:42
313,634,1,2026-07-30 16:53:53
313,882,2,2026-07-21 12:48:22
313,581,5,2026-07-30 19:06:50
313,630,5,2026-08-08 20:10:37
313,218,1,2026-07-28 03:24:53
313,539,4,2026-07-28 18:12:13
313,64,3,2026-08-08 01:17:57
313,76,2,2026-08-03 12:10:12
313,315,2,2026-08-10 19:59:34
313,463,2,2026-08-09 01:00:06
313,247,1,2026-07-16 18:05:47
314,346,3,2026-08-11 23:24:19
314,588,3,2026-08-14 14:54:14
314,506,3,2026-08-01 02:13:34
314,778,1,2026-07-31 03:41:10
314,207,5,2026-08-06 10:51:01
314,552,4,2026-07-28 06:21:30
314,438,3,2026-08-12 08:11:04
314,226,1,2026-08-03 08:41:58
314,87,5,2026-07-27 11:57:03
315,17,5,2026-07-25 08:27:56
315,454,2,2026-08-14 15:17:28
315,364,4,2026-07-17 20:46:43
315,764,4,2026-07-27 03:45:46
315,618,4,2026-08-08 08:04:20
316,588,2,2026-07-17 04:55:39
316,180,2,2026-08-03 16:29:38
316,918,3,2026-08-06 20:20:04
316,589,1,2026-08-12 12:41:42
316,863,4,2026-08-13 18:03:17
316,614,2,2026-07-29 12:39:55
316,463,2,2026-07-21 18:10:14
317,954,5,2026-08-05 04:55:17
317,251,5,2026-08-03 21:22:49
317,472,2,2026-08-03 20:12:32
317,257,4,2026-07-27 00:26:20
317,35,1,2026-08-06 07:03:55
317,798,2,2026-07-29 07:12:18
317,306,2,2026-08-14 10:53:47
317,600,3,2026-07-26 21:56:48
317,791,3,2026-07-22 19:09:03
317,188,5,2026-07-31 21:09:30
317,936,5,2026-07-21 08:37:52
317,264,4,2026-07-20 23:52:40
317,932,1,2026-08-13 00:37:24
317,176,5,2026-08-08 13:21:35
317,21,1,2026-07-18 05:12:12
317,38,4,2026-07-28 17:16:45
318,808,5,2026-07-17 11:59:57
318,673,5,2026-08-13 08:03:36
318,423,5,2026-07-20 07:36:41
318,175,2,2026-07-19 04:56:14
318,942,3,2026-08-06 16:07:45
318,333,2,2026-08-11 16:03:12
318,73,5,2026-08-06 14:35:49
318,416,2,2026-07-29 19:39:03
318,722,4,2026-07-31 05:31:03
318,670,4,2026-07-30 09:23:35
318,164,5,2026-07-24 09:19:38
318,299,3,2026-07-16 18:33:39
318,877,1,2026-07-17 00:24:55
318,279,2,2026-08-13 06:30:57
318,227,1,2026-08-14 01:32:50
318,524,2,2026-08-04 14:52:20
318,876,4,2026-07-25 23:29:53
318,786,5,2026-07-21 14:46:09
318,637,4,2026-08-02 05:48:40
319,262,4,2026-08-08 04:13:46
319,804,4,2026-08-04 14:58:23
319,849,2,2026-08-01 05:15:01
319,459,5,2026-08-04 08:28:15
319,410,5,2026-08-13 17:37:58
319,668,2,2026-08-15 10:58:59
319,727,2,2026-07-31 22:32:57
319,748,1,2026-07-31 13:08:12
319,526,2,2026-08-03 00:06:35
319,86,5,2026-08-04 16:01:27
319,870,1,2026-07-28 21:42:07
319,878,5,2026-08-01 14:36:15
320,782,4,2026-08-13 12:10:18
320,5,3,2026-07-25 13:42:13
320,79,1,2026-07-26 22:54:43
320,526,2,2026-07-17 02:45:58
320,128,5,2026-07-21 05:53:43
320,696,5,2026-08-09 23:59:41
320,509,1,2026-07-25 12:12:24
320,735,4,2026-07-19 13:00:53
320,938,4,2026-07-24 12:50:48
320,142,2,2026-08-14 02:59:35
320,940,5,2026-08-03 21:53:38
321,152,2,2026-08-09 03:46:11
321,432,2,2026-08-05 19:55:55
321,794,5,2026-08-09 23:03:15
321,55,5,2026-08-05 19:27:57
321,337,5,2026-08-03 00:36:49
321,321,4,2026-08-15 08:09:00
321,227,2,2026-08-07 19:06:18
321,910,2,2026-08-12 16:14:23
321,869,3,2026-08-03 17:36:15
321,347,5,2026-08-04 21:07:27
321,913,2,2026-07-18 01:07:36
321,899,5,2026-07-25 02:55:39
321,390,2,2026-08-10 08:17:39
321,975,5,2026-08-08 13:52:12
321,726,2,2026-08-12 01:00:37
321,581,3,2026-07-27 21:46:30
321,897,3,2026-08-12 22:12:24
321,961,3,2026-08-02 11:59:02
321,98,5,2026-07-23 21:04:22
322,161,1,2026-07-25 06:21:24
322,629,5,2026-08-13 08:23:27
322,541,3,2026-08-04 11:38:36
322,419,1,2026-07-23 08:15:08
322,117,1,2026-07-26 09:59:05
322,847,5,2026-07-23 07:05:33
322,671,1,2026-08-10 05:46:05
322,518,3,2026-07-29 14:25:07
322,39,1,2026-07-17 19:02:26
323,420,2,2026-07-29 22:00:23
323,56,5,2026-08-09 02:09:15
323,188,2,2026-08-06 18:16:23
323,372,3,2026-07-30 13:41:58
323,174,3,2026-08-12 04:43:17
323,882,5,2026-07-28 03:43:57
323,963,5,2026-07-31 18:53:41
323,327,5,2026-07-19 07:51:01
324,516,1,2026-07-26 18:34:19
324,825,1,2026-07-31 21:47:40
324,64,5,2026-08-11 12:04:07
324,838,1,2026-07-18 19:54:28
324,854,5,2026-08-09 05:20:01
324,380,1,2026-07-20 13:49:39
324,917,4,2026-08-01 00:19:52
324,727,3,2026-07-17 14:24:35
324,9,5,2026-08-03 03:35:08
324,215,1,2026-07-18 08:21:38
324,733,3,2026-07-24 15:53:20
324,316,3,2026-08-12 11:55:09
324,636,4,2026-07-19 15:31:49
324,144,3,2026-08-01 09:34:43
324,456,2,2026-08-10 00:32:52
325,402,4,2026-07-22 00:21:05
325,651,2,2026-07-24 05:05:16
325,456,4,2026-08-11 16:13:52
325,844,1,2026-07-21 07:11:08
325,574,2,2026-07-22 10:03:26
325,902,1,2026-07-26 08:02:51
325,869,1,2026-07-19 22:11:51
325,581,2,2026-07-17 16:27:51
325,867,5,2026-08-01 23:39:09
325,735,1,2026-08-10 10:03:29
325,668,1,2026-08-07 02:25:12
325,93,3,2026-08-06 22:31:22
325,266,5,2026-07-18 18:12:25
325,607,3,2026-08-01 13:22:29
325,563,1,2026-08-08 23:56:15
326,403,1,2026-08-15 05:46:59
326,807,1,2026-07-26 15:48:37
326,274,3,2026-07-25 08:43:53
326,54,3,2026-07-30 02:58:35
326,1000,5,2026-08-05 08:58:16
326,635,2,2026-07-18 02:35:56
326,234,4,2026-07-31 05:16:05
326,40,5,2026-07-20 04:52:19
326,303,1,2026-08-12 10:15:34
326,216,3,2026-07-31 03:55:58
326,637,3,2026-07-26 03:37:27
326,816,3,2026-07-31 20:40:55
326,176,2,2026-08-10 05:53:53
326,966,3,2026-07-22 17:14:12
327,892,5,2026-07-17 19:31:53
327,333,2,2026-07-29 18:48:24
327,170,3,2026-07-23 13:14:14
327,428,2,2026-07-22 14:52:17
327,966,3,2026-07-22 09:22:25
327,679,5,2026-07-21 11:00:11
327,366,1,2026-07-16 17:30:00
327,73,4,2026-08-05 08:17:58
327,651,5,2026-07-21 06:09:30
327,762,5,2026-08-01 13:53:42
327,442,4,2026-07-18 00:07:06
328,113,3,2026-08-13 06:58:15
328,386,5,2026-07-24 21:25:56
328,70,1,2026-08-11 23:49:54
328,485,5,2026-08-02 01:00:21
328,175,4,2026-07-20 03:35:37
328,595,1,2026-07-21 06:58:44
328,97,4,2026-08-04 08:03:54
328,748,2,2026-07-19 06:56:42
328,980,5,2026-08-03 12:15:55
328,301,2,2026-07-21 04:42:13
328,231,2,2026-07-29 04:49:08
328,461,4,2026-08-05 23:52:58
328,644,2,2026-07-23 02:06:09
328,251,4,2026-07-22 15:43:18
328,478,3,2026-07-31 22:29:23
328,870,5,2026-07-19 22:20:26
328,884,1,2026-08-15 01:43:31
328,492,5,2026-08-09 05:14:34
328,185,2,2026-08-03 08:52:09
328,937,3,2026-07-20 21:23:26
329,298,4,2026-08-06 18:53:07
329,737,2,2026-08-13 10:05:26
329,423,3,2026-07-25 00:18:07
329,325,2,2026-07-18 06:28:20
329,906,3,2026-07-31 20:08:39
329,972,5,2026-08-09 02:42:10
329,176,4,2026-07-18 15:42:42
329,236,4,2026-07-30 02:12:54
329,291,3,2026-08-04 13:24:01
329,95,1,2026-07-22 15:25:33
329,458,3,2026-07-16 21:53:53
329,927,4,2026-07-18 00:09:36
329,872,4,2026-08-14 08:05:54
329,668,1,2026-08-04 23:20:09
329,508,1,2026-07-23 12:19:49
329,241,5,2026-07-24 16:34:01
329,903,3,2026-07-17 03:29:58
329,415,1,2026-07-27 02:30:11
330,200,4,2026-07-23 09:30:41
330,870,3,2026-07-29 21:53:46
330,854,5,2026-07-21 08:54:08
330,284,3,2026-08-08 19:04:41
330,801,4,2026-07-18 13:40:24
331,943,5,2026-08-09 12:21:36
331,676,2,2026-07-19 02:55:53
331,102,3,2026-07-31 15:43:02
331,310,4,2026-07-29 13:33:42
331,746,4,2026-08-04 20:13:01
331,256,1,2026-08-10 02:45:17
331,218,5,2026-07-18 22:44:10
332,676,2,2026-08-03 21:23:29
332,748,4,2026-07-31 19:16:38
332,332,5,2026-08-06 18:27:48
332,791,2,2026-07-17 06:38:30
332,203,2,2026-07-24 19:29:51
332,347,3,2026-07-29 06:46:46
332,372,4,2026-07-24 09:56:45
332,555,1,2026-08-06 18:09:57
332,97,2,2026-07-30 06:10:18
332,871,2,2026-08-01 05:50:00
332,94,1,2026-08-14 21:16:28
332,928,1,2026-07-24 23:43:15
332,572,3,2026-07-26 19:41:25
332,859,1,2026-08-12 21:00:02
332,927,2,2026-07-21 15:50:43
332,788,5,2026-08-07 09:29:23
332,500,2,2026-08-07 10:39:09
333,941,2,2026-08-12 18:49:05
333,86,4,2026-08-15 10:43:29
333,951,2,2026-08-10 21:20:45
333,352,5,2026-08-03 13:35:10
333,295,1,2026-07-31 07:13:33
333,669,3,2026-08-04 03:04:45
333,671,4,2026-08-10 13:25:19
333,517,5,2026-07-21 13:57:10
333,348,2,2026-07-27 16:37:12
333,427,2,2026-08-02 06:57:57
334,663,5,2026-08-11 00:55:37
334,879,5,2026-07-30 08:50:33
334,103,2,2026-08-02 05:42:11
334,561,5,2026-08-14 23:26:43
334,588,5,2026-07-20 08:43:33
334,518,5,2026-08-05 15:11:09
334,563,3,2026-08-08 15:18:05
334,621,2,2026-08-08 09:43:46
334,757,4,2026-07-20 13:35:00
334,926,2,2026-07-23 11:21:03
334,884,4,2026-08-04 19:45:44
334,145,2,2026-08-10 08:18:43
334,854,4,2026-07-27 08:38:32
335,145,5,2026-07-25 01:32:40
335,620,2,2026-08-09 03:50:35
335,308,1,2026-07-26 15:35:53
335,88,5,2026-08-11 12:59:31
335,359,5,2026-07-20 06:59:29
336,935,3,2026-08-06 13:01:27
336,746,4,2026-07-19 00:44:42
336,495,4,2026-07-29 17:26:54
336,267,1,2026-07-17 03:25:59
336,369,2,2026-08-03 01:13:34
336,249,1,2026-07-18 16:30:50
336,585,5,2026-08-05 17:23:30
336,807,4,2026-08-15 11:25:10
336,615,3,2026-08-06 16:04:04
336,365,3,2026-07-26 18:39:09
336,869,1,2026-07-24 04:28:42
336,216,3,2026-08-08 12:22:22
336,439,4,2026-08-10 12:55:14
336,956,2,2026-07-23 06:41:35
336,841,4,2026-07-20 14:15:05
336,793,5,2026-08-10 19:30:01
336,62,1,2026-08-08 00:01:14
337,882,3,2026-08-06 03:56:22
337,493,5,2026-07-18 06:19:25
337,132,3,2026-07-31 20:13:34
337,997,5,2026-07-23 04:22:38
337,606,3,2026-07-23 13:47:44
337,595,3,2026-08-02 07:23:49
337,495,2,2026-07-30 09:31:31
337,310,4,2026-08-12 13:12:06
337,491,5,2026-07-16 23:30:53
337,479,4,2026-08-11 07:50:26
337,815,3,2026-07-22 19:52:54
337,33,4,2026-07-28 07:22:05
337,138,4,2026-08-13 03:10:06
337,739,4,2026-07-24 00:43:14
337,702,4,2026-07-30 14:48:19
338,863,5,2026-08-12 17:13:02
338,542,2,2026-08-03 01:40:34
338,456,3,2026-08-13 07:57:16
338,369,1,2026-08-07 20:24:46
338,286,4,2026-08-02 21:49:11
338,929,2,2026-08-01 12:27:46
338,128,5,2026-08-12 20:04:30
338,657,2,2026-07-30 20:46:28
338,383,5,2026-08-04 02:30:14
338,686,1,2026-07-20 04:39:59
338,452,1,2026-07-24 11:45:42
338,70,4,2026-07-28 16:42:00
338,690,3,2026-08-08 05:34:57
338,517,1,2026-07-31 23:45:06
338,724,3,2026-07-28 11:37:08
338,6,1,2026-07-29 20:54:12
338,221,2,2026-08-10 00:00:30
338,707,4,2026-08-10 22:10:57
338,321,2,2026-07-27 19:51:19
338,364,4,2026-08-10 06:32:21
339,955,3,2026-08-04 03:45:07
339,183,2,2026-08-09 02:01:10
339,730,2,2026-08-04 07:55:22
339,158,5,2026-08-13 02:47:18
339,672,4,2026-08-04 23:43:41
339,103,2,2026-07-18 17:56:22
339,535,1,2026-07-22 00:08:54
339,394,5,2026-07-18 17:29:09
339,544,4,2026-07-22 11:14:46
339,152,1,2026-07-27 03:42:07
339,477,2,2026-07-25 08:20:34
339,911,4,2026-07-21 15:28:59
339,677,5,2026-07-30 13:16:12
339,805,4,2026-08-08 09:44:38
339,524,1,2026-08-02 21:44:20
339,405,4,2026-07-24 07:27:34
339,106,3,2026-08-06 23:03:12
339,976,1,2026-08-05 22:39:27
340,727,1,2026-08-11 10:13:06
340,924,2,2026-08-04 07:18:29
340,894,5,2026-08-11 20:12:58
340,763,4,2026-07-19 01:47:02
340,21,4,2026-07-30 01:54:58
340,393,3,2026-07-17 17:02:52
340,880,3,2026-07-25 13:10:21
340,182,4,2026-07-23 09:49:55
340,306,2,2026-08-02 18:39:20
340,364,2,2026-07-25 06:50:25
341,522,2,2026-08-07 02:22:19
341,676,2,2026-08-10 22:18:29
341,783,5,2026-07-29 04:39:39
341,22,3,2026-07-25 09:40:35
341,715,1,2026-07-17 06:08:03
341,396,1,2026-07-27 02:35:13
341,877,1,2026-08-14 00:03:28
342,399,5,2026-08-06 04:20:28
342,373,5,2026-08-10 07:18:59
342,97,1,2026-07-17 20:19:18
342,641,1,2026-07-17 12:37:56
342,982,1,2026-08-05 23:33:52
342,646,2,2026-08-14 15:51:52
342,773,4,2026-07-21 14:46:59
342,451,5,2026-08-04 09:51:32
342,785,1,2026-07-28 20:57:57
342,475,1,2026-07-18 11:17:07
342,347,2,2026-08-14 21:23:13
342,667,2,2026-07-22 03:41:34
343,464,1,2026-07-30 07:42:17
343,898,4,2026-08-04 02:32:46
343,656,1,2026-08-15 12:22:51
343,559,5,2026-07-31 18:32:30
343,952,5,2026-08-07 00:18:44
344,617,1,2026-08-07 23:42:06
344,841,4,2026-08-12 03:44:12
344,26,4,2026-08-05 05:38:41
344,257,5,2026-08-14 05:03:14
344,72,1,2026-08-06 08:56:48
344,68,4,2026-08-03 18:43:42
344,82,2,2026-07-23 01:34:37
344,653,1,2026-08-03 18:07:17
344,657,3,2026-08-04 04:59:12
344,856,4,2026-07-19 09:57:46
344,787,1,2026-07-21 03:56:51
344,815,2,2026-08-11 16:27:31
344,538,2,2026-07-17 19:25:38
344,319,1,2026-07-31 21:25:48
344,397,4,2026-07-18 01:36:15
344,746,4,2026-08-12 06:32:18
345,601,5,2026-08-06 05:03:43
345,199,5,2026-08-09 13:03:41
345,219,4,2026-08-08 09:36:18
345,693,4,2026-08-12 01:47:38
345,77,3,2026-08-04 08:29:58
345,249,2,2026-08-01 13:59:10
345,967,4,2026-07-23 17:28:11
345,947,2,2026-07-30 05:11:46
345,360,4,2026-08-14 19:03:36
345,788,2,2026-07-30 22:58:59
345,312,3,2026-08-06 05:45:14
345,378,3,2026-07-31 13:17:47
346,937,2,2026-07-26 18:41:59
346,171,2,2026-08-08 08:24:32
346,440,4,2026-07-25 05:19:43
346,521,5,2026-08-15 01:00:59
346,49,4,2026-08-08 10:01:46
346,258,5,2026-07-21 08:59:56
346,648,1,2026-07-21 10:36:14
346,665,1,2026-08-08 11:03:25
346,378,2,2026-07-28 08:17:12
346,943,2,2026-07-22 06:12:41
346,427,1,2026-08-08 11:28:24
347,120,1,2026-07-29 14:32:13
347,435,2,2026-07-31 19:15:41
347,845,5,2026-07-29 03:40:09
347,205,4,2026-07-31 23:11:10
347,930,2,2026-08-15 12:32:08
347,418,1,2026-08-08 10:41:27
347,171,1,2026-08-03 13:58:25
347,725,5,2026-07-25 17:01:45
347,132,5,2026-07-29 14:32:40
347,888,4,2026-07-20 07:19:19
347,881,3,2026-08-14 13:16:41
347,403,5,2026-08-03 04:41:30
348,474,4,2026-07-22 09:50:46
348,580,5,2026-07-18 21:42:58
348,564,5,2026-08-11 20:06:47
348,105,2,2026-07-29 07:56:48
348,89,5,2026-07-26 17:54:19
348,883,4,2026-08-13 22:29:37
348,526,3,2026-08-11 05:59:09
349,384,5,2026-08-11 03:31:24
349,148,2,2026-08-11 10:49:55
349,925,1,2026-07-24 04:21:15
349,813,5,2026-07-18 16:17:12
349,582,1,2026-07-26 15:06:23
349,82,3,2026-08-08 21:51:06
349,465,3,2026-07-31 09:56:06
349,414,3,2026-08-15 06:43:58
349,461,5,2026-07-22 23:02:39
349,475,1,2026-07-23 01:09:06
349,208,2,2026-07-28 14:09:54
349,735,5,2026-08-07 08:36:47
349,118,1,2026-07-20 02:41:45
349,479,1,2026-08-12 12:23:59
349,604,2,2026-08-04 20:31:07
349,965,4,2026-07-25 20:36:30
349,66,1,2026-08-04 15:48:17
349,370,1,2026-08-02 19:52:58
350,455,1,2026-07-19 23:21:15
350,985,4,2026-08-02 21:13:09
350,221,1,2026-08-11 02:05:42
350,207,1,2026-08-02 01:45:30
350,365,1,2026-08-07 01:03:30
350,431,5,2026-08-08 08:28:31
350,315,1,2026-07-21 05:06:20
350,633,2,2026-08-05 20:20:55
350,10,2,2026-08-07 00:26:01
350,929,5,2026-08-08 08:44:44
351,15,1,2026-08-02 08:48:46
351,898,1,2026-07-25 19:41:56
351,257,3,2026-08-06 22:56:46
351,560,2,2026-07-20 11:08:09
351,729,3,2026-07-17 10:37:07
351,78,5,2026-07-24 07:30:45
351,96,5,2026-07-25 04:15:49
351,838,3,2026-07-21 19:53:11
352,239,4,2026-08-03 03:57:26
352,971,3,2026-08-06 17:45:11
352,590,1,2026-07-16 18:10:04
352,392,1,2026-07-22 16:17:55
352,854,4,2026-08-01 16:53:41
352,489,3,2026-07-19 23:06:55
352,721,4,2026-07-18 10:20:53
352,353,3,2026-08-01 16:08:16
352,119,4,2026-07-26 19:11:40
352,912,4,2026-07-27 08:20:20
352,661,4,2026-07-29 17:29:11
352,283,4,2026-08-12 03:14:44
352,439,4,2026-07-23 08:59:20
353,932,4,2026-07-24 20:25:49
353,749,5,2026-08-11 21:31:17
353,652,5,2026-08-03 04:06:46
353,240,3,2026-08-06 13:32:54
353,180,5,2026-07-23 00:31:51
353,569,1,2026-07-28 20:46:46
353,809,2,2026-07-19 14:50:50
353,527,3,2026-07-18 23:50:39
353,128,3,2026-08-11 23:17:33
353,964,3,2026-08-04 00:22:52
353,326,4,2026-07-19 01:42:38
353,337,4,2026-07-16 18:48:33
353,288,4,2026-07-22 12:44:07
354,759,1,2026-08-15 05:25:53
354,653,4,2026-08-08 17:30:51
354,136,2,2026-07-18 05:42:30
354,685,1,2026-07-29 07:34:22
354,962,3,2026-07-30 04:11:40
354,375,4,2026-07-24 21:09:57
354,945,2,2026-08-03 21:07:28
354,65,4,2026-08-08 13:19:08
354,334,2,2026-08-07 16:34:42
354,771,3,2026-08-14 11:55:37
354,956,1,2026-07-29 09:02:12
354,150,3,2026-08-13 18:13:36
354,630,1,2026-08-02 14:14:54
354,144,5,2026-07-24 16:50:35
354,319,2,2026-07-29 07:15:20
354,651,2,2026-07-27 19:25:36
354,405,3,2026-08-13 06:51:50
355,567,2,2026-08-02 21:15:36
355,526,3,2026-07-29 15:58:42
355,991,5,2026-07-19 08:14:32
355,636,1,2026-08-02 06:56:01
355,102,4,2026-07-28 06:26:42
355,433,4,2026-08-07 02:30:56
355,847,3,2026-08-01 19:28:25
355,47,5,2026-08-04 19:38:33
355,115,4,2026-07-19 07:02:19
355,235,1,2026-08-14 05:56:37
356,609,1,2026-07-31 21:32:21
356,334,3,2026-07-24 14:15:51
356,206,4,2026-07-27 22:11:13
356,885,3,2026-07-20 12:34:40
356,124,4,2026-08-13 01:59:17
356,548,4,2026-08-03 00:01:41
356,802,5,2026-07-20 22:55:46
356,119,2,2026-08-09 11:41:27
356,381,4,2026-08-11 13:20:41
356,981,5,2026-07-22 02:56:48
356,726,1,2026-07-30 05:06:58
356,770,2,2026-07-22 14:04:29
356,645,2,2026-07-28 18:25:10
356,201,2,2026-08-03 01:38:24
356,947,4,2026-07-17 03:09:09
356,359,2,2026-07-18 18:24:31
357,486,4,2026-08-03 04:29:51
357,273,1,2026-08-11 05:44:11
357,926,5,2026-08-12 11:25:00
357,10,2,2026-07-25 09:41:44
357,496,4,2026-07-27 02:59:35
357,752,1,2026-08-11 18:16:46
357,555,3,2026-07-26 18:21:57
357,419,3,2026-07-17 20:21:05
357,234,5,2026-07-18 00:08:47
357,554,4,2026-08-07 19:04:36
357,371,1,2026-07-23 15:53:25
357,744,4,2026-07-18 23:35:16
357,334,4,2026-07-19 13:18:02
357,783,1,2026-08-02 15:13:32
357,894,4,2026-07-28 12:56:17
357,755,3,2026-08-11 19:09:36
358,449,4,2026-08-12 09:13:20
358,918,5,2026-07-23 02:38:24
358,843,2,2026-08-09 05:28:55
358,452,3,2026-08-06 12:43:04
358,880,1,2026-07-18 17:39:49
358,956,1,2026-07-18 09:08:46
359,899,5,2026-07-29 05:03:11
359,856,5,2026-08-10 03:59:49
359,272,2,2026-07-29 14:42:38
359,363,1,2026-08-03 16:53:11
359,788,3,2026-07-28 21:55:56
359,941,2,2026-07-27 19:01:04
359,974,4,2026-07-31 09:14:09
359,827,3,2026-08-12 00:12:17
359,687,3,2026-08-10 13:03:55
359,780,1,2026-08-07 19:27:11
359,539,3,2026-07-28 12:34:49
359,129,5,2026-07-27 10:19:31
359,330,3,2026-08-15 08:46:32
359,36,4,2026-08-11 15:26:05
359,527,4,2026-07-17 13:54:43
359,154,4,2026-07-31 08:13:07
359,54,1,2026-07-22 18:12:40
360,281,4,2026-07-24 02:27:05
360,988,3,2026-08-15 00:21:46
360,849,5,2026-08-14 00:58:37
360,755,2,2026-07-22 05:54:20
360,690,1,2026-07-30 01:29:27
360,475,5,2026-07-27 07:38:34
360,263,2,2026-08-02 08:37:14
360,466,5,2026-08-13 16:38:10
360,239,3,2026-08-03 08:36:40
360,617,1,2026-08-09 18:51:04
360,886,4,2026-08-13 20:14:50
360,208,1,2026-08-01 06:28:51
360,977,1,2026-07-19 13:59:09
360,979,3,2026-08-06 17:51:25
360,149,5,2026-07-18 00:52:30
360,751,4,2026-08-04 08:50:38
361,746,1,2026-07-23 23:46:08
361,472,2,2026-07-24 18:47:19
361,180,4,2026-08-07 06:42:24
361,564,5,2026-07-29 22:48:16
361,148,3,2026-07-21 07:44:12
362,727,5,2026-07-30 03:05:40
362,679,2,2026-08-15 08:59:35
362,503,5,2026-07-21 17:20:21
362,980,1,2026-08-11 10:27:12
362,614,4,2026-07-23 23:55:05
362,134,3,2026-08-14 19:16:58
362,104,3,2026-07-18 09:01:20
362,406,2,2026-07-26 01:18:49
362,785,2,2026-07-19 21:18:23
362,824,2,2026-07-24 15:32:34
362,265,5,2026-07-19 22:44:43
362,606,3,2026-07-22 17:57:42
362,854,5,2026-07-24 03:37:12
362,370,5,2026-08-03 19:54:53
362,477,4,2026-07-25 02:58:16
362,641,3,2026-07-22 01:07:38
362,644,1,2026-08-03 09:01:39
362,6,5,2026-07-18 11:08:24
363,543,5,2026-07-23 23:27:30
363,857,5,2026-08-08 01:25:44
363,103,4,2026-08-12 02:26:08
363,214,3,2026-07-28 03:38:49
363,892,3,2026-08-15 07:19:57
363,967,3,2026-08-03 00:32:28
364,25,4,2026-08-12 06:28:22
364,553,2,2026-08-10 18:53:40
364,823,3,2026-08-15 07:23:15
364,363,5,2026-08-14 14:38:19
364,206,5,2026-08-01 13:35:22
364,853,2,2026-07-26 20:38:43
364,754,4,2026-08-01 13:33:58
364,941,2,2026-07-31 03:11:59
364,325,1,2026-07-31 04:34:56
364,344,4,2026-07-23 16:03:42
364,722,5,2026-07-23 12:00:35
365,187,2,2026-07-28 20:26:58
365,649,4,2026-07-30 20:33:51
365,760,2,2026-07-31 00:11:33
365,258,1,2026-07-20 22:07:05
365,876,4,2026-08-11 03:00:27
365,185,2,2026-07-29 10:02:37
365,470,3,2026-08-07 15:31:08
365,89,1,2026-07-31 11:58:03
365,183,4,2026-07-24 02:43:58
365,62,1,2026-07-25 03:16:56
365,455,1,2026-07-17 11:45:41
365,574,3,2026-07-25 22:25:18
365,40,1,2026-08-05 10:49:26
365,717,1,2026-07-20 21:12:00
365,412,2,2026-07-21 23:09:45
365,151,4,2026-07-18 23:45:09
365,300,1,2026-08-08 01:04:46
365,597,5,2026-07-22 05:46:22
366,346,3,2026-07-23 12:09:39
366,701,3,2026-07-31 00:16:43
366,950,5,2026-08-01 02:06:46
366,133,4,2026-08-04 20:34:41
366,208,4,2026-08-07 06:17:56
366,129,2,2026-08-09 04:21:18
366,903,2,2026-08-09 05:30:29
366,103,4,2026-08-15 05:45:12
366,832,2,2026-07-30 16:46:54
366,521,4,2026-08-15 11:42:19
367,982,3,2026-08-03 04:37:09
367,515,1,2026-07-29 20:13:49
367,860,5,2026-08-09 08:39:19
367,300,5,2026-08-12 15:56:50
367,732,4,2026-07-19 03:51:03
367,290,5,2026-08-01 20:01:19
367,537,1,2026-08-12 23:35:04
367,168,5,2026-07-21 09:07:48
367,17,1,2026-07-27 01:42:48
367,713,5,2026-08-05 11:47:53
367,218,1,2026-07-30 12:23:31
367,379,4,2026-08-08 21:01:46
368,195,2,2026-07-25 01:43:17
368,199,4,2026-07-26 03:17:56
368,219,3,2026-07-22 21:50:07
368,356,4,2026-07-19 01:44:42
368,774,3,2026-07-20 11:37:13
368,704,3,2026-07-17 01:12:49
368,828,5,2026-08-12 01:47:57
368,29,1,2026-08-14 14:29:55
368,280,3,2026-07-17 02:12:50
368,39,3,2026-08-10 19:46:30
368,56,1,2026-07-28 06:32:39
368,957,1,2026-08-04 11:05:22
368,574,2,2026-08-15 08:31:26
368,823,3,2026-07-19 08:19:40
368,236,3,2026-07-19 10:39:24
368,233,4,2026-08-10 21:27:54
368,906,1,2026-08-06 12:50:43
368,559,1,2026-08-09 16:33:00
369,681,1,2026-08-12 15:34:32
369,519,1,2026-08-03 19:17:05
369,469,1,2026-07-17 10:53:13
369,990,1,2026-08-09 21:37:35
369,834,4,2026-08-01 11:05:10
369,299,1,2026-07-30 22:38:07
369,957,4,2026-07-31 09:47:18
369,445,5,2026-08-03 16:27:30
369,77,1,2026-08-01 21:13:56
369,236,3,2026-07-20 13:22:40
369,483,5,2026-07-23 23:50:51
369,154,4,2026-07-19 10:52:53
369,8,5,2026-08-03 06:07:04
369,113,2,2026-07-31 17:26:43
369,362,5,2026-07-21 19:20:42
370,519,2,2026-08-05 18:18:46
370,826,5,2026-08-13 22:05:21
370,847,5,2026-07-28 10:43:37
370,761,3,2026-08-06 11:09:37
370,293,2,2026-07-30 06:26:32
370,80,5,2026-08-10 00:47:03
371,832,2,2026-08-04 13:14:37
371,772,5,2026-07-23 00:06:09
371,167,2,2026-08-05 18:35:23
371,104,3,2026-07-23 21:45:41
371,614,4,2026-07-31 16:02:32
371,84,4,2026-08-01 00:49:57
372,467,4,2026-08-03 05:33:06
372,86,2,2026-07-20 16:05:34
372,18,3,2026-08-09 12:19:36
372,922,3,2026-07-18 19:07:02
372,838,4,2026-08-01 15:40:03
372,282,3,2026-08-07 19:56:29
373,83,2,2026-08-03 09:20:44
373,209,4,2026-07-28 06:35:00
373,629,3,2026-08-08 00:50:46
373,646,3,2026-08-09 13:31:36
373,689,2,2026-08-12 02:28:47
373,666,5,2026-07-25 03:24:58
373,284,4,2026-07-20 10:16:14
373,579,3,2026-07-30 09:38:43
373,6,2,2026-07-18 05:13:27
373,471,1,2026-07-21 16:17:26
373,224,5,2026-07-18 18:43:52
373,588,2,2026-08-08 07:14:56
373,55,2,2026-08-02 13:18:57
373,274,2,2026-07-26 03:15:33
373,546,5,2026-07-20 07:36:05
373,446,1,2026-07-24 05:16:29
373,619,4,2026-07-24 04:41:05
373,542,4,2026-07-17 08:27:59
373,570,2,2026-07-21 13:58:52
373,15,1,2026-07-31 12:57:32
374,812,1,2026-08-10 07:02:35
374,616,3,2026-07-31 11:30:45
374,970,3,2026-07-30 05:43:41
374,349,2,2026-07-22 17:17:19
374,395,2,2026-07-21 13:45:23
375,624,2,2026-08-05 09:44:53
375,782,5,2026-07-26 13:00:28
375,464,4,2026-08-01 21:47:25
375,179,4,2026-08-03 20:05:41
375,394,2,2026-07-24 11:18:40
375,733,4,2026-07-30 02:12:21
375,775,1,2026-08-10 04:45:25
375,844,3,2026-07-31 20:43:29
375,838,2,2026-07-17 07:56:36
375,830,4,2026-08-04 00:05:12
375,493,3,2026-08-06 20:02:35
375,491,5,2026-08-04 01:26:21
375,165,5,2026-07-19 19:25:05
375,762,4,2026-08-05 05:28:36
375,349,4,2026-07-18 15:43:53
375,986,2,2026-08-03 23:06:02
375,695,2,2026-08-04 04:58:03
375,638,2,2026-08-11 15:45:18
375,197,5,2026-07-22 23:19:50
375,320,2,2026-08-13 06:38:18
376,9,4,2026-07-21 16:14:26
376,434,2,2026-08-09 00:38:29
376,992,5,2026-08-04 00:25:18
376,616,4,2026-08-13 05:16:10
376,942,3,2026-07-26 03:19:43
376,905,5,2026-07-18 19:53:06
376,414,4,2026-08-05 14:10:11
377,238,2,2026-08-03 08:55:16
377,696,1,2026-08-12 13:03:18
377,313,4,2026-07-20 18:04:04
377,644,5,2026-08-04 05:18:45
377,603,5,2026-07-26 01:41:02
377,758,4,2026-08-09 15:16:24
377,493,2,2026-08-10 20:20:47
377,237,3,2026-08-04 09:19:37
377,637,4,2026-07-24 02:21:38
377,152,1,2026-08-01 05:05:01
377,67,3,2026-08-07 01:06:09
377,481,3,2026-08-09 00:32:46
377,690,3,2026-08-06 21:22:30
377,309,5,2026-08-04 08:29:21
377,221,4,2026-07-24 14:59:02
377,705,2,2026-08-04 02:18:55
377,4,1,2026-07-25 04:15:24
378,501,1,2026-07-26 23:38:20
378,805,1,2026-08-02 09:52:48
378,816,2,2026-08-08 15:58:22
378,526,2,2026-08-05 08:34:57
378,364,1,2026-08-09 08:15:30
378,638,5,2026-07-26 03:20:17
378,984,1,2026-08-08 01:27:08
378,483,4,2026-08-08 22:36:19
378,875,3,2026-08-14 09:01:56
378,702,1,2026-08-05 15:40:05
378,141,5,2026-08-07 22:41:05
379,512,1,2026-07-21 11:07:56
379,660,5,2026-07-31 03:13:58
379,811,5,2026-08-01 08:59:23
379,200,3,2026-07-28 04:09:02
379,902,1,2026-08-03 04:57:46
379,457,1,2026-08-03 10:48:47
379,353,1,2026-07-19 11:37:13
379,992,2,2026-08-03 11:47:46
379,75,3,2026-08-09 20:06:32
379,129,4,2026-08-14 19:04:41
379,21,5,2026-07-29 13:15:33
379,647,1,2026-08-02 07:09:25
379,878,2,2026-07-24 13:24:04
379,763,4,2026-07-31 22:54:42
380,296,1,2026-08-14 11:23:40
380,796,2,2026-08-14 21:04:56
380,822,1,2026-07-16 21:29:17
380,976,5,2026-07-25 17:08:48
380,842,1,2026-08-05 08:14:22
380,1000,2,2026-08-12 12:07:59
380,460,2,2026-07-27 16:03:23
380,135,3,2026-08-13 21:45:49
380,393,5,2026-07-20 19:59:14
380,473,3,2026-08-14 17:43:38
380,938,2,2026-07-29 01:56:13
380,134,3,2026-08-05 03:28:39
380,160,1,2026-07-27 07:36:42
380,925,2,2026-07-18 23:01:40
380,780,2,2026-08-13 15:18:13
381,749,3,2026-08-07 04:34:30
381,10,5,2026-07-23 07:20:09
381,964,1,2026-08-07 08:58:57
381,263,2,2026-08-06 04:57:04
381,232,4,2026-07-21 16:41:32
381,219,5,2026-08-04 23:33:27
381,192,4,2026-08-10 04:40:35
381,409,5,2026-08-01 00:11:53
381,426,5,2026-08-09 13:52:26
381,683,1,2026-07-20 15:52:51
382,961,5,2026-08-04 03:23:33
382,19,2,2026-08-05 23:24:35
382,763,3,2026-08-07 17:25:46
382,944,5,2026-08-01 19:37:55
382,84,3,2026-07-30 08:33:56
382,921,5,2026-07-30 10:43:50
382,538,1,2026-08-08 10:50:11
382,979,2,2026-08-10 08:15:51
382,886,5,2026-07-26 07:41:15
382,4,4,2026-07-26 02:38:43
382,718,1,2026-08-05 15:33:34
382,189,1,2026-07-25 16:35:38
382,34,5,2026-08-02 20:19:22
382,224,5,2026-07-23 17:10:44
382,222,2,2026-07-30 19:40:37
382,171,4,2026-07-20 21:39:45
382,784,1,2026-07-20 20:58:41
383,416,4,2026-08-05 08:06:39
383,324,1,2026-08-14 05:07:16
383,660,4,2026-08-07 22:21:30
383,62,1,2026-08-13 20:54:13
383,290,4,2026-07-22 12:25:45
383,857,3,2026-07-31 17:16:56
383,37,5,2026-07-30 11:09:08
383,562,3,2026-08-04 21:41:33
383,444,1,2026-07-24 23:36:59
383,824,2,2026-08-15 08:08:29
383,190,3,2026-08-01 12:07:34
383,979,4,2026-07-26 03:14:45
383,612,5,2026-08-09 05:04:23
384,998,1,2026-08-15 02:36:59
384,606,5,2026-08-02 11:57:53
384,864,5,2026-07-19 03:30:22
384,276,2,2026-08-14 03:02:45
384,190,1,2026-08-07 00:07:35
384,657,4,2026-07-24 17:58:11
385,618,3,2026-08-06 22:41:05
385,979,5,2026-08-14 14:06:12
385,48,3,2026-08-06 01:40:07
385,559,3,2026-07-27 21:18:03
385,744,5,2026-07-23 05:48:19
385,792,3,2026-08-13 00:00:59
385,948,3,2026-08-11 17:12:22
385,266,3,2026-08-14 03:19:43
385,825,4,2026-07-31 09:03:40
385,91,2,2026-07-18 14:55:38
386,518,3,2026-08-08 11:21:39
386,507,5,2026-07-29 10:13:59
386,582,5,2026-08-06 17:37:19
386,89,3,2026-07-17 20:04:59
386,955,3,2026-08-11 15:23:01
387,791,2,2026-07-26 20:12:30
387,981,2,2026-08-01 06:58:56
387,883,4,2026-08-09 14:05:13
387,599,4,2026-08-04 10:21:44
387,858,3,2026-07-25 15:13:37
387,673,3,2026-07-22 07:38:54
387,401,4,2026-08-11 11:01:29
387,448,1,2026-08-07 16:21:15
387,40,1,2026-07-22 20:03:17
387,71,3,2026-08-03 10:18:17
388,932,5,2026-07-29 02:30:06
388,417,4,2026-08-13 14:57:57
388,293,4,2026-08-12 18:14:38
388,691,1,2026-07-21 01:10:33
388,354,2,2026-08-14 05:25:51
388,26,2,2026-07-17 07:11:12
388,939,4,2026-08-06 14:33:57
388,938,5,2026-07-24 03:57:50
388,988,1,2026-08-01 02:06:11
388,693,5,2026-07-27 11:12:51
388,65,5,2026-07-18 10:53:55
388,995,4,2026-08-09 13:04:11
388,369,1,2026-07-16 22:15:39
388,777,3,2026-08-10 12:44:33
388,448,1,2026-08-01 13:28:08
388,145,5,2026-08-03 10:37:46
388,969,1,2026-07-21 16:53:50
388,106,2,2026-07-25 16:36:01
388,198,5,2026-08-12 04:43:33
388,176,3,2026-07-21 08:38:30
389,55,1,2026-08-04 09:54:58
389,804,2,2026-08-11 06:34:55
389,254,3,2026-07-19 21:46:17
389,433,2,2026-07-25 18:13:52
389,191,3,2026-08-08 22:35:25
389,314,5,2026-08-04 21:04:38
389,633,3,2026-08-03 06:53:19
389,511,4,2026-07-26 08:00:33
389,216,3,2026-07-22 00:54:50
390,922,5,2026-08-11 18:49:57
390,670,2,2026-08-13 16:33:41
390,388,5,2026-07-31 08:07:28
390,837,1,2026-07-19 17:57:52
390,99,3,2026-08-12 16:29:22
390,552,4,2026-07-20 04:41:04
390,27,5,2026-07-17 04:53:08
390,187,4,2026-07-26 00:47:26
390,711,1,2026-07-23 20:57:07
390,815,4,2026-07-20 05:09:55
390,734,1,2026-08-08 02:49:57
390,18,1,2026-07-20 12:14:20
390,941,5,2026-08-11 11:23:03
390,561,4,2026-07-31 04:39:42
390,686,1,2026-07-22 23:40:08
390,97,4,2026-08-05 07:18:14
391,498,3,2026-08-01 21:06:31
391,29,2,2026-07-28 12:46:42
391,180,2,2026-08-09 02:12:25
391,672,2,2026-08-05 13:22:20
391,927,1,2026-07-27 05:32:26
391,647,1,2026-07-28 07:21:49
391,24,2,2026-07-27 15:59:25
391,664,3,2026-07-17 09:16:03
392,923,2,2026-08-08 15:46:23
392,108,1,2026-08-10 16:54:45
392,973,2,2026-07-25 16:04:13
392,688,1,2026-08-08 19:32:25
392,166,2,2026-08-07 10:31:22
392,252,3,2026-08-04 14:50:09
392,608,1,2026-07-26 21:38:03
392,585,4,2026-08-04 15:36:21
392,629,3,2026-08-05 16:36:06
392,242,1,2026-07-23 05:09:00
393,986,3,2026-08-15 01:58:37
393,116,5,2026-08-14 00:27:51
393,299,5,2026-08-01 17:58:50
393,510,3,2026-07-16 15:52:02
393,291,4,2026-07-28 09:02:33
393,536,2,2026-08-11 00:19:08
393,822,2,2026-07-20 19:11:51
393,360,3,2026-07-25 00:35:05
393,66,3,2026-08-06 00:34:55
393,146,5,2026-07-17 21:15:42
393,395,1,2026-08-15 07:08:37
393,502,1,2026-08-05 00:57:44
393,443,1,2026-07-17 03:07:43
393,343,1,2026-07-21 10:28:07
393,383,5,2026-07-18 01:15:15
393,817,1,2026-08-12 19:39:47
393,376,3,2026-08-15 00:26:47
393,350,1,2026-08-12 21:46:56
393,977,4,2026-07-22 12:30:42
394,879,1,2026-08-02 01:54:31
394,738,3,2026-07-19 23:50:50
394,817,1,2026-07-23 22:12:38
394,448,1,2026-07-31 10:49:33
394,117,4,2026-07-21 20:47:10
394,721,2,2026-08-07 00:31:14
394,473,1,2026-07-26 05:31:09
394,141,1,2026-08-08 00:52:48
394,118,5,2026-08-11 18:58:04
394,147,1,2026-07-30 06:47:23
394,859,5,2026-07-17 11:04:38
394,523,2,2026-08-08 21:27:55
394,785,1,2026-07-20 17:05:39
394,630,1,2026-07-28 09:07:04
394,215,1,2026-07-17 03:23:19
394,574,5,2026-08-15 05:22:35
394,690,4,2026-07-24 04:57:14
395,414,3,2026-08-05 19:45:33
395,268,4,2026-07-31 04:53:54
395,622,4,2026-07-22 07:56:54
395,152,5,2026-08-13 18:25:33
395,255,2,2026-08-10 01:10:11
395,969,2,2026-07-31 23:15:16
395,481,1,2026-07-22 06:38:07
395,56,3,2026-08-07 03:58:26
395,480,5,2026-07-30 16:02:53
395,149,5,2026-07-18 05:47:40
395,648,2,2026-07-25 10:01:52
395,425,3,2026-07-28 04:26:13
395,699,2,2026-08-09 14:23:50
395,580,3,2026-07-22 05:13:14
395,919,5,2026-07-27 00:32:53
396,189,1,2026-08-11 11:28:23
396,626,3,2026-08-12 15:29:50
396,361,1,2026-08-04 15:50:39
396,38,2,2026-08-08 03:16:06
396,929,4,2026-08-09 17:16:13
396,678,1,2026-08-06 23:02:01
396,680,1,2026-08-10 21:55:06
396,729,4,2026-08-14 22:51:08
396,764,2,2026-07-17 00:37:47
396,104,2,2026-08-10 23:40:04
397,136,4,2026-07-27 01:00:13
397,913,4,2026-08-10 04:31:12
397,598,4,2026-08-07 17:05:49
397,670,4,2026-08-01 02:59:06
397,690,2,2026-07-28 06:39:26
397,70,1,2026-08-10 15:29:24
397,685,4,2026-07-23 02:55:12
397,825,5,2026-08-13 13:56:27
398,925,5,2026-07-30 21:43:47
398,458,5,2026-08-07 04:49:21
398,668,1,2026-07-30 12:03:58
398,388,1,2026-07-25 11:24:34
398,445,1,2026-07-18 22:43:51
398,307,5,2026-07-24 10:56:56
398,78,1,2026-08-02 14:54:41
398,424,4,2026-08-05 11:30:55
398,976,1,2026-07-28 04:17:18
398,985,2,2026-07-24 09:49:01
398,936,5,2026-07-19 05:17:12
398,881,1,2026-08-02 06:03:00
398,507,2,2026-08-08 01:30:16
398,142,5,2026-08-01 06:18:25
399,923,5,2026-08-09 07:16:10
399,420,2,2026-07-25 01:02:11
399,188,1,2026-07-31 00:30:04
399,727,1,2026-07-28 13:42:06
399,894,4,2026-07-27 22:17:19
399,472,1,2026-07-30 05:00:29
399,451,4,2026-08-10 13:39:40
399,129,3,2026-07-28 17:28:46
399,157,4,2026-07-17 07:03:33
399,670,5,2026-08-04 05:49:48
399,390,4,2026-07-25 20:25:07
399,341,5,2026-07-28 05:18:24
399,626,2,2026-07-31 20:17:39
399,972,4,2026-07-27 05:05:09
399,2,1,2026-08-05 13:53:50
399,86,3,2026-07-27 17:02:08
399,401,4,2026-07-28 22:45:14
399,403,1,2026-08-14 04:36:00
399,25,3,2026-07-17 19:26:04
400,166,4,2026-07-30 21:08:12
400,884,3,2026-07-18 20:25:04
400,419,1,2026-08-09 18:23:44
400,391,2,2026-08-08 00:06:34
400,519,2,2026-07-23 00:36:44
400,639,2,2026-07-28 11:10:41
400,651,3,2026-08-13 22:42:18
400,517,4,2026-07-31 20:49:45
400,787,4,2026-07-17 03:58:05
400,405,1,2026-08-10 03:50:58
400,886,2,2026-07-25 22:27:41
400,198,5,2026-07-27 02:52:38
400,826,3,2026-07-24 19:46:31
400,551,4,2026-08-14 03:09:06
400,469,4,2026-07-25 12:21:43
400,806,5,2026-08-13 06:21:53
400,370,5,2026-08-03 09:07:42
401,903,5,2026-07-26 11:42:34
401,357,5,2026-07-23 23:01:19
401,97,1,2026-08-04 22:51:49
401,53,5,2026-07-23 07:26:35
401,437,2,2026-07-29 20:12:33
402,423,5,2026-08-15 04:13:29
402,813,1,2026-07-21 10:01:02
402,668,5,2026-07-24 19:52:49
402,545,3,2026-08-14 13:15:03
402,608,5,2026-08-05 07:47:47
402,320,4,2026-07-17 11:50:09
402,979,1,2026-07-25 13:25:19
402,889,1,2026-08-14 03:23:00
402,19,1,2026-08-04 04:03:30
402,890,3,2026-07-22 18:07:17
403,600,3,2026-08-10 09:05:57
403,697,2,2026-08-07 17:00:11
403,334,3,2026-08-12 16:16:47
403,393,1,2026-07-17 22:32:15
403,860,3,2026-08-14 01:35:50
403,721,4,2026-08-05 18:30:52
403,474,2,2026-07-21 17:30:38
403,131,5,2026-08-05 12:07:47
403,628,1,2026-07-23 23:16:33
403,312,4,2026-08-07 13:44:44
403,916,3,2026-07-20 14:42:53
403,492,4,2026-07-23 00:42:57
403,124,5,2026-07-20 14:55:30
403,18,3,2026-07-28 23:59:16
403,161,2,2026-08-09 21:52:18
403,910,5,2026-07-31 06:22:51
404,477,2,2026-08-06 16:04:05
404,294,4,2026-07-30 12:01:45
404,478,4,2026-07-24 06:48:37
404,809,2,2026-08-09 12:13:21
404,900,4,2026-08-12 16:49:35
404,718,5,2026-07-28 19:23:00
404,292,1,2026-07-30 02:39:04
404,285,1,2026-07-27 13:38:35
404,372,5,2026-07-20 23:14:22
404,158,1,2026-08-01 09:22:41
404,873,5,2026-07-23 06:33:20
404,800,1,2026-07-26 13:45:59
404,128,1,2026-08-03 11:57:44
404,782,3,2026-07-26 08:01:39
404,860,1,2026-08-03 23:26:53
404,817,5,2026-07-28 03:21:34
404,871,5,2026-07-21 10:41:35
404,26,3,2026-08-01 23:43:04
404,572,1,2026-07-24 11:42:20
405,983,1,2026-07-27 11:03:28
405,960,1,2026-07-26 08:24:09
405,406,5,2026-08-08 08:40:34
405,510,1,2026-08-01 04:35:00
405,777,4,2026-08-06 17:25:44
405,647,5,2026-08-05 03:19:33
405,444,1,2026-08-11 20:26:39
405,511,1,2026-07-18 17:47:02
405,347,2,2026-07-21 23:48:53
405,571,2,2026-07-27 08:46:41
405,436,5,2026-08-09 01:15:59
405,424,3,2026-07-26 20:49:06
405,940,3,2026-07-18 07:26:13
405,785,4,2026-08-07 01:49:24
405,403,5,2026-07-19 00:36:14
405,805,5,2026-07-22 18:53:26
405,687,5,2026-08-09 16:45:39
405,917,2,2026-08-05 15:30:33
405,535,3,2026-07-21 02:43:15
405,445,4,2026-08-02 05:54:36
406,157,2,2026-08-12 09:33:24
406,378,2,2026-08-08 05:34:03
406,897,4,2026-08-10 17:04:01
406,43,4,2026-08-06 00:26:38
406,940,5,2026-08-13 00:19:51
406,960,5,2026-08-01 21:15:57
406,428,4,2026-08-07 18:34:47
406,168,2,2026-07-25 14:02:07
406,949,3,2026-08-14 04:00:47
406,597,3,2026-07-23 07:49:28
406,200,4,2026-08-01 20:10:21
406,812,1,2026-08-02 23:02:56
406,792,5,2026-07-30 19:57:27
406,243,2,2026-07-24 21:05:07
406,582,5,2026-08-05 12:05:43
406,781,3,2026-07-19 12:27:30
406,818,3,2026-07-18 13:53:14
407,908,2,2026-08-02 08:39:31
407,845,1,2026-07-23 15:46:20
407,484,1,2026-07-25 04:49:15
407,330,4,2026-08-10 23:52:16
407,277,2,2026-08-11 10:15:11
407,298,4,2026-08-12 13:31:54
407,567,5,2026-08-02 10:40:42
407,89,3,2026-07-31 18:01:06
407,652,2,2026-07-25 23:34:49
407,778,4,2026-07-20 03:37:11
407,48,5,2026-08-11 03:50:27
407,106,2,2026-07-29 03:56:30
407,802,2,2026-07-24 02:03:35
407,28,5,2026-07-25 14:08:09
407,52,2,2026-08-04 03:32:39
407,669,4,2026-08-09 15:48:12
407,661,3,2026-07-17 04:03:53
408,87,5,2026-07-22 16:07:45
408,260,1,2026-07-27 15:42:42
408,6,5,2026-08-02 09:44:40
408,312,5,2026-07-31 10:03:21
408,302,4,2026-08-02 09:48:05
408,602,2,2026-07-31 05:56:53
408,294,1,2026-07-26 12:25:57
408,857,4,2026-07-25 15:05:27
408,495,2,2026-08-14 20:01:36
408,61,5,2026-07-17 12:29:51
409,772,4,2026-07-24 08:27:28
409,709,3,2026-08-03 15:34:51
409,344,4,2026-07-24 23:41:18
409,267,5,2026-07-27 01:35:00
409,528,1,2026-07-18 05:44:25
409,740,5,2026-07-24 05:22:06
409,296,1,2026-07-21 05:48:30
409,24,3,2026-07-28 06:42:20
409,271,5,2026-08-04 01:07:42
409,889,4,2026-08-11 20:28:17
409,200,5,2026-07-19 16:17:24
409,469,1,2026-07-18 17:15:21
409,711,2,2026-08-07 18:09:25
409,300,3,2026-08-07 21:06:16
409,52,3,2026-07-28 04:41:11
409,719,3,2026-07-21 05:59:22
409,450,1,2026-08-01 18:56:21
410,152,2,2026-07-20 21:14:22
410,984,4,2026-08-03 17:34:21
410,696,3,2026-07-20 20:14:27
410,832,5,2026-08-10 10:39:17
410,757,5,2026-07-22 03:17:45
410,879,3,2026-07-19 04:02:39
410,261,5,2026-07-24 18:16:45
410,643,5,2026-08-13 23:15:23
410,281,1,2026-07-17 15:28:26
410,153,4,2026-08-01 14:37:12
411,201,2,2026-08-02 20:12:51
411,475,4,2026-08-09 22:36:23
411,841,5,2026-07-21 08:24:02
411,857,5,2026-07-17 19:06:53
411,599,1,2026-07-24 22:52:51
411,42,5,2026-08-09 18:02:05
411,350,4,2026-07-24 16:54:24
411,682,3,2026-08-03 00:08:12
411,44,5,2026-07-26 03:15:02
411,588,4,2026-07-18 00:51:23
411,966,5,2026-08-06 04:25:43
411,38,4,2026-08-02 17:19:59
411,775,1,2026-07-21 03:45:29
411,247,3,2026-08-10 14:27:07
412,554,1,2026-08-12 10:12:01
412,741,2,2026-08-01 06:49:19
412,679,2,2026-08-02 17:03:41
412,357,4,2026-08-08 10:21:10
412,959,5,2026-08-06 05:50:22
412,661,1,2026-08-11 11:58:15
412,693,4,2026-07-19 18:35:50
412,817,2,2026-08-13 02:27:45
412,788,2,2026-07-26 00:20:24
412,343,4,2026-07-18 15:11:35
412,12,1,2026-07-31 07:56:54
412,890,1,2026-07-28 06:49:49
412,897,5,2026-08-07 00:50:56
412,192,3,2026-07-27 11:15:56
413,294,4,2026-08-04 14:17:22
413,27,3,2026-07-31 13:25:53
413,873,5,2026-08-01 02:34:46
413,224,4,2026-07-25 14:17:34
413,97,1,2026-07-24 05:16:17
413,720,2,2026-07-22 07:50:28
414,669,5,2026-07-27 19:55:50
414,56,2,2026-07-26 05:00:51
414,213,3,2026-08-06 03:02:37
414,703,5,2026-08-12 13:52:40
414,250,1,2026-08-04 13:45:04
414,526,1,2026-07-23 16:20:45
414,259,4,2026-07-21 02:15:08
414,629,1,2026-08-02 21:22:20
414,784,2,2026-07-30 19:19:10
414,263,5,2026-08-15 08:07:36
414,284,5,2026-08-02 02:10:16
415,291,5,2026-08-08 01:50:14
415,719,1,2026-08-13 06:29:39
415,289,1,2026-08-03 01:47:34
415,432,5,2026-08-06 02:52:43
415,496,3,2026-08-13 11:15:57
415,849,3,2026-08-12 18:04:50
415,836,4,2026-07-22 21:50:20
415,456,1,2026-07-16 19:43:05
415,993,1,2026-08-03 11:14:41
415,555,2,2026-08-03 05:18:09
415,763,5,2026-07-29 12:15:05
415,457,3,2026-08-02 16:29:49
416,438,2,2026-07-31 08:42:04
416,719,2,2026-07-22 08:35:01
416,604,1,2026-07-22 17:14:40
416,942,2,2026-07-20 11:58:04
416,632,2,2026-08-03 03:47:50
416,663,2,2026-08-02 03:12:09
416,107,5,2026-08-07 20:43:13
416,934,1,2026-07-23 18:16:52
417,633,5,2026-08-13 12:59:04
417,169,2,2026-07-28 10:33:58
417,663,1,2026-07-29 05:55:37
417,639,2,2026-07-24 04:35:49
417,626,2,2026-07-25 08:46:30
418,136,2,2026-08-12 07:52:55
418,738,1,2026-08-01 19:27:31
418,927,1,2026-07-17 13:58:38
418,714,2,2026-08-09 19:35:17
418,766,3,2026-07-23 00:57:56
418,392,4,2026-08-08 20:10:08
418,831,3,2026-07-23 07:03:52
418,867,1,2026-08-14 19:54:20
418,823,5,2026-07-27 07:52:06
418,860,2,2026-07-28 13:05:33
419,827,2,2026-08-01 04:50:38
419,109,4,2026-08-14 22:51:28
419,721,5,2026-08-14 19:18:13
419,93,4,2026-07-24 13:29:39
419,904,5,2026-08-15 02:26:20
419,327,2,2026-08-10 17:24:53
419,831,4,2026-07-29 22:50:30
419,82,5,2026-08-06 12:13:29
419,893,1,2026-07-23 11:40:00
419,522,2,2026-08-03 23:50:27
419,242,5,2026-07-18 00:18:34
419,439,5,2026-07-20 08:08:49
419,949,2,2026-07-18 15:46:24
419,724,2,2026-07-25 01:38:38
419,605,2,2026-08-04 08:42:25
420,70,1,2026-07-22 15:06:37
420,255,5,2026-07-19 15:25:10
420,468,2,2026-08-13 16:59:41
420,728,5,2026-07-27 14:09:31
420,709,1,2026-08-12 20:20:11
420,780,1,2026-07-20 14:40:35
420,336,4,2026-08-03 02:10:44
420,715,5,2026-07-21 05:38:17
420,695,2,2026-07-28 17:53:12
420,321,1,2026-07-26 09:07:34
420,361,3,2026-07-24 20:51:57
420,606,4,2026-07-20 05:36:06
420,732,4,2026-07-27 01:23:22
420,272,4,2026-07-25 01:46:56
420,482,3,2026-07-26 09:33:04
420,830,5,2026-08-03 02:32:08
420,425,2,2026-08-01 08:26:04
420,660,5,2026-08-10 07:54:28
421,236,4,2026-08-12 08:02:55
421,188,4,2026-07-23 10:42:24
421,719,5,2026-07-23 10:51:49
421,913,1,2026-07-31 05:55:34
421,483,3,2026-07-21 04:58:50
421,404,5,2026-07-29 12:48:53
421,549,4,2026-07-31 00:06:50
421,209,5,2026-07-26 23:14:51
422,724,5,2026-08-08 16:13:23
422,370,4,2026-07-23 18:55:08
422,887,1,2026-07-25 12:14:50
422,825,1,2026-08-05 18:22:43
422,808,3,2026-07-18 14:36:29
422,395,4,2026-08-10 23:40:13
422,924,3,2026-07-28 18:22:34
422,237,3,2026-08-08 04:47:26
422,736,1,2026-08-09 22:46:49
423,538,4,2026-08-13 03:58:30
423,539,3,2026-07-24 09:49:58
423,33,5,2026-07-30 16:37:51
423,846,1,2026-08-14 05:44:49
423,797,2,2026-07-20 20:26:04
423,272,1,2026-07-23 11:41:23
423,786,1,2026-07-31 06:20:54
423,62,5,2026-07-21 23:44:14
423,615,3,2026-07-22 11:07:49
423,184,4,2026-08-02 08:04:17
423,204,3,2026-08-02 00:28:19
423,976,2,2026-08-14 02:21:37
424,502,1,2026-08-15 00:50:29
424,532,2,2026-08-01 20:03:26
424,487,4,2026-08-05 09:59:15
424,560,5,2026-07-24 13:18:00
424,539,3,2026-08-07 13:15:59
424,422,2,2026-08-12 05:19:02
424,199,5,2026-08-02 12:36:39
424,459,2,2026-08-05 02:25:27
424,817,1,2026-08-11 15:23:00
424,880,4,2026-08-11 00:05:19
424,475,2,2026-08-02 13:42:54
425,622,4,2026-08-09 02:41:48
425,624,1,2026-07-26 14:26:52
425,708,2,2026-08-11 20:00:32
425,571,5,2026-07-17 21:49:46
425,262,3,2026-07-25 02:57:57
425,339,1,2026-08-12 21:08:32
425,832,5,2026-08-02 09:08:53
425,40,2,2026-08-09 11:17:25
425,631,4,2026-08-05 06:04:52
425,331,4,2026-08-10 02:13:52
425,582,4,2026-08-13 23:06:00
425,13,1,2026-07-16 17:28:10
425,157,2,2026-07-26 17:34:06
425,364,4,2026-08-10 09:59:10
425,739,3,2026-08-02 17:00:09
426,923,5,2026-07-18 20:01:45
426,135,3,2026-07-18 05:29:05
426,484,2,2026-07-23 06:42:10
426,568,5,2026-07-22 02:37:23
426,999,5,2026-07-17 18:31:46
426,9,3,2026-07-17 03:00:57
426,801,5,2026-07-18 20:33:58
426,316,5,2026-08-11 23:33:58
426,458,2,2026-08-10 15:14:43
426,2,2,2026-08-04 21:04:50
426,230,1,2026-07-17 10:48:43
426,588,5,2026-07-27 05:07:45
426,997,4,2026-07-25 09:28:06
426,593,1,2026-08-02 16:17:57
426,958,4,2026-07-29 00:30:17
426,471,2,2026-07-18 18:06:49
426,587,4,2026-07-27 03:12:17
427,851,2,2026-08-10 01:01:05
427,237,4,2026-08-14 11:15:46
427,941,2,2026-07-23 19:08:36
427,955,2,2026-07-17 09:41:57
427,568,5,2026-07-23 17:33:13
427,254,2,2026-08-12 09:28:41
427,620,3,2026-08-13 05:46:18
427,516,3,2026-08-08 21:58:18
427,518,3,2026-07-29 19:17:12
427,572,5,2026-08-15 00:17:29
427,707,2,2026-07-17 14:53:57
427,353,5,2026-08-14 16:42:50
427,428,5,2026-08-08 01:51:48
427,542,2,2026-07-19 11:26:17
427,682,2,2026-08-04 21:08:04
427,311,4,2026-08-04 02:54:36
427,166,3,2026-07-25 09:20:27
427,604,2,2026-08-03 13:42:20
428,791,2,2026-08-03 02:51:29
428,176,5,2026-08-11 11:14:40
428,518,4,2026-07-28 10:21:45
428,189,3,2026-08-09 20:07:42
428,473,3,2026-08-02 05:09:14
428,796,5,2026-07-19 08:54:50
428,171,3,2026-07-21 22:13:36
428,13,3,2026-07-30 10:54:27
428,761,3,2026-07-30 06:36:01
428,203,2,2026-08-11 01:54:48
428,118,3,2026-07-20 01:58:21
428,379,1,2026-07-26 02:50:37
429,109,4,2026-07-26 01:36:12
429,950,4,2026-08-05 00:17:57
429,712,3,2026-07-24 17:10:26
429,492,2,2026-08-03 10:16:39
429,512,4,2026-07-17 02:23:39
429,643,4,2026-08-08 08:46:25
429,586,1,2026-08-13 00:26:35
429,563,3,2026-07-29 00:56:50
429,248,2,2026-08-10 16:02:55
429,679,1,2026-08-10 15:24:48
429,469,4,2026-07-26 13:05:21
429,960,1,2026-07-28 07:23:06
429,606,5,2026-08-08 11:33:05
429,573,2,2026-07-17 16:52:01
429,143,5,2026-07-22 02:51:11
429,736,4,2026-08-13 23:01:59
429,594,4,2026-07-30 07:46:32
429,319,2,2026-07-25 05:01:00
429,49,5,2026-08-09 23:10:16
430,846,5,2026-07-28 22:49:01
430,641,1,2026-07-27 01:27:42
430,392,3,2026-07-22 08:25:48
430,138,2,2026-07-20 04:55:56
430,696,4,2026-08-06 00:58:20
430,280,4,2026-08-05 09:49:12
430,25,4,2026-08-14 05:37:03
430,759,5,2026-08-07 22:40:36
430,598,5,2026-08-15 14:25:07
431,656,3,2026-08-04 14:25:50
431,51,5,2026-08-03 23:50:26
431,716,2,2026-08-07 03:17:41
431,939,1,2026-08-13 05:26:15
431,813,4,2026-08-11 23:00:20
431,402,1,2026-08-10 20:37:08
431,967,4,2026-07-21 01:00:12
431,173,4,2026-07-24 01:34:33
431,758,1,2026-07-29 12:51:53
431,271,3,2026-07-23 13:33:22
431,938,4,2026-08-06 00:13:29
431,887,1,2026-07-17 16:14:58
431,535,5,2026-07-18 05:41:37
431,811,5,2026-08-04 11:32:53
431,124,4,2026-07-30 22:02:26
431,454,1,2026-08-10 18:18:12
432,231,1,2026-07-25 07:00:26
432,300,1,2026-07-21 08:43:02
432,981,1,2026-07-17 13:38:10
432,352,5,2026-08-01 11:23:30
432,144,3,2026-07-25 09:18:40
433,926,3,2026-08-13 15:29:40
433,620,5,2026-08-13 23:01:53
433,898,3,2026-07-28 23:38:08
433,35,3,2026-08-02 00:28:45
433,855,1,2026-07-28 13:11:06
433,877,5,2026-08-15 10:41:55
433,681,1,2026-08-04 18:53:39
433,696,2,2026-07-22 03:56:12
434,76,4,2026-08-04 04:24:24
434,391,5,2026-07-25 12:12:50
434,68,5,2026-07-23 13:19:12
434,848,2,2026-08-03 00:57:44
434,118,5,2026-08-13 14:51:09
434,252,4,2026-08-13 16:13:53
435,604,4,2026-08-05 21:27:16
435,815,5,2026-08-06 08:01:54
435,250,3,2026-08-03 07:48:08
435,441,2,2026-08-10 22:37:23
435,771,2,2026-08-08 09:54:05
435,83,1,2026-07-30 19:32:18
435,215,2,2026-07-25 13:20:55
435,462,4,2026-07-18 23:30:14
435,363,2,2026-08-01 12:23:56
435,362,4,2026-07-30 15:28:47
435,210,3,2026-07-27 10:23:53
435,799,1,2026-07-29 22:53:17
436,595,2,2026-08-12 08:53:35
436,5,5,2026-08-15 13:10:38
436,474,3,2026-08-07 12:04:32
436,4,5,2026-07-23 15:36:29
436,121,2,2026-07-27 11:16:57
436,779,5,2026-07-25 09:51:03
436,919,2,2026-07-28 16:18:22
437,944,1,2026-07-21 21:54:08
437,990,3,2026-07-17 00:03:28
437,476,2,2026-08-03 14:45:20
437,453,5,2026-07-31 03:59:12
437,71,1,2026-07-31 20:53:04
437,61,2,2026-07-26 00:37:30
437,196,4,2026-07-17 20:33:29
437,499,5,2026-08-01 03:48:52
437,400,3,2026-08-05 12:36:02
437,479,5,2026-08-04 23:56:50
437,868,5,2026-08-05 16:32:39
437,808,3,2026-07-28 18:11:21
437,806,1,2026-07-23 01:30:10
437,673,4,2026-08-14 10:07:00
437,618,2,2026-08-04 19:39:08
438,524,4,2026-08-07 09:15:58
438,206,2,2026-08-02 10:51:42
438,695,2,2026-07-31 21:21:10
438,533,5,2026-08-06 06:05:33
438,387,2,2026-08-04 00:17:30
438,194,2,2026-08-05 17:35:27
438,447,2,2026-07-17 07:26:02
438,489,2,2026-08-11 12:24:02
438,867,4,2026-08-12 11:08:12
438,500,1,2026-07-18 09:56:12
438,713,3,2026-07-27 07:48:34
438,835,5,2026-08-11 06:00:44
438,635,4,2026-08-10 03:08:03
438,363,1,2026-07-28 00:37:25
438,215,1,2026-07-28 22:11:36
438,725,5,2026-08-10 21:01:21
438,550,3,2026-07-27 04:30:14
438,698,3,2026-07-25 23:54:07
438,979,2,2026-08-14 08:00:44
438,355,2,2026-07-17 12:56:30
439,779,5,2026-07-18 17:55:41
439,465,5,2026-08-05 20:44:32
439,780,3,2026-07-24 20:50:46
439,138,1,2026-07-22 20:14:22
439,748,5,2026-08-14 22:45:03
439,827,4,2026-07-19 04:46:51
439,702,3,2026-07-19 16:49:37
439,303,2,2026-08-12 12:15:52
440,948,1,2026-08-13 08:35:21
440,189,1,2026-07-22 18:57:21
440,500,1,2026-08-10 20:37:11
440,28,3,2026-08-15 08:20:56
440,962,1,2026-08-09 18:17:52
440,615,2,2026-08-10 21:18:20
440,372,4,2026-07-28 22:05:47
440,908,4,2026-07-23 18:50:35
440,944,4,2026-08-05 02:02:51
440,898,1,2026-07-27 15:15:35
440,323,4,2026-08-13 20:59:59
440,626,4,2026-07-20 01:15:59
440,333,3,2026-08-03 13:19:20
440,987,5,2026-07-23 09:55:06
441,12,5,2026-08-12 22:49:42
441,405,3,2026-08-13 01:22:47
441,114,1,2026-07-31 22:47:36
441,374,3,2026-08-09 15:44:44
441,936,1,2026-08-01 11:37:23
441,760,1,2026-07-22 01:25:27
441,190,3,2026-07-24 23:40:26
442,17,4,2026-08-13 16:51:33
442,758,5,2026-07-22 01:43:42
442,871,3,2026-07-25 10:25:34
442,66,1,2026-08-07 20:17:46
442,396,4,2026-08-06 07:39:49
442,485,1,2026-07-25 07:57:20
442,960,5,2026-07-22 03:28:15
442,529,3,2026-08-03 13:42:40
442,414,4,2026-07-18 14:42:47
442,557,5,2026-07-17 17:38:59
442,710,5,2026-08-05 13:36:06
442,444,3,2026-08-08 01:53:20
442,535,4,2026-08-14 07:52:51
442,822,5,2026-08-04 07:36:41
442,350,5,2026-07-20 14:08:10
442,353,5,2026-08-14 06:34:12
442,731,2,2026-08-14 08:38:46
442,146,2,2026-08-02 22:42:11
443,135,2,2026-08-11 08:53:16
443,731,1,2026-08-13 00:00:41
443,183,5,2026-08-06 15:46:50
443,943,2,2026-08-05 18:44:53
443,833,4,2026-07-27 14:24:18
443,171,4,2026-08-03 14:14:01
443,889,2,2026-07-31 10:20:21
443,357,4,2026-07-25 01:57:30
444,6,2,2026-08-01 04:47:18
444,559,5,2026-08-01 13:35:56
444,82,1,2026-08-11 14:23:06
444,672,4,2026-08-12 11:04:00
444,390,1,2026-08-14 05:49:37
444,507,5,2026-07-30 02:47:25
444,37,2,2026-07-22 06:19:44
444,503,3,2026-08-11 08:45:38
444,383,3,2026-07-31 05:13:09
444,849,2,2026-08-11 14:49:26
444,116,1,2026-07-25 19:18:21
444,529,5,2026-07-28 13:32:31
445,756,2,2026-07-20 21:48:50
445,878,3,2026-07-22 04:04:22
445,899,3,2026-07-17 21:22:55
445,605,5,2026-08-04 21:19:47
445,898,4,2026-08-09 03:19:09
445,411,3,2026-08-05 18:24:05
446,890,5,2026-08-03 20:51:15
446,639,4,2026-08-14 09:01:28
446,731,4,2026-07-27 22:48:11
446,788,1,2026-08-06 01:16:53
446,845,2,2026-07-30 10:41:37
446,318,1,2026-08-03 10:24:28
446,349,3,2026-08-05 08:32:09
446,903,4,2026-07-30 00:51:04
446,967,4,2026-08-01 18:39:07
447,80,4,2026-07-22 00:37:47
447,629,4,2026-08-12 04:50:45
447,470,5,2026-07-18 01:46:54
447,693,4,2026-08-08 01:14:13
447,340,3,2026-08-03 13:00:40
447,375,3,2026-08-06 18:38:39
447,663,2,2026-07-23 23:15:17
447,618,2,2026-08-12 12:30:27
447,676,2,2026-08-07 23:16:44
447,555,4,2026-07-23 14:20:27
447,867,4,2026-08-14 10:07:27
447,679,3,2026-08-05 06:51:38
448,391,5,2026-08-04 22:27:21
448,187,4,2026-07-27 01:19:23
448,936,1,2026-08-04 20:12:48
448,339,1,2026-08-02 02:00:26
448,974,5,2026-08-11 14:28:09
448,127,1,2026-08-01 16:40:44
448,804,4,2026-08-12 07:37:16
448,976,4,2026-07-17 02:44:52
448,343,2,2026-08-09 00:49:24
448,285,4,2026-07-29 17:02:03
448,164,5,2026-08-11 13:08:58
448,628,2,2026-08-03 21:27:28
448,745,3,2026-08-02 09:07:03
448,441,1,2026-07-30 11:05:27
448,361,1,2026-07-20 06:06:58
448,395,4,2026-08-05 17:00:37
448,719,5,2026-07-31 23:56:50
449,507,5,2026-08-07 22:54:59
449,833,3,2026-07-24 10:17:20
449,561,3,2026-08-15 14:30:04
449,630,5,2026-07-20 13:01:16
449,698,5,2026-08-05 07:28:08
449,322,3,2026-08-04 01:43:01
449,520,3,2026-08-08 15:30:49
449,73,4,2026-08-09 23:59:21
449,772,3,2026-07-21 22:19:17
449,134,3,2026-08-07 00:15:00
449,612,1,2026-08-13 00:57:47
450,390,1,2026-08-03 23:28:17
450,408,4,2026-08-08 13:03:11
450,867,1,2026-07-17 20:09:31
450,518,3,2026-07-18 00:04:42
450,233,1,2026-08-12 01:40:15
451,404,4,2026-08-13 11:48:22
451,850,1,2026-08-02 19:02:28
451,790,5,2026-07-22 12:22:26
451,384,2,2026-08-02 19:24:33
451,762,1,2026-07-25 22:56:29
451,219,4,2026-08-11 03:31:39
451,311,4,2026-07-20 14:03:45
451,99,4,2026-08-14 18:00:35
451,360,1,2026-08-02 03:47:46
451,233,1,2026-07-18 13:22:00
451,315,3,2026-07-24 21:22:08
451,285,3,2026-07-30 20:22:26
451,923,5,2026-07-30 07:03:22
451,19,5,2026-07-24 08:52:14
451,896,3,2026-08-04 13:24:40
451,972,2,2026-07-18 04:39:03
452,735,5,2026-07-16 20:05:05
452,151,2,2026-07-20 10:40:09
452,965,4,2026-08-09 10:44:44
452,458,1,2026-07-19 04:29:00
452,169,4,2026-08-06 23:29:13
452,511,4,2026-07-31 20:51:01
452,482,3,2026-08-03 17:57:01
452,872,2,2026-08-15 06:58:21
452,756,4,2026-08-09 19:16:07
452,412,5,2026-08-10 22:43:11
453,382,3,2026-07-26 22:03:08
453,264,3,2026-07-31 11:07:23
453,741,5,2026-07-20 22:54:53
453,20,5,2026-07-21 17:19:53
453,637,3,2026-08-04 12:38:39
453,941,1,2026-08-02 20:25:40
453,922,5,2026-08-04 22:03:36
453,204,4,2026-07-19 03:56:58
454,803,1,2026-07-25 19:53:41
454,10,3,2026-08-10 06:31:48
454,417,4,2026-07-24 01:00:56
454,903,4,2026-07-17 17:41:58
454,752,2,2026-07-28 10:44:49
454,875,4,2026-07-31 23:38:21
454,223,5,2026-07-22 03:41:16
454,633,2,2026-07-18 17:16:55
454,622,3,2026-08-09 16:19:15
454,366,5,2026-07-30 03:38:42
455,773,4,2026-07-25 23:31:27
455,949,1,2026-07-27 23:37:46
455,471,1,2026-08-11 18:56:25
455,403,2,2026-07-26 09:54:26
455,657,2,2026-07-26 08:01:33
455,985,2,2026-08-03 14:45:29
455,621,3,2026-08-13 22:11:49
455,536,4,2026-07-25 13:16:23
455,398,4,2026-07-22 22:01:38
455,559,1,2026-07-29 18:39:50
455,206,4,2026-08-01 01:59:30
455,262,3,2026-07-30 04:23:28
455,299,2,2026-07-21 21:36:22
455,646,1,2026-08-01 07:05:06
455,152,2,2026-07-26 00:28:52
455,89,5,2026-07-31 07:28:55
455,761,3,2026-08-10 17:15:18
455,234,5,2026-07-25 11:44:43
456,967,4,2026-07-31 22:01:35
456,158,4,2026-08-10 12:14:35
456,738,2,2026-07-30 07:30:19
456,381,5,2026-07-29 23:33:43
456,727,2,2026-07-21 22:32:30
456,995,1,2026-08-02 05:30:05
457,986,3,2026-07-16 16:44:36
457,311,4,2026-07-24 08:34:14
457,431,4,2026-08-12 20:52:02
457,744,4,2026-07-23 16:53:26
457,295,5,2026-07-31 05:12:24
457,77,4,2026-08-14 17:48:09
457,1,5,2026-07-16 23:45:21
457,237,5,2026-08-14 03:03:26
457,821,1,2026-08-06 21:21:27
457,88,2,2026-07-26 15:43:04
457,38,3,2026-07-24 16:12:25
457,454,4,2026-07-19 13:34:02
457,18,2,2026-08-05 17:01:44
457,310,2,2026-07-24 19:56:44
457,439,5,2026-07-30 11:48:05
457,241,5,2026-07-17 03:19:09
457,122,4,2026-07-30 16:06:32
457,284,1,2026-08-12 00:41:25
457,496,2,2026-08-10 22:21:08
458,974,5,2026-08-02 22:04:27
458,499,4,2026-08-10 14:53:25
458,172,1,2026-08-15 00:12:21
458,555,2,2026-07-22 11:41:03
458,860,4,2026-08-14 15:10:28
458,414,2,2026-08-07 17:40:27
458,903,4,2026-07-23 23:07:07
458,989,4,2026-08-12 12:30:46
458,720,1,2026-07-23 06:44:32
458,332,4,2026-08-06 13:14:41
458,839,3,2026-07-31 14:53:15
458,448,4,2026-08-11 17:46:14
458,698,2,2026-07-16 22:38:23
458,176,3,2026-07-27 22:13:01
458,770,4,2026-07-29 20:30:45
458,232,2,2026-07-30 08:56:27
458,407,2,2026-08-11 09:26:37
458,57,3,2026-08-14 13:39:55
458,846,1,2026-08-14 08:08:49
459,436,5,2026-08-11 07:25:54
459,680,4,2026-07-20 18:59:17
459,633,5,2026-07-19 09:33:06
459,595,5,2026-07-21 21:23:25
459,175,1,2026-07-18 17:17:36
459,193,5,2026-08-12 16:53:07
459,580,3,2026-07-29 10:51:39
459,761,3,2026-08-06 19:17:43
459,60,1,2026-07-26 09:10:02
459,9,1,2026-07-28 20:51:50
459,243,3,2026-08-10 20:51:51
459,708,3,2026-07-27 21:07:18
459,245,5,2026-07-25 22:20:16
459,475,1,2026-08-05 12:42:34
459,296,4,2026-08-04 17:38:47
459,11,2,2026-08-02 15:39:54
460,400,2,2026-08-05 08:21:55
460,708,5,2026-07-29 12:19:35
460,217,2,2026-07-20 02:03:46
460,465,1,2026-08-08 19:52:26
460,700,2,2026-07-18 03:31:28
460,135,1,2026-08-13 17:09:25
460,25,3,2026-07-17 06:56:11
460,20,4,2026-07-24 03:28:39
461,359,5,2026-08-06 03:18:21
461,566,4,2026-07-27 15:42:07
461,206,4,2026-08-13 08:16:23
461,315,2,2026-07-25 13:18:05
461,169,3,2026-08-02 12:45:42
462,930,5,2026-08-04 02:54:01
462,207,3,2026-08-10 22:38:56
462,180,1,2026-08-03 13:11:38
462,595,1,2026-08-02 03:06:24
462,887,2,2026-08-10 11:51:10
462,151,1,2026-07-25 01:11:33
462,696,1,2026-07-31 02:48:04
462,830,4,2026-08-04 10:23:16
463,205,4,2026-08-01 11:22:01
463,391,4,2026-08-13 11:59:59
463,469,3,2026-08-08 19:18:25
463,943,5,2026-08-05 05:28:58
463,175,3,2026-08-14 21:26:45
463,270,5,2026-07-26 03:48:04
463,756,3,2026-08-11 23:22:02
463,174,5,2026-07-22 19:27:36
464,867,5,2026-07-19 20:01:43
464,620,4,2026-08-06 17:45:03
464,89,5,2026-08-11 15:07:26
464,125,5,2026-08-05 23:20:48
464,834,5,2026-07-27 02:56:56
464,218,2,2026-08-03 01:07:31
464,252,5,2026-08-04 05:29:30
464,654,1,2026-07-22 08:06:20
464,319,1,2026-07-24 00:50:08
464,390,4,2026-08-09 14:48:29
464,365,4,2026-08-02 06:10:53
464,192,1,2026-07-21 11:09:40
464,863,3,2026-07-21 19:53:12
464,718,1,2026-07-29 13:31:20
464,268,1,2026-07-18 12:25:10
465,572,2,2026-08-04 01:06:30
465,148,5,2026-07-17 11:34:19
465,798,3,2026-07-30 01:01:06
465,759,5,2026-07-29 17:38:30
465,226,4,2026-08-03 06:33:45
465,739,1,2026-08-12 17:40:10
465,68,2,2026-07-31 19:43:18
465,657,4,2026-08-11 08:33:12
465,927,5,2026-07-22 22:41:17
465,845,3,2026-07-17 03:05:38
465,358,1,2026-08-15 06:26:33
465,752,1,2026-08-15 05:19:49
465,631,3,2026-08-06 13:54:59
465,11,5,2026-07-29 20:02:27
465,603,2,2026-07-20 20:55:41
465,539,4,2026-08-10 02:20:47
465,769,4,2026-08-14 04:41:14
465,63,2,2026-07-20 06:29:15
465,844,3,2026-07-30 04:08:21
465,211,2,2026-07-28 20:55:22
466,704,2,2026-08-02 07:00:13
466,946,1,2026-08-02 15:28:25
466,164,4,2026-07-17 01:31:16
466,799,5,2026-07-26 08:08:30
466,52,5,2026-08-07 10:29:50
466,457,2,2026-07-17 13:25:55
466,288,5,2026-08-09 15:08:11
466,885,2,2026-08-04 12:29:00
466,566,1,2026-08-06 10:20:25
466,218,4,2026-08-14 10:55:49
466,822,5,2026-08-07 20:36:42
466,747,2,2026-08-11 21:44:06
466,304,1,2026-07-20 14:19:59
466,100,5,2026-08-04 03:41:24
467,231,5,2026-08-05 16:23:49
467,369,4,2026-07-18 08:55:51
467,764,5,2026-07-30 21:48:00
467,873,2,2026-07-24 22:05:34
467,526,1,2026-07-21 09:31:03
467,978,3,2026-08-06 21:40:27
467,388,2,2026-08-03 04:36:25
467,914,1,2026-07-30 10:55:50
467,695,1,2026-07-27 17:30:47
467,77,2,2026-08-13 10:55:25
467,345,5,2026-08-12 21:50:05
467,784,2,2026-07-20 16:33:00
467,752,1,2026-08-01 21:58:53
467,924,5,2026-07-20 00:05:38
467,402,4,2026-08-08 11:02:04
467,433,1,2026-07-18 16:19:56
467,915,3,2026-08-14 01:21:54
468,516,5,2026-07-26 05:33:40
468,727,3,2026-08-02 18:12:13
468,381,2,2026-08-02 00:28:05
468,734,4,2026-08-03 22:32:14
468,935,1,2026-07-23 08:17:20
468,952,3,2026-07-17 12:35:14
468,783,4,2026-08-10 16:17:47
468,946,3,2026-08-03 11:51:23
468,862,1,2026-08-07 00:40:48
468,241,2,2026-08-07 16:45:36
468,576,1,2026-07-17 19:52:44
468,718,4,2026-07-21 03:20:57
468,503,2,2026-07-31 12:21:00
469,395,2,2026-08-02 11:09:33
469,939,1,2026-07-30 02:18:16
469,119,5,2026-07-23 10:49:32
469,671,5,2026-07-22 04:45:45
469,315,2,2026-07-17 20:46:48
469,950,3,2026-07-30 14:08:31
469,103,3,2026-08-06 15:37:15
469,170,4,2026-07-28 15:22:09
469,514,5,2026-07-31 06:51:15
469,137,1,2026-07-26 19:33:15
469,115,2,2026-08-06 04:49:02
469,488,3,2026-08-04 19:02:10
470,104,1,2026-07-26 17:38:23
470,846,1,2026-07-28 10:40:56
470,671,4,2026-07-27 11:36:32
470,876,3,2026-07-25 07:15:05
470,848,2,2026-08-13 19:16:58
470,177,2,2026-07-21 21:00:26
470,507,2,2026-08-08 22:47:09
470,237,2,2026-08-05 04:43:20
470,581,1,2026-07-20 13:12:05
470,710,3,2026-07-31 21:32:06
470,321,3,2026-07-23 18:00:39
470,952,3,2026-08-13 12:55:30
470,274,5,2026-07-17 06:06:51
470,787,1,2026-07-18 20:53:07
470,850,2,2026-08-14 04:33:21
470,312,2,2026-07-31 11:53:55
470,821,4,2026-08-05 11:54:55
471,586,5,2026-08-10 13:56:03
471,30,2,2026-08-08 09:01:14
471,692,4,2026-07-18 10:37:22
471,735,2,2026-07-31 19:07:30
471,414,2,2026-08-09 14:33:12
471,709,1,2026-07-31 23:42:05
471,194,3,2026-08-05 05:49:45
471,493,5,2026-07-27 08:01:59
471,587,1,2026-07-24 11:50:01
471,613,4,2026-08-01 03:35:11
471,567,5,2026-08-05 12:10:00
471,572,1,2026-08-14 04:22:36
471,954,5,2026-07-29 00:54:00
471,500,5,2026-08-03 14:18:46
471,993,1,2026-07-21 03:18:45
471,630,5,2026-08-13 09:57:00
471,264,2,2026-08-12 22:26:05
471,691,4,2026-08-06 21:07:40
472,47,4,2026-08-07 07:41:01
472,238,3,2026-08-11 06:44:36
472,141,1,2026-07-24 05:48:28
472,150,1,2026-07-28 07:07:11
472,426,3,2026-08-09 15:57:18
472,751,2,2026-08-02 12:08:53
472,563,2,2026-08-04 06:02:27
472,777,5,2026-08-05 07:22:39
473,287,5,2026-07-17 00:53:29
473,760,2,2026-08-14 07:30:32
473,302,4,2026-08-08 02:50:17
473,663,4,2026-07-27 02:09:53
473,49,5,2026-07-21 08:52:49
473,85,3,2026-08-04 15:21:53
473,11,1,2026-07-29 08:05:32
473,494,2,2026-08-03 11:36:54
473,606,5,2026-07-18 18:29:48
473,516,3,2026-08-11 20:36:46
473,559,2,2026-07-28 23:34:53
474,351,3,2026-08-05 04:04:30
474,496,2,2026-08-15 05:58:49
474,104,4,2026-07-21 03:44:48
474,81,2,2026-07-27 11:59:50
474,687,5,2026-08-13 15:55:41
474,208,1,2026-07-22 16:29:38
474,451,2,2026-07-25 03:32:13
474,878,5,2026-08-07 15:37:17
474,552,1,2026-07-26 04:41:42
474,827,4,2026-07-20 19:11:58
474,973,3,2026-08-10 02:12:44
474,955,2,2026-07-29 05:39:18
475,6,5,2026-08-12 18:11:34
475,33,5,2026-08-14 01:42:35
475,510,1,2026-08-13 20:17:02
475,712,2,2026-07-22 13:42:32
475,730,1,2026-08-09 14:59:34
475,620,2,2026-08-04 03:33:41
475,519,3,2026-08-08 05:36:42
475,41,3,2026-08-10 00:33:45
475,613,1,2026-07-30 12:21:18
475,745,5,2026-08-13 06:18:25
475,124,5,2026-07-21 00:34:23
475,107,2,2026-08-12 05:36:52
475,235,1,2026-08-08 10:35:13
475,914,3,2026-07-28 03:10:35
475,449,5,2026-07-17 15:57:08
475,851,2,2026-08-13 11:38:13
475,226,4,2026-08-07 20:23:20
475,828,1,2026-08-12 18:04:27
475,113,1,2026-07-22 17:03:41
475,303,3,2026-08-10 07:36:59
476,355,2,2026-08-13 23:57:09
476,420,4,2026-07-27 16:55:42
476,904,2,2026-08-14 14:35:25
476,675,2,2026-08-01 04:33:53
476,370,1,2026-07-28 02:05:51
476,318,2,2026-07-23 09:32:08
476,788,2,2026-08-01 06:55:11
476,663,5,2026-07-30 10:19:52
476,442,1,2026-08-06 02:57:43
476,652,2,2026-07-21 01:02:17
476,335,1,2026-07-31 19:29:19
476,606,2,2026-07-25 14:45:44
476,744,2,2026-08-12 19:02:52
476,553,5,2026-08-06 13:45:16
476,56,1,2026-07-28 07:06:51
476,844,4,2026-07-20 15:36:03
476,166,3,2026-08-03 21:08:38
476,900,4,2026-07-23 18:28:09
476,534,3,2026-07-22 14:16:23
477,635,5,2026-08-05 11:32:36
477,460,5,2026-08-08 19:15:57
477,256,5,2026-08-03 04:40:53
477,14,3,2026-07-24 21:49:05
477,812,3,2026-07-26 19:16:38
477,973,4,2026-08-07 03:55:24
477,888,4,2026-08-01 19:31:15
477,384,5,2026-08-13 00:11:58
477,558,5,2026-08-02 21:01:36
477,520,1,2026-07-23 06:35:45
477,630,2,2026-08-02 16:58:25
477,748,3,2026-07-24 17:44:11
477,278,1,2026-08-01 08:00:05
477,923,2,2026-07-20 21:58:23
477,153,2,2026-08-10 10:12:25
478,901,1,2026-08-13 08:56:18
478,434,1,2026-07-31 03:49:42
478,432,4,2026-07-24 09:00:50
478,78,5,2026-07-24 17:11:48
478,150,2,2026-08-01 10:37:44
478,502,4,2026-08-14 21:09:38
478,167,1,2026-08-06 18:17:47
478,315,5,2026-08-01 03:05:49
478,282,3,2026-08-08 07:50:23
478,861,1,2026-07-26 04:02:24
478,594,4,2026-07-24 15:22:14
478,468,2,2026-07-31 12:24:34
478,378,2,2026-07-19 01:29:50
478,374,5,2026-07-17 18:06:08
478,463,1,2026-07-31 11:05:12
478,177,2,2026-08-06 08:01:40
478,526,5,2026-08-03 14:12:14
478,71,5,2026-08-01 11:10:01
478,270,2,2026-07-22 01:25:25
479,241,2,2026-07-19 02:02:34
479,993,5,2026-07-22 19:59:05
479,831,3,2026-08-07 09:22:36
479,941,5,2026-07-18 10:07:56
479,674,5,2026-08-09 11:38:59
479,371,2,2026-08-09 08:30:22
479,265,5,2026-07-31 05:07:15
479,323,1,2026-07-26 12:15:35
479,17,3,2026-07-20 03:21:39
479,892,3,2026-08-09 05:26:51
479,619,1,2026-07-25 09:54:06
480,287,4,2026-08-10 22:26:50
480,91,2,2026-08-01 01:31:54
480,275,1,2026-07-17 23:19:32
480,22,2,2026-08-07 17:47:14
480,238,1,2026-08-08 13:35:08
480,149,1,2026-08-14 12:16:29
480,128,5,2026-08-11 04:32:18
480,922,2,2026-08-09 05:42:12
480,121,5,2026-08-08 00:05:40
480,489,1,2026-07-24 11:39:22
480,125,5,2026-07-27 16:16:43
480,519,2,2026-08-12 10:50:45
480,884,2,2026-07-19 13:40:45
480,162,2,2026-07-30 17:37:08
480,944,4,2026-08-14 18:51:16
480,674,5,2026-08-03 23:17:57
481,608,2,2026-08-02 07:06:40
481,588,3,2026-08-15 12:23:36
481,244,2,2026-07-25 20:58:47
481,80,2,2026-07-20 12:13:06
481,373,1,2026-08-10 14:51:41
481,652,3,2026-07-27 01:37:47
481,722,1,2026-07-26 22:41:28
481,475,4,2026-08-14 10:37:55
481,438,3,2026-08-12 09:25:10
482,294,3,2026-08-06 14:02:36
482,62,5,2026-08-14 22:17:05
482,802,1,2026-07-29 00:41:48
482,943,4,2026-07-17 14:10:39
482,60,1,2026-08-08 12:13:27
482,737,3,2026-07-19 10:21:10
483,560,3,2026-07-21 11:52:02
483,607,3,2026-07-31 19:38:59
483,392,4,2026-07-22 08:38:32
483,699,1,2026-08-10 07:54:03
483,46,5,2026-08-06 23:24:04
483,409,4,2026-07-29 02:19:52
483,756,3,2026-07-27 15:06:47
483,724,3,2026-08-15 12:47:14
483,354,1,2026-08-08 08:56:01
483,553,2,2026-07-26 21:31:27
483,398,1,2026-08-06 17:31:33
483,695,3,2026-08-09 06:28:42
484,841,3,2026-08-07 04:09:35
484,782,2,2026-07-29 23:12:11
484,149,1,2026-08-01 09:07:45
484,463,1,2026-07-20 12:02:24
484,183,5,2026-08-02 16:57:17
484,906,2,2026-07-20 15:30:43
484,255,1,2026-07-24 06:05:17
484,984,1,2026-07-28 08:27:14
484,912,4,2026-07-27 15:15:36
484,985,2,2026-08-11 05:28:50
484,885,3,2026-08-14 10:16:45
484,18,2,2026-08-06 22:03:11
485,469,4,2026-08-01 19:31:33
485,14,1,2026-08-10 14:42:55
485,858,3,2026-07-18 21:01:42
485,721,4,2026-07-31 15:40:39
485,734,4,2026-08-02 04:51:48
485,926,1,2026-07-21 07:08:24
485,719,2,2026-07-20 17:31:48
485,145,4,2026-07-17 11:42:56
485,966,5,2026-07-17 04:51:57
485,875,2,2026-08-05 15:18:12
485,804,2,2026-07-22 15:45:53
485,729,4,2026-07-21 21:47:11
486,489,4,2026-07-20 00:05:31
486,735,4,2026-08-02 21:11:35
486,60,5,2026-07-25 09:42:59
486,596,4,2026-07-30 13:02:46
486,255,1,2026-08-03 05:04:28
487,683,3,2026-07-19 19:11:41
487,894,5,2026-07-25 23:42:20
487,17,1,2026-07-23 10:50:26
487,199,2,2026-07-22 14:08:02
487,663,4,2026-07-24 11:01:55
487,54,2,2026-08-04 09:08:31
487,178,1,2026-08-02 15:17:23
487,504,2,2026-08-04 00:46:00
488,806,1,2026-07-28 19:35:59
488,293,5,2026-08-01 17:50:23
488,601,1,2026-08-02 01:56:51
488,841,2,2026-08-08 22:38:59
488,449,5,2026-08-01 11:06:19
488,437,5,2026-08-03 13:06:43
488,944,2,2026-07-18 00:17:55
488,481,2,2026-07-23 10:11:59
488,975,2,2026-08-04 16:34:54
488,460,4,2026-08-14 04:08:08
488,833,5,2026-08-03 06:15:39
488,176,2,2026-08-07 15:07:01
488,36,1,2026-08-01 20:01:48
488,179,4,2026-08-01 22:56:27
488,543,2,2026-08-03 01:23:20
488,222,1,2026-07-25 11:29:17
488,197,4,2026-07-31 05:36:06
488,606,2,2026-07-26 04:36:44
488,98,3,2026-07-28 20:55:24
489,426,2,2026-07-27 16:58:37
489,698,1,2026-07-18 00:13:04
489,708,5,2026-08-03 02:22:13
489,592,5,2026-08-10 03:55:58
489,906,4,2026-07-23 04:33:02
490,486,2,2026-07-25 06:23:53
490,933,3,2026-07-18 08:48:02
490,677,5,2026-08-10 03:38:46
490,757,2,2026-08-06 02:16:58
490,60,5,2026-08-03 19:16:00
490,477,2,2026-08-01 13:22:12
490,547,4,2026-08-09 10:07:30
490,394,4,2026-07-31 00:29:17
490,445,3,2026-07-24 02:58:10
490,846,5,2026-08-09 14:30:59
490,759,1,2026-08-10 20:13:16
490,433,2,2026-07-19 03:23:56
490,791,3,2026-08-13 10:11:14
490,987,4,2026-08-04 07:15:57
490,345,1,2026-08-04 06:39:58
490,65,3,2026-07-26 03:38:37
491,777,2,2026-07-17 23:20:31
491,876,2,2026-07-27 23:04:33
491,572,1,2026-07-25 15:38:31
491,132,2,2026-08-03 03:39:21
491,557,4,2026-07-20 13:32:30
491,671,1,2026-08-05 03:14:09
491,329,1,2026-08-03 19:27:49
491,796,3,2026-07-20 19:53:33
491,586,2,2026-07-27 19:39:21
491,198,1,2026-08-01 03:00:57
491,548,2,2026-08-11 12:08:22
491,220,4,2026-08-02 04:34:51
491,685,4,2026-08-02 00:49:44
491,846,2,2026-08-10 18:08:00
491,406,5,2026-08-06 03:39:09
491,55,1,2026-08-04 08:29:03
491,313,4,2026-08-11 09:20:38
491,666,4,2026-08-12 20:53:36
491,452,1,2026-07-25 14:11:55
491,307,1,2026-07-31 09:12:41
492,421,2,2026-08-14 11:07:12
492,820,2,2026-07-30 09:22:25
492,281,5,2026-08-03 11:59:22
492,939,2,2026-07-26 19:43:44
492,739,1,2026-08-03 19:25:26
492,131,2,2026-07-23 08:20:02
492,44,5,2026-07-23 15:06:09
493,229,5,2026-08-10 08:28:08
493,659,2,2026-08-05 18:23:32
493,362,1,2026-07-19 21:39:07
493,646,3,2026-07-27 13:51:06
493,399,3,2026-07-29 01:32:21
493,731,5,2026-07-30 13:37:27
493,598,3,2026-07-18 16:48:50
493,936,5,2026-08-10 15:29:58
493,811,2,2026-08-12 09:37:43
493,999,2,2026-07-27 17:01:42
493,917,2,2026-07-20 04:59:25
493,496,2,2026-08-04 08:09:59
493,169,1,2026-08-09 12:30:02
493,359,2,2026-08-01 03:53:17
493,992,4,2026-07-22 18:12:21
493,903,4,2026-07-30 11:00:18
494,936,1,2026-07-31 16:27:09
494,962,3,2026-07-24 16:01:24
494,431,5,2026-07-19 17:29:03
494,635,1,2026-07-29 06:44:10
494,504,1,2026-08-04 15:39:11
494,808,5,2026-07-29 21:25:40
494,312,3,2026-08-15 01:58:33
494,759,3,2026-07-19 23:07:58
494,160,1,2026-08-06 09:15:32
494,432,5,2026-08-11 08:54:54
494,34,5,2026-07-25 15:17:49
494,780,3,2026-07-19 13:16:07
494,481,1,2026-08-08 17:29:33
494,685,5,2026-08-03 19:48:47
494,979,2,2026-07-23 17:18:12
494,798,2,2026-07-22 02:58:08
494,814,3,2026-08-15 05:56:56
494,439,5,2026-07-20 03:19:09
494,445,5,2026-07-31 04:14:08
495,372,2,2026-07-26 15:28:23
495,224,2,2026-07-18 05:19:55
495,198,4,2026-07-21 02:04:17
495,730,2,2026-07-17 00:51:10
495,802,4,2026-08-08 11:39:48
495,607,1,2026-07-18 04:06:05
495,516,4,2026-07-29 05:22:04
495,676,4,2026-07-24 15:08:42
495,765,3,2026-07-26 02:15:08
495,566,2,2026-08-10 03:39:33
495,965,1,2026-08-15 02:45:55
495,625,3,2026-08-03 12:43:39
495,742,5,2026-07-27 08:59:32
495,135,2,2026-07-30 01:02:02
496,763,2,2026-07-21 15:59:30
496,633,1,2026-08-01 15:14:01
496,174,5,2026-07-18 01:46:56
496,21,2,2026-07-16 23:03:20
496,225,1,2026-08-06 06:22:25
496,607,2,2026-07-29 03:37:30
496,809,2,2026-07-29 23:05:07
496,351,1,2026-08-15 08:59:43
497,342,5,2026-07-28 02:14:05
497,380,3,2026-08-14 04:03:11
497,693,5,2026-07-25 13:00:06
497,883,3,2026-07-23 11:15:17
497,409,3,2026-07-21 19:52:33
497,691,3,2026-08-15 08:02:38
497,561,1,2026-07-22 17:27:22
497,635,1,2026-07-31 23:39:57
498,956,3,2026-08-02 09:55:18
498,658,1,2026-07-31 21:16:54
498,459,4,2026-08-09 12:49:26
498,635,4,2026-07-19 07:08:31
498,114,3,2026-08-02 06:13:42
498,819,4,2026-08-03 16:13:36
498,582,2,2026-08-03 18:25:32
498,574,5,2026-07-22 08:27:48
498,401,5,2026-08-03 02:59:30
498,37,2,2026-07-25 11:27:19
498,691,2,2026-07-17 20:10:33
499,783,4,2026-08-07 21:45:10
499,518,4,2026-07-31 00:02:21
499,977,5,2026-07-22 05:40:37
499,878,1,2026-07-19 16:06:27
499,653,5,2026-07-27 11:22:56
499,760,5,2026-08-07 00:02:35
499,899,3,2026-07-26 10:25:30
499,569,5,2026-07-22 05:29:22
499,697,5,2026-08-04 15:02:22
499,67,1,2026-07-16 19:19:59
499,998,3,2026-07-27 19:44:27
499,337,3,2026-07-24 01:43:35
500,716,5,2026-07-26 06:14:31
500,376,4,2026-08-14 06:51:32
500,931,1,2026-07-24 18:21:16
500,321,1,2026-07-19 16:31:58
500,537,4,2026-08-09 16:18:57
500,509,1,2026-07-24 20:26:15
500,92,5,2026-07-27 08:53:40
500,32,3,2026-07-19 00:49:32
500,779,4,2026-08-05 01:09:36
500,394,4,2026-08-08 19:53:34
500,109,3,2026-07-29 15:42:27
500,733,5,2026-07-26 13:16:09
500,193,5,2026-08-14 05:33:28
500,370,3,2026-08-02 07:44:21
501,849,3,2026-08-12 08:36:39
501,738,1,2026-07-28 02:13:52
501,444,5,2026-07-31 14:14:16
501,278,2,2026-08-02 19:37:39
501,409,3,2026-08-03 10:40:25
501,289,5,2026-07-23 06:51:54
501,441,1,2026-07-31 10:09:17
501,362,5,2026-08-14 12:00:29
501,174,4,2026-07-27 12:31:00
501,465,2,2026-08-14 15:23:09
501,75,4,2026-07-30 19:38:17
501,764,5,2026-07-30 22:42:12
501,676,4,2026-07-31 08:19:26
501,474,1,2026-08-06 03:55:51
501,288,5,2026-08-05 06:10:04
502,778,1,2026-07-28 12:10:51
502,383,4,2026-07-20 12:38:50
502,393,1,2026-07-18 17:51:49
502,291,4,2026-07-24 02:06:52
502,785,3,2026-08-08 12:30:49
502,46,4,2026-08-14 23:02:54
502,24,4,2026-08-04 18:30:32
502,828,5,2026-08-04 13:57:44
502,231,5,2026-07-25 19:17:03
502,625,4,2026-07-30 21:32:14
502,661,3,2026-07-20 13:50:27
502,916,4,2026-07-19 05:50:45
502,959,3,2026-08-08 10:50:57
503,691,5,2026-07-27 04:37:23
503,990,4,2026-08-04 03:46:13
503,479,1,2026-07-28 19:57:29
503,384,1,2026-07-16 20:00:14
503,266,3,2026-08-08 06:52:42
503,788,1,2026-08-08 06:52:44
503,374,2,2026-07-20 07:33:19
503,474,5,2026-07-16 16:11:59
503,693,4,2026-07-20 20:34:42
503,480,2,2026-08-13 16:13:47
503,762,1,2026-07-18 16:56:58
503,46,2,2026-08-14 15:47:57
503,724,2,2026-07-19 21:32:41
503,916,1,2026-07-31 14:12:19
503,847,4,2026-07-31 18:32:34
503,8,4,2026-07-16 17:20:38
503,178,3,2026-07-22 06:57:42
504,96,2,2026-07-26 01:08:42
504,206,2,2026-07-31 14:58:29
504,40,2,2026-07-30 03:09:17
504,120,1,2026-07-24 11:06:32
504,18,3,2026-07-18 18:13:57
504,472,3,2026-07-20 05:36:57
504,25,4,2026-07-23 08:04:15
504,41,4,2026-08-08 05:27:07
504,121,1,2026-07-18 06:22:21
505,668,1,2026-08-01 20:12:33
505,723,2,2026-07-25 05:45:05
505,625,3,2026-08-13 15:02:02
505,782,5,2026-07-30 23:31:57
505,300,1,2026-08-15 04:22:35
505,86,1,2026-08-13 20:50:31
505,397,3,2026-07-19 20:09:47
505,711,2,2026-07-31 20:24:13
505,950,4,2026-07-30 22:01:51
505,705,5,2026-08-01 23:08:57
505,788,4,2026-07-26 20:49:27
505,322,2,2026-07-19 00:29:13
505,937,3,2026-07-27 02:18:07
506,842,3,2026-08-06 06:34:34
506,741,5,2026-08-03 02:47:09
506,472,4,2026-08-04 06:07:33
506,418,2,2026-07-25 21:34:18
506,607,5,2026-08-06 22:59:00
506,202,5,2026-07-17 20:21:54
507,854,3,2026-07-29 20:17:26
507,549,2,2026-07-24 01:11:55
507,880,2,2026-07-27 13:30:10
507,311,5,2026-08-06 00:06:39
507,886,4,2026-07-30 20:33:04
507,430,2,2026-07-23 23:57:16
508,800,1,2026-08-10 22:03:17
508,664,4,2026-07-21 17:48:19
508,487,2,2026-07-21 00:27:31
508,612,2,2026-07-29 04:09:59
508,927,4,2026-07-27 21:29:45
508,699,4,2026-07-25 12:31:18
508,121,4,2026-08-06 09:54:16
508,939,4,2026-07-28 22:35:39
508,25,2,2026-07-29 02:26:48
508,398,3,2026-08-06 14:07:07
508,208,1,2026-07-23 14:08:15
508,558,5,2026-07-25 14:37:41
508,554,1,2026-08-10 17:48:00
509,643,4,2026-07-20 17:22:02
509,179,5,2026-08-09 16:29:02
509,949,4,2026-07-24 02:18:29
509,644,2,2026-08-06 21:36:47
509,619,2,2026-07-17 05:49:01
509,621,2,2026-08-10 00:50:26
509,71,4,2026-08-08 01:07:10
509,760,1,2026-07-24 02:58:09
509,368,4,2026-07-25 19:09:55
509,674,2,2026-08-13 18:21:03
509,114,1,2026-07-17 07:48:22
509,233,4,2026-07-18 08:01:03
509,394,2,2026-08-05 07:00:39
510,265,1,2026-08-08 19:11:05
510,150,4,2026-08-10 04:42:59
510,638,1,2026-07-16 22:43:07
510,943,2,2026-08-06 19:23:08
510,881,5,2026-08-09 02:37:23
510,623,5,2026-07-25 11:35:14
510,991,5,2026-08-13 06:44:07
510,166,1,2026-08-03 16:44:54
510,554,1,2026-08-03 12:24:31
510,619,4,2026-08-03 09:47:13
510,341,2,2026-08-07 03:19:56
510,601,2,2026-08-15 15:11:21
511,423,5,2026-08-05 01:10:01
511,104,5,2026-07-31 16:04:55
511,708,2,2026-08-10 23:32:19
511,185,3,2026-08-11 20:22:43
511,861,4,2026-08-01 19:52:57
511,362,3,2026-07-31 11:56:30
511,669,1,2026-08-15 14:23:31
511,231,2,2026-07-30 04:26:14
511,606,2,2026-08-07 12:32:38
511,96,2,2026-08-04 17:29:16
511,568,1,2026-08-04 23:37:02
511,180,4,2026-07-23 01:19:29
511,725,1,2026-08-12 03:22:22
511,852,4,2026-08-06 01:38:25
511,651,3,2026-07-26 14:47:50
511,797,4,2026-08-07 05:04:45
511,800,1,2026-08-14 00:03:55
512,921,1,2026-08-12 21:23:46
512,136,1,2026-08-12 15:20:49
512,750,5,2026-07-21 19:23:46
512,99,2,2026-07-24 02:47:40
512,539,1,2026-08-07 12:44:08
513,577,4,2026-08-08 09:59:14
513,838,3,2026-07-28 07:20:46
513,25,1,2026-08-02 11:13:09
513,556,5,2026-08-14 04:49:35
513,875,3,2026-08-02 03:07:01
513,496,3,2026-07-21 14:03:14
513,526,2,2026-07-25 13:24:05
513,179,4,2026-08-03 06:02:09
513,679,3,2026-07-29 08:00:40
514,474,2,2026-07-19 18:26:50
514,18,1,2026-07-28 03:53:21
514,872,2,2026-07-26 21:36:40
514,936,1,2026-08-05 06:57:11
514,670,2,2026-08-04 15:58:28
514,98,2,2026-08-09 08:28:17
514,948,3,2026-08-10 10:14:16
514,422,3,2026-07-31 05:57:52
514,534,5,2026-08-12 14:26:19
514,920,5,2026-08-09 04:31:34
514,78,3,2026-08-14 20:57:09
514,507,3,2026-08-05 12:04:48
514,446,3,2026-07-21 14:17:17
514,175,4,2026-07-29 00:26:38
514,443,1,2026-08-06 01:20:57
514,793,1,2026-07-22 13:30:55
515,97,2,2026-08-03 05:38:28
515,376,4,2026-07-17 15:53:56
515,458,4,2026-07-23 06:10:41
515,27,5,2026-08-02 00:58:36
515,149,2,2026-07-23 00:59:08
515,134,2,2026-07-21 22:47:14
515,868,1,2026-07-24 13:21:50
515,467,2,2026-07-17 18:07:00
516,782,5,2026-07-20 18:59:49
516,108,4,2026-07-25 13:11:53
516,288,2,2026-07-18 06:34:35
516,50,3,2026-08-01 17:57:55
516,858,2,2026-08-05 02:50:24
516,801,3,2026-07-30 09:06:56
516,668,1,2026-08-06 23:10:31
516,543,2,2026-08-10 10:50:31
516,933,5,2026-07-27 08:40:45
516,886,4,2026-08-14 08:58:37
516,655,3,2026-08-12 00:07:15
516,520,3,2026-07-19 05:56:50
517,172,3,2026-08-13 18:49:14
517,807,1,2026-08-08 04:36:20
517,97,3,2026-07-23 19:51:54
517,749,1,2026-08-07 04:35:02
517,766,1,2026-07-29 06:35:25
517,243,4,2026-07-20 22:30:52
517,389,3,2026-07-26 04:14:50
517,816,5,2026-08-14 09:28:27
517,772,1,2026-07-19 04:46:44
517,743,2,2026-07-27 20:44:08
517,399,3,2026-08-12 14:06:31
517,88,5,2026-08-09 16:24:36
517,193,3,2026-07-19 18:13:29
517,932,4,2026-08-13 10:22:19
517,178,3,2026-07-21 23:59:45
517,10,3,2026-07-23 07:35:01
518,722,2,2026-08-05 00:32:51
518,28,2,2026-08-13 04:14:46
518,477,3,2026-08-08 11:22:26
518,327,4,2026-07-18 07:24:36
518,616,2,2026-08-05 22:44:23
518,541,2,2026-08-10 12:28:51
518,271,2,2026-08-05 22:37:04
518,151,3,2026-08-10 23:09:23
518,121,2,2026-08-12 09:11:45
518,269,4,2026-07-28 08:07:55
518,710,3,2026-07-21 15:21:26
519,81,5,2026-08-12 17:05:13
519,262,5,2026-07-25 06:35:18
519,904,2,2026-08-09 07:03:21
519,496,4,2026-07-26 13:55:51
519,748,3,2026-08-15 11:57:29
519,284,3,2026-07-30 13:58:01
519,480,1,2026-07-23 12:35:52
519,186,5,2026-07-23 13:38:06
519,810,3,2026-08-05 10:01:44
519,93,3,2026-08-07 17:12:37
519,138,4,2026-08-05 09:06:57
519,940,5,2026-07-30 15:35:21
519,278,1,2026-07-30 16:59:27
519,208,3,2026-07-28 06:36:47
519,118,3,2026-07-23 22:02:10
519,474,1,2026-07-17 12:25:36
520,157,1,2026-07-17 15:35:36
520,679,5,2026-08-01 14:49:13
520,343,2,2026-07-19 12:09:04
520,272,1,2026-07-20 13:38:16
520,693,1,2026-07-23 11:51:32
520,955,2,2026-07-30 21:01:00
521,903,5,2026-07-31 00:52:52
521,552,3,2026-07-25 18:57:23
521,788,3,2026-08-03 16:21:30
521,660,2,2026-07-26 05:26:25
521,641,5,2026-07-26 04:53:05
521,450,3,2026-07-27 05:35:02
521,933,4,2026-07-29 23:20:47
521,451,1,2026-08-15 05:53:36
521,985,2,2026-07-26 20:29:28
521,720,5,2026-07-28 08:25:26
521,680,1,2026-08-01 07:19:05
521,222,5,2026-08-09 17:54:48
521,826,3,2026-07-29 06:17:36
521,608,2,2026-08-04 06:14:50
521,261,5,2026-08-14 06:17:38
522,630,1,2026-08-03 10:39:14
522,456,2,2026-08-07 18:35:20
522,181,5,2026-07-17 09:37:30
522,350,2,2026-07-24 00:12:45
522,905,3,2026-07-19 09:39:06
522,256,4,2026-08-12 07:38:39
522,9,1,2026-08-07 02:08:22
522,617,5,2026-08-11 16:34:42
522,819,1,2026-08-06 10:21:16
522,620,2,2026-07-19 22:18:09
522,460,5,2026-08-09 22:54:01
522,476,2,2026-07-30 00:39:47
522,84,2,2026-07-31 06:14:47
522,428,4,2026-08-02 20:39:44
522,504,3,2026-07-25 17:31:19
522,73,5,2026-08-09 01:32:47
522,926,2,2026-08-11 20:37:07
522,248,2,2026-07-20 19:13:00
522,414,4,2026-07-22 08:59:45
522,954,3,2026-07-28 05:02:57
523,904,3,2026-07-27 02:03:31
523,575,1,2026-08-08 06:00:32
523,883,1,2026-07-17 06:16:43
523,672,5,2026-07-23 12:33:20
523,234,3,2026-08-08 01:44:32
523,377,3,2026-08-12 16:08:03
524,900,2,2026-07-19 10:02:32
524,125,5,2026-08-03 17:21:50
524,429,3,2026-08-08 16:30:08
524,638,2,2026-07-23 11:25:53
524,592,3,2026-08-05 04:40:33
524,684,5,2026-07-28 02:01:28
524,779,4,2026-07-27 07:04:04
524,752,1,2026-07-29 06:07:44
524,378,1,2026-08-04 08:08:08
524,357,1,2026-07-29 03:36:57
524,792,3,2026-07-31 15:53:35
524,603,4,2026-07-19 00:24:19
525,845,2,2026-08-10 05:02:04
525,512,2,2026-08-01 19:54:20
525,681,4,2026-08-12 06:04:23
525,601,4,2026-08-15 07:00:13
525,442,5,2026-08-05 18:57:33
525,445,4,2026-08-09 16:56:49
526,690,5,2026-07-28 09:10:00
526,763,1,2026-07-17 01:20:26
526,916,4,2026-07-28 22:12:07
526,25,3,2026-08-06 15:21:57
526,625,5,2026-07-22 04:14:36
526,459,4,2026-08-01 12:35:11
526,704,3,2026-07-25 14:17:28
526,303,4,2026-07-29 19:24:29
526,416,3,2026-08-04 12:28:28
526,336,1,2026-07-24 05:39:11
527,352,4,2026-07-20 03:55:54
527,226,5,2026-08-06 15:19:26
527,648,1,2026-08-13 22:39:46
527,867,5,2026-07-28 23:39:41
527,153,1,2026-07-26 18:05:26
528,653,1,2026-08-14 17:44:42
528,756,3,2026-08-13 22:09:45
528,445,4,2026-08-08 09:01:56
528,959,1,2026-07-17 04:24:48
528,744,5,2026-07-30 06:06:08
528,417,2,2026-07-18 12:00:34
528,396,2,2026-07-21 00:43:36
528,124,5,2026-08-14 02:12:50
528,689,3,2026-07-18 11:02:30
528,972,1,2026-07-23 13:26:18
528,336,3,2026-08-03 18:19:23
528,439,5,2026-07-22 13:16:15
528,842,3,2026-07-25 13:23:48
528,101,2,2026-08-08 05:52:26
528,181,5,2026-08-04 02:30:16
528,489,3,2026-08-06 15:13:42
529,268,2,2026-07-20 05:39:59
529,750,5,2026-07-20 14:54:30
529,65,2,2026-07-17 01:11:31
529,640,3,2026-08-10 07:20:34
529,932,1,2026-07-17 01:18:11
529,596,5,2026-07-17 02:47:28
529,295,4,2026-08-15 12:01:12
529,556,4,2026-07-20 08:29:26
529,669,2,2026-08-04 06:47:48
530,52,5,2026-07-31 05:22:44
530,687,4,2026-08-10 15:33:33
530,72,2,2026-08-11 22:00:01
530,645,1,2026-08-08 21:17:05
530,61,1,2026-07-22 08:44:36
530,386,2,2026-07-28 17:23:16
530,789,5,2026-08-08 02:15:21
530,278,4,2026-08-06 22:07:30
530,727,5,2026-08-02 20:46:42
530,449,4,2026-08-09 04:49:27
530,629,4,2026-08-04 02:32:53
530,20,5,2026-07-23 14:22:21
530,189,1,2026-07-31 18:49:46
530,801,3,2026-07-27 21:57:22
530,920,1,2026-08-15 03:10:29
530,869,4,2026-08-01 05:36:02
530,328,5,2026-08-07 07:03:39
530,654,5,2026-07-28 20:47:13
530,165,5,2026-07-21 23:56:48
530,383,4,2026-08-14 21:52:51
531,636,1,2026-08-03 17:58:38
531,201,1,2026-07-27 00:54:56
531,498,1,2026-07-23 08:45:03
531,93,2,2026-07-20 08:35:36
531,240,5,2026-08-07 05:38:02
531,429,3,2026-08-14 00:18:28
531,637,5,2026-08-11 21:01:15
531,116,1,2026-07-19 20:56:29
531,984,1,2026-07-27 16:52:58
531,88,3,2026-08-04 12:43:21
531,582,4,2026-08-11 21:26:17
531,838,3,2026-08-11 12:27:59
531,444,2,2026-07-26 15:29:27
531,557,5,2026-08-11 04:45:17
531,934,3,2026-08-03 17:00:07
531,768,1,2026-08-09 01:56:52
531,560,5,2026-07-25 18:50:48
532,307,4,2026-08-04 05:18:59
532,806,5,2026-08-14 16:09:04
532,938,4,2026-08-13 21:14:57
532,966,5,2026-08-12 07:19:50
532,826,1,2026-07-27 01:43:46
532,942,1,2026-07-31 03:36:10
532,288,1,2026-08-11 08:57:43
532,877,5,2026-07-27 04:22:16
533,426,1,2026-08-04 21:00:00
533,988,5,2026-07-19 00:00:26
533,144,3,2026-08-14 18:21:33
533,933,1,2026-07-19 22:43:40
533,955,4,2026-08-08 06:46:03
533,920,5,2026-08-06 09:51:44
533,111,1,2026-07-20 00:56:14
533,46,4,2026-07-17 20:02:30
533,151,4,2026-08-06 08:08:32
533,533,2,2026-08-13 06:07:20
533,162,1,2026-07-21 13:15:45
533,604,4,2026-07-28 10:51:10
533,304,3,2026-08-11 03:25:05
533,60,1,2026-07-21 03:26:16
533,8,3,2026-08-03 10:33:08
533,989,4,2026-08-02 08:25:55
533,218,5,2026-07-25 02:45:07
533,615,1,2026-07-17 04:01:00
533,818,1,2026-07-18 10:27:59
534,188,1,2026-08-12 10:27:19
534,754,3,2026-07-19 01:03:13
534,219,1,2026-07-26 02:35:04
534,195,5,2026-08-14 07:31:20
534,40,3,2026-07-26 09:22:29
534,882,2,2026-08-08 20:56:02
534,781,2,2026-07-28 01:02:24
534,520,2,2026-08-06 03:47:02
534,259,3,2026-08-06 02:47:51
534,736,5,2026-07-22 16:43:06
534,420,1,2026-07-23 11:16:09
534,58,5,2026-07-24 19:55:34
534,294,2,2026-08-01 03:28:50
534,869,3,2026-07-30 02:07:15
534,559,4,2026-08-14 15:57:40
534,265,5,2026-07-18 08:53:59
535,533,1,2026-07-29 10:27:26
535,633,2,2026-07-20 11:44:11
535,841,2,2026-07-24 18:24:05
535,862,1,2026-07-22 03:39:00
535,283,3,2026-08-01 15:46:07
535,610,4,2026-07-28 20:30:58
535,203,2,2026-07-22 11:56:28
535,621,2,2026-07-23 06:32:19
535,815,1,2026-08-04 02:03:07
536,273,5,2026-08-01 00:57:19
536,531,2,2026-08-07 22:26:45
536,507,4,2026-07-28 15:13:15
536,833,2,2026-08-05 04:09:58
536,139,4,2026-07-27 19:42:58
536,848,5,2026-08-14 00:45:26
536,123,2,2026-07-24 23:55:29
537,472,4,2026-07-25 09:16:52
537,627,1,2026-07-25 23:11:03
537,771,3,2026-07-21 18:08:54
537,162,1,2026-08-05 10:02:23
537,409,5,2026-07-20 08:53:43
537,463,2,2026-08-07 22:35:56
537,811,5,2026-08-10 21:49:23
537,233,4,2026-07-24 07:17:16
538,272,1,2026-07-20 13:53:24
538,21,3,2026-08-08 06:33:26
538,732,5,2026-07-19 11:43:58
538,807,5,2026-07-30 05:05:00
538,499,1,2026-08-09 04:56:31
538,526,2,2026-08-12 12:12:25
538,700,5,2026-07-17 06:59:22
538,69,1,2026-08-10 10:14:31
538,478,1,2026-08-07 10:33:58
538,970,5,2026-08-01 19:55:08
538,781,4,2026-08-14 11:20:49
538,820,5,2026-08-11 20:16:36
538,715,1,2026-07-31 15:52:27
538,735,5,2026-07-21 02:01:39
539,54,2,2026-07-30 23:56:08
539,277,1,2026-08-12 05:39:51
539,1,1,2026-08-06 23:36:08
539,728,3,2026-08-09 13:23:38
539,898,1,2026-08-05 17:44:45
539,875,3,2026-08-11 08:47:01
539,422,3,2026-08-02 02:19:39
539,213,5,2026-07-18 06:29:22
539,195,5,2026-08-14 04:02:46
539,383,1,2026-08-05 00:04:21
539,343,5,2026-08-10 23:05:30
539,773,2,2026-08-04 19:32:10
539,416,5,2026-07-20 04:20:55
539,587,2,2026-08-04 16:38:07
539,492,3,2026-08-09 05:51:59
540,883,1,2026-07-18 16:10:52
540,764,2,2026-07-27 22:01:12
540,326,5,2026-08-14 11:26:27
540,40,4,2026-07-31 22:09:56
540,511,4,2026-08-08 15:47:49
540,56,3,2026-07-20 13:02:58
540,11,5,2026-07-27 20:34:50
540,702,4,2026-07-29 02:50:25
540,489,5,2026-07-31 10:28:36
540,30,3,2026-07-21 01:05:53
540,517,1,2026-08-13 18:29:30
541,369,5,2026-07-16 20:36:33
541,247,2,2026-08-03 08:32:59
541,304,2,2026-07-24 13:17:09
541,776,4,2026-08-15 12:53:50
541,542,5,2026-08-13 16:40:05
541,709,4,2026-08-10 07:01:03
541,510,2,2026-07-23 08:00:08
541,59,4,2026-07-26 09:40:25
541,697,4,2026-07-19 10:03:07
541,376,4,2026-08-04 15:02:11
541,10,4,2026-08-12 11:32:47
541,933,3,2026-08-05 17:13:07
541,228,1,2026-08-02 18:05:33
541,326,2,2026-07-18 14:54:09
542,520,2,2026-08-11 08:22:17
542,393,3,2026-08-12 23:02:14
542,838,4,2026-08-13 04:13:05
542,70,5,2026-08-05 20:44:51
542,625,1,2026-08-10 16:37:17
542,107,2,2026-08-11 07:22:14
542,299,1,2026-08-08 16:43:19
542,193,2,2026-07-22 13:25:17
542,978,2,2026-07-16 23:52:03
542,294,4,2026-08-08 07:52:37
542,433,2,2026-08-09 14:15:07
542,185,5,2026-07-30 11:44:43
542,353,2,2026-07-20 13:22:09
542,527,5,2026-08-02 03:47:25
543,611,1,2026-07-18 16:28:38
543,818,2,2026-08-04 18:28:53
543,880,5,2026-08-10 20:37:59
543,846,1,2026-08-07 17:57:26
543,695,2,2026-07-26 20:50:20
543,256,5,2026-08-04 20:59:55
543,885,1,2026-08-14 21:38:29
543,683,1,2026-08-03 15:11:19
543,596,2,2026-08-09 03:51:08
543,635,5,2026-08-01 19:48:03
543,605,5,2026-07-20 17:30:13
543,583,4,2026-08-06 11:58:48
544,225,4,2026-07-19 23:22:49
544,788,3,2026-08-11 08:16:44
544,718,5,2026-07-31 05:10:47
544,742,2,2026-07-19 12:40:30
544,804,1,2026-08-07 10:10:37
544,270,5,2026-07-19 02:40:54
544,46,2,2026-07-29 07:07:32
544,500,5,2026-07-25 12:58:56
544,235,2,2026-08-09 14:51:30
544,527,1,2026-08-11 16:33:13
544,840,2,2026-07-27 02:56:53
544,584,1,2026-08-02 21:10:49
544,956,5,2026-08-05 00:00:18
544,399,4,2026-07-20 19:42:45
544,953,4,2026-07-23 10:29:03
544,139,3,2026-07-28 23:17:33
544,72,1,2026-08-13 03:27:24
544,764,1,2026-07-31 22:23:00
545,695,2,2026-08-12 18:34:05
545,702,5,2026-08-14 12:58:42
545,802,4,2026-08-15 08:03:44
545,323,5,2026-08-06 12:02:49
545,412,2,2026-07-17 20:38:44
545,903,4,2026-08-05 19:32:53
545,220,2,2026-08-01 00:09:41
545,933,5,2026-08-15 13:06:08
545,86,4,2026-08-15 13:17:03
546,687,3,2026-07-17 02:14:00
546,363,3,2026-07-23 15:14:38
546,69,1,2026-07-20 09:30:22
546,395,2,2026-08-02 03:33:47
546,152,2,2026-07-27 14:46:54
546,166,2,2026-08-10 13:10:54
546,397,1,2026-08-06 13:28:15
546,977,2,2026-07-28 10:30:04
546,820,1,2026-08-13 06:35:04
546,881,1,2026-07-23 02:11:20
547,285,5,2026-07-28 10:27:27
547,695,4,2026-07-27 07:14:45
547,275,3,2026-07-17 23:05:57
547,126,4,2026-08-06 18:06:05
547,423,2,2026-07-28 08:40:38
547,545,5,2026-07-16 23:22:48
547,551,4,2026-08-04 17:14:41
547,281,3,2026-07-26 21:08:01
547,583,3,2026-07-20 06:46:34
547,991,2,2026-07-26 05:05:49
547,902,5,2026-08-03 14:14:40
547,756,3,2026-07-25 21:32:41
548,92,4,2026-08-07 23:00:54
548,931,2,2026-07-22 11:31:04
548,780,2,2026-08-05 09:37:55
548,615,1,2026-07-26 14:07:34
548,529,5,2026-07-18 22:51:32
548,530,1,2026-08-05 14:29:56
548,880,1,2026-08-06 04:57:34
548,783,4,2026-07-26 11:41:12
548,504,5,2026-08-14 12:01:29
548,992,4,2026-08-02 15:30:14
548,578,1,2026-08-04 22:15:54
548,594,3,2026-08-01 12:23:14
548,804,2,2026-08-08 19:48:09
549,2,5,2026-08-12 07:00:23
549,677,3,2026-08-10 14:21:32
549,846,1,2026-08-03 06:22:59
549,181,3,2026-07-30 00:36:12
549,353,1,2026-07-25 13:53:23
549,124,4,2026-08-07 03:00:47
549,899,1,2026-07-17 20:53:20
549,989,1,2026-07-19 03:49:11
549,703,4,2026-07-18 11:31:27
549,944,1,2026-07-20 11:49:53
549,997,3,2026-07-25 10:53:33
549,908,1,2026-08-08 02:02:27
549,188,5,2026-07-30 08:54:34
549,191,3,2026-07-28 17:06:46
549,535,2,2026-08-01 22:52:46
549,647,2,2026-07-17 02:44:44
549,300,2,2026-07-30 17:39:18
550,871,4,2026-08-01 05:12:38
550,294,1,2026-07-22 11:06:30
550,929,4,2026-07-19 19:38:03
550,664,5,2026-08-05 02:32:10
550,8,1,2026-08-05 21:37:00
550,663,3,2026-07-24 02:10:04
550,705,1,2026-08-12 02:29:49
550,907,1,2026-08-07 06:02:22
550,282,3,2026-08-06 14:54:19
550,770,5,2026-07-25 05:02:21
550,856,3,2026-08-11 03:09:41
550,782,2,2026-08-12 17:39:39
550,494,4,2026-08-07 01:56:20
550,471,2,2026-07-30 14:51:57
550,839,1,2026-08-02 16:39:02
551,438,1,2026-08-08 09:24:15
551,564,5,2026-07-17 09:59:38
551,360,3,2026-08-05 23:07:10
551,601,1,2026-08-06 14:55:51
551,289,2,2026-08-11 19:42:20
551,285,5,2026-07-21 23:29:11
551,346,2,2026-08-03 17:19:22
551,759,1,2026-07-30 11:25:29
551,404,4,2026-08-13 04:20:27
551,722,4,2026-07-20 08:53:32
551,774,5,2026-08-02 21:28:14
551,422,4,2026-08-13 02:39:53
551,572,2,2026-08-13 17:09:42
551,928,2,2026-07-17 23:17:33
551,239,2,2026-08-10 12:48:30
551,102,4,2026-07-16 16:42:26
552,630,1,2026-08-13 11:23:56
552,208,1,2026-07-24 20:12:13
552,434,3,2026-08-14 06:17:30
552,317,2,2026-08-15 15:17:40
552,274,1,2026-07-20 20:24:13
552,997,5,2026-07-24 19:48:01
552,934,1,2026-08-14 02:35:30
552,425,2,2026-07-16 22:04:37
553,918,2,2026-08-12 18:07:29
553,894,3,2026-08-04 01:07:17
553,59,5,2026-07-30 08:05:51
553,318,1,2026-07-27 10:14:19
553,368,5,2026-08-09 03:18:03
553,40,4,2026-07-21 14:03:10
553,330,2,2026-08-05 17:33:53
553,264,5,2026-08-11 03:06:22
553,813,4,2026-08-05 05:35:31
553,235,3,2026-08-07 19:12:43
553,639,1,2026-08-10 20:13:09
553,643,3,2026-08-03 01:36:53
553,373,5,2026-07-26 04:48:54
554,982,1,2026-08-01 13:15:45
554,254,4,2026-07-19 12:17:34
554,207,2,2026-07-31 23:20:04
554,696,2,2026-07-31 21:44:02
554,984,5,2026-08-09 05:03:27
554,989,4,2026-08-03 21:40:18
554,763,5,2026-08-06 08:42:06
554,594,2,2026-07-28 09:03:46
554,328,3,2026-07-16 20:15:07
554,71,3,2026-08-10 23:05:27
554,721,5,2026-07-17 23:19:55
554,263,4,2026-07-22 01:04:35
554,855,5,2026-07-28 04:31:41
555,392,3,2026-08-05 01:50:24
555,913,2,2026-08-03 22:13:39
555,705,1,2026-08-06 01:51:44
555,196,5,2026-08-02 05:28:04
555,635,5,2026-08-01 20:20:36
555,554,1,2026-08-03 12:01:10
555,736,2,2026-08-13 02:21:14
555,947,4,2026-08-11 12:02:30
555,495,4,2026-08-15 02:08:49
555,560,3,2026-07-30 10:49:01
555,480,1,2026-08-09 22:06:16
555,708,5,2026-08-07 21:17:17
555,801,3,2026-08-09 07:55:30
555,677,1,2026-07-30 11:37:43
555,490,3,2026-07-21 23:22:32
555,258,1,2026-08-12 03:25:42
555,514,3,2026-07-24 00:09:55
555,165,2,2026-07-28 09:43:30
555,580,4,2026-07-24 03:50:23
556,480,2,2026-07-23 16:21:18
556,301,3,2026-08-12 22:31:25
556,303,5,2026-08-15 10:51:39
556,636,5,2026-07-31 06:21:07
556,909,5,2026-07-21 20:07:02
556,506,4,2026-08-10 21:26:53
556,386,2,2026-07-18 21:11:25
556,363,2,2026-07-19 12:47:03
556,922,4,2026-08-01 03:24:47
556,688,1,2026-07-29 08:30:04
556,56,1,2026-08-14 03:13:11
556,763,1,2026-07-19 18:46:06
556,814,1,2026-07-17 13:01:16
556,160,2,2026-08-07 23:02:41
556,815,3,2026-07-30 18:29:54
557,690,2,2026-08-15 00:30:26
557,259,2,2026-07-21 19:17:24
557,887,3,2026-08-12 04:07:43
557,120,3,2026-07-28 03:54:50
557,986,4,2026-08-01 00:00:11
557,285,1,2026-08-09 12:29:27
557,522,5,2026-08-07 13:16:40
557,140,5,2026-08-05 06:52:19
557,15,2,2026-08-12 21:18:00
557,118,3,2026-08-10 09:47:45
557,119,2,2026-07-31 21:32:39
558,411,2,2026-08-01 05:39:21
558,557,3,2026-08-14 19:21:17
558,327,4,2026-08-03 07:23:55
558,844,5,2026-07-19 16:25:00
558,741,5,2026-08-10 15:21:13
558,330,1,2026-07-26 19:48:49
558,538,2,2026-07-16 17:57:32
558,831,4,2026-07-29 05:54:32
558,314,3,2026-08-01 13:07:01
558,1000,3,2026-07-31 00:09:48
558,106,1,2026-08-11 10:15:38
558,650,3,2026-07-25 11:29:20
558,638,1,2026-07-20 10:03:15
558,950,3,2026-07-27 09:19:12
558,585,5,2026-08-11 19:58:45
558,133,4,2026-08-01 06:36:07
559,75,3,2026-07-20 10:33:44
559,786,2,2026-08-08 17:12:41
559,72,4,2026-07-25 13:53:53
559,775,1,2026-07-27 20:09:49
559,991,1,2026-08-06 03:43:24
559,105,4,2026-07-31 17:02:24
559,687,1,2026-07-23 23:16:46
559,309,4,2026-07-24 09:49:49
559,142,4,2026-08-12 23:14:41
559,420,3,2026-07-31 09:29:33
559,628,2,2026-07-26 23:33:30
559,104,3,2026-07-23 12:14:03
559,961,2,2026-08-14 20:08:28
559,868,5,2026-07-22 11:50:04
559,855,3,2026-08-13 03:22:33
560,290,3,2026-07-18 09:58:30
560,462,5,2026-08-06 00:36:48
560,503,5,2026-07-16 22:09:26
560,165,4,2026-07-20 08:28:36
560,677,3,2026-08-07 09:55:39
560,35,1,2026-08-07 08:06:11
561,368,1,2026-07-29 22:28:22
561,975,2,2026-08-04 19:36:52
561,304,2,2026-07-20 21:25:52
561,318,4,2026-08-01 00:41:20
561,243,2,2026-08-10 11:43:39
561,223,4,2026-07-31 10:16:15
561,511,2,2026-08-14 11:14:36
562,576,5,2026-08-04 23:33:52
562,145,3,2026-08-15 02:42:55
562,316,5,2026-07-28 09:45:24
562,483,2,2026-08-03 00:47:15
562,274,5,2026-08-01 17:25:04
562,202,3,2026-07-23 19:46:38
562,492,1,2026-07-17 19:04:02
562,743,2,2026-08-06 03:49:37
562,90,5,2026-07-29 01:28:54
562,463,2,2026-08-12 18:28:31
562,419,4,2026-07-28 06:36:51
562,681,2,2026-08-06 04:30:03
562,479,4,2026-08-04 20:56:35
562,387,4,2026-07-19 14:09:15
562,253,3,2026-08-04 21:54:05
562,926,5,2026-08-02 20:26:06
562,563,5,2026-07-25 06:17:43
563,66,5,2026-07-19 18:11:15
563,20,4,2026-07-31 05:51:17
563,391,1,2026-08-06 18:06:10
563,802,4,2026-07-23 08:25:00
563,161,3,2026-08-10 06:50:24
564,980,5,2026-08-11 15:12:32
564,924,3,2026-07-30 22:48:14
564,759,1,2026-08-03 19:09:19
564,833,2,2026-08-06 19:37:59
564,84,5,2026-07-19 12:31:25
564,413,5,2026-08-11 02:16:45
564,152,4,2026-07-26 13:05:22
564,256,1,2026-07-27 20:07:45
564,83,5,2026-08-10 22:51:35
564,81,3,2026-08-08 15:31:04
564,204,3,2026-07-31 22:06:46
564,553,2,2026-07-16 22:17:56
564,5,3,2026-07-26 22:54:55
564,430,1,2026-07-31 12:15:16
564,387,3,2026-08-09 00:18:13
564,224,2,2026-07-21 02:18:59
564,811,3,2026-07-20 22:13:47
564,548,3,2026-07-31 23:07:33
565,506,2,2026-07-27 22:24:31
565,303,4,2026-07-19 00:52:47
565,433,2,2026-07-17 05:33:55
565,689,2,2026-07-30 09:33:46
565,699,3,2026-08-12 14:19:06
565,750,4,2026-08-07 19:58:15
566,408,4,2026-07-21 06:05:13
566,9,3,2026-07-27 05:48:06
566,975,3,2026-07-31 22:48:37
566,459,2,2026-07-30 23:33:33
566,917,4,2026-07-23 01:31:28
566,874,3,2026-08-11 09:48:57
567,357,1,2026-07-23 16:14:42
567,93,5,2026-08-14 13:32:28
567,506,4,2026-07-18 14:01:54
567,831,2,2026-08-08 20:37:28
567,936,1,2026-08-03 02:41:09
567,661,3,2026-08-08 14:12:15
567,156,4,2026-07-19 20:34:38
567,441,5,2026-08-01 05:07:16
567,401,4,2026-07-28 22:18:00
567,8,1,2026-07-27 17:49:10
567,931,1,2026-07-28 16:53:07
567,217,2,2026-08-12 23:06:05
567,567,4,2026-07-31 04:28:03
567,899,3,2026-08-11 14:29:40
567,84,5,2026-07-21 15:00:39
567,561,4,2026-08-07 13:15:15
567,46,5,2026-08-04 15:26:27
567,5,4,2026-07-18 16:32:59
568,417,1,2026-08-15 07:34:59
568,429,3,2026-08-06 23:05:46
568,374,5,2026-07-17 22:04:00
568,237,5,2026-08-14 03:29:28
568,830,5,2026-08-03 19:44:22
568,798,2,2026-08-11 18:01:12
568,662,3,2026-08-06 20:56:39
568,922,2,2026-07-31 18:42:58
568,53,2,2026-08-14 13:26:43
568,277,3,2026-07-22 15:29:11
568,893,1,2026-08-10 09:33:31
569,3,5,2026-07-31 05:02:31
569,679,5,2026-08-01 19:38:50
569,545,2,2026-07-30 19:15:09
569,811,3,2026-08-12 17:08:20
569,939,1,2026-08-03 22:43:21
570,165,4,2026-07-27 15:05:15
570,506,3,2026-08-01 20:20:38
570,73,2,2026-08-12 11:15:01
570,482,1,2026-07-31 15:15:27
570,956,2,2026-07-21 06:37:21
570,575,4,2026-07-24 23:30:02
570,942,5,2026-07-25 07:17:33
570,798,2,2026-07-21 01:16:21
570,538,5,2026-08-09 07:49:18
570,144,4,2026-08-15 04:39:28
570,489,5,2026-07-20 09:27:33
571,854,2,2026-07-23 19:50:45
571,559,2,2026-07-20 11:47:15
571,877,1,2026-07-30 04:04:25
571,443,2,2026-08-09 16:32:20
571,848,4,2026-08-12 05:32:50
571,277,1,2026-07-24 01:24:58
571,416,1,2026-07-28 02:01:42
571,771,1,2026-07-18 12:58:13
571,491,3,2026-08-08 06:31:41
571,919,5,2026-07-19 05:02:01
571,961,3,2026-08-15 11:54:50
571,772,1,2026-07-30 14:34:13
571,976,5,2026-08-03 23:28:54
571,822,3,2026-07-26 05:39:33
571,862,3,2026-08-05 17:53:00
572,4,3,2026-08-04 10:23:26
572,184,1,2026-07-30 14:46:15
572,177,2,2026-07-30 10:09:40
572,387,4,2026-08-03 06:01:00
572,210,3,2026-07-30 20:46:17
572,289,1,2026-07-25 07:19:02
572,382,4,2026-08-08 22:12:44
572,474,5,2026-07-20 06:46:03
572,76,4,2026-08-09 08:20:20
572,681,3,2026-07-24 19:43:38
572,443,1,2026-07-27 05:22:35
572,978,3,2026-08-10 06:59:02
572,901,2,2026-08-08 00:43:47
572,753,3,2026-08-12 23:38:55
572,610,5,2026-08-02 03:07:57
572,845,2,2026-08-04 09:28:31
573,219,2,2026-07-24 09:39:37
573,48,4,2026-07-24 21:38:20
573,264,1,2026-08-10 22:29:26
573,305,1,2026-08-07 06:43:00
573,855,3,2026-07-27 12:37:28
573,186,3,2026-07-21 11:26:37
573,560,1,2026-07-31 13:00:08
573,455,3,2026-07-19 20:30:10
573,281,4,2026-07-22 02:55:20
573,253,4,2026-07-27 17:58:07
573,980,5,2026-08-04 09:10:16
573,627,2,2026-08-08 03:08:04
573,279,4,2026-07-22 02:54:03
573,581,5,2026-08-01 21:49:37
574,51,5,2026-07-26 04:50:44
574,81,3,2026-07-29 00:25:56
574,559,3,2026-07-19 13:22:02
574,939,5,2026-07-23 02:18:55
574,474,2,2026-07-20 10:51:05
574,97,1,2026-08-03 14:18:36
574,736,3,2026-08-05 13:19:20
574,126,3,2026-07-23 10:21:52
574,689,3,2026-08-13 00:30:08
574,503,3,2026-08-13 19:18:51
574,22,1,2026-07-27 07:44:51
574,969,5,2026-08-03 05:09:23
575,648,4,2026-08-10 03:05:13
575,61,4,2026-08-10 07:36:34
575,128,2,2026-07-17 08:06:47
575,42,2,2026-07-22 23:16:42
575,974,2,2026-07-22 09:27:35
575,845,2,2026-07-29 07:08:34
575,585,4,2026-07-19 22:04:27
575,501,4,2026-07-17 23:51:11
575,731,3,2026-07-24 10:13:21
575,967,5,2026-08-03 07:17:18
575,39,5,2026-08-10 20:20:48
575,271,4,2026-08-07 15:59:51
576,172,2,2026-07-19 06:40:25
576,276,4,2026-07-21 21:45:39
576,71,1,2026-08-10 23:53:37
576,880,2,2026-07-27 22:34:47
576,420,2,2026-08-15 10:59:48
576,680,5,2026-07-31 06:41:42
576,929,1,2026-07-29 17:52:08
576,874,1,2026-08-09 01:18:18
576,4,3,2026-08-11 00:14:55
576,82,5,2026-08-11 04:01:42
577,106,2,2026-07-17 20:27:24
577,992,3,2026-08-13 08:31:38
577,94,1,2026-07-27 14:38:09
577,544,1,2026-07-18 13:01:06
577,735,5,2026-07-30 11:44:40
577,56,2,2026-08-07 03:50:45
577,559,4,2026-07-19 00:59:35
578,927,4,2026-07-26 21:05:35
578,998,2,2026-08-01 12:14:34
578,711,3,2026-07-19 07:04:58
578,879,3,2026-08-12 23:14:41
578,122,3,2026-07-23 22:35:19
579,84,2,2026-07-29 19:36:16
579,323,2,2026-08-04 07:33:28
579,792,3,2026-08-09 07:12:12
579,958,1,2026-07-30 02:31:50
579,499,5,2026-08-13 15:22:28
580,146,5,2026-07-29 10:28:01
580,339,2,2026-07-29 08:17:15
580,960,5,2026-07-27 21:41:57
580,814,5,2026-08-04 13:39:47
580,688,1,2026-07-28 00:59:18
580,343,5,2026-08-06 23:31:06
580,763,1,2026-07-31 03:14:14
580,904,3,2026-08-06 22:23:23
580,942,4,2026-08-03 22:27:13
580,708,3,2026-08-14 16:03:58
580,97,4,2026-07-28 14:06:30
580,396,1,2026-07-23 06:50:51
580,568,2,2026-07-26 20:13:42
580,283,2,2026-07-18 20:17:13
580,948,5,2026-08-11 12:55:48
580,264,2,2026-08-08 10:24:27
581,331,4,2026-07-26 11:01:15
581,912,3,2026-08-11 03:41:50
581,536,3,2026-08-15 09:36:39
581,369,3,2026-08-06 22:11:37
581,497,4,2026-07-18 18:41:23
581,766,3,2026-07-16 23:14:08
581,139,3,2026-08-10 12:21:22
581,483,3,2026-07-23 16:07:37
581,390,2,2026-07-30 14:54:56
581,555,2,2026-07-17 17:37:41
581,738,2,2026-08-11 02:11:18
581,249,2,2026-08-13 14:57:33
581,960,4,2026-08-08 04:01:37
581,554,1,2026-07-22 23:24:45
581,618,4,2026-08-12 11:46:42
582,804,5,2026-07-27 10:13:35
582,151,4,2026-07-30 11:51:02
582,649,5,2026-08-04 18:03:13
582,120,2,2026-08-01 01:44:23
582,936,2,2026-07-19 05:32:30
582,982,3,2026-08-02 03:20:34
582,750,3,2026-08-07 03:49:59
582,209,2,2026-07-19 16:25:22
582,489,1,2026-08-07 02:25:02
582,602,5,2026-07-30 09:02:04
582,742,4,2026-07-21 09:00:32
583,931,2,2026-07-23 02:46:05
583,484,1,2026-07-26 16:30:31
583,67,2,2026-07-23 20:42:54
583,691,3,2026-08-04 03:21:34
583,39,2,2026-07-30 00:36:34
583,272,4,2026-08-13 03:35:13
583,766,5,2026-07-26 18:45:58
583,402,2,2026-08-09 17:06:34
583,977,4,2026-08-11 13:34:24
583,629,5,2026-08-15 03:29:55
584,739,5,2026-08-14 15:47:42
584,356,5,2026-08-09 05:55:02
584,97,5,2026-07-22 10:39:53
584,551,3,2026-07-26 05:59:34
584,357,5,2026-08-14 22:52:04
584,726,1,2026-07-31 23:17:02
584,883,1,2026-08-03 18:50:23
584,57,5,2026-07-31 04:01:07
584,293,5,2026-07-27 05:11:41
584,868,5,2026-07-27 21:59:30
584,98,1,2026-08-06 02:15:22
584,336,3,2026-08-03 07:44:39
584,676,4,2026-08-15 00:50:31
584,916,5,2026-08-11 14:14:20
584,619,3,2026-08-06 07:28:10
584,464,4,2026-07-29 14:02:13
585,921,1,2026-07-24 10:08:28
585,945,3,2026-07-17 11:22:25
585,258,5,2026-07-23 20:58:28
585,543,1,2026-07-24 13:13:43
585,75,1,2026-08-10 21:17:37
585,736,3,2026-08-14 07:10:26
585,466,1,2026-07-19 17:01:45
585,288,4,2026-07-20 23:07:26
585,576,1,2026-07-25 12:18:39
585,178,5,2026-08-09 11:49:07
585,274,1,2026-07-29 13:22:47
585,242,5,2026-08-07 16:10:57
585,252,3,2026-08-04 08:12:28
585,825,5,2026-08-06 18:16:09
585,197,5,2026-08-10 11:02:27
585,973,2,2026-08-04 22:13:27
585,290,3,2026-08-14 21:28:11
585,757,4,2026-07-17 13:36:15
585,538,5,2026-07-24 12:33:50
586,789,2,2026-08-13 19:24:32
586,507,2,2026-07-29 20:23:26
586,757,3,2026-08-02 01:07:06
586,82,3,2026-08-14 14:45:42
586,540,2,2026-08-09 10:36:03
586,573,5,2026-07-28 22:58:50
586,708,4,2026-07-26 13:09:43
586,411,5,2026-07-30 22:39:40
586,753,1,2026-07-23 02:40:31
586,830,5,2026-08-01 21:26:56
587,661,2,2026-07-19 23:46:51
587,90,5,2026-07-28 16:26:30
587,408,1,2026-08-03 00:13:13
587,44,1,2026-08-12 13:28:19
587,946,3,2026-08-01 15:05:06
587,935,4,2026-08-02 02:30:00
587,667,3,2026-08-14 08:12:18
587,339,1,2026-07-21 05:39:29
587,734,5,2026-08-12 03:23:05
587,483,3,2026-08-01 10:29:17
588,173,2,2026-07-20 08:26:49
588,146,4,2026-08-02 14:42:05
588,559,2,2026-08-13 09:29:13
588,904,2,2026-07-25 21:55:09
588,291,4,2026-08-09 15:58:56
588,44,2,2026-08-08 06:59:00
588,223,3,2026-08-07 14:42:39
588,329,3,2026-08-14 22:29:26
588,118,4,2026-07-28 07:48:47
588,855,2,2026-08-14 11:01:19
588,351,4,2026-08-09 01:57:53
588,216,5,2026-08-09 17:51:40
588,797,1,2026-07-24 14:51:26
589,895,5,2026-07-20 18:27:03
589,807,1,2026-08-05 22:23:46
589,827,4,2026-07-21 05:26:46
589,852,4,2026-08-08 10:54:04
589,439,2,2026-08-08 01:43:32
589,714,5,2026-08-13 23:42:59
589,129,2,2026-08-07 00:04:31
589,471,1,2026-07-24 23:52:20
589,815,5,2026-08-13 21:36:03
589,992,4,2026-08-11 02:26:21
589,348,3,2026-07-19 19:37:54
589,105,5,2026-07-18 16:12:52
589,639,2,2026-08-11 01:51:36
589,997,2,2026-07-27 00:00:20
589,622,3,2026-07-17 16:17:50
589,818,5,2026-07-27 12:06:09
589,127,5,2026-08-04 20:54:19
589,716,3,2026-08-04 16:10:59
589,928,5,2026-07-26 08:26:14
590,210,4,2026-08-06 14:32:30
590,949,3,2026-07-24 15:34:43
590,804,4,2026-08-14 15:40:21
590,812,2,2026-07-28 04:03:45
590,359,3,2026-07-28 01:14:27
590,997,4,2026-07-29 17:22:46
590,445,5,2026-08-04 11:20:10
590,426,2,2026-08-09 01:41:33
590,122,2,2026-08-13 01:52:08
591,201,4,2026-07-29 15:59:19
591,484,4,2026-08-13 16:26:27
591,31,5,2026-08-07 07:44:35
591,286,4,2026-07-31 19:43:33
591,11,3,2026-07-19 15:54:19
591,622,1,2026-08-06 01:03:07
591,788,2,2026-08-11 10:02:42
591,476,3,2026-07-31 06:23:23
591,22,3,2026-07-17 20:15:14
591,620,4,2026-07-28 17:58:34
591,410,2,2026-08-06 06:49:00
591,764,5,2026-08-13 00:20:17
591,459,1,2026-08-03 04:51:56
591,888,3,2026-08-04 00:33:51
591,743,3,2026-07-28 12:01:46
591,194,2,2026-08-06 16:28:24
591,968,3,2026-07-19 12:28:46
591,944,4,2026-07-24 16:51:12
591,693,2,2026-07-26 02:22:09
591,527,1,2026-08-09 19:36:54
592,875,1,2026-07-30 08:23:18
592,100,2,2026-08-06 08:53:09
592,461,2,2026-07-23 08:18:35
592,915,4,2026-07-23 17:09:37
592,958,2,2026-07-23 13:21:58
592,26,4,2026-08-14 22:34:01
592,114,4,2026-07-20 18:25:00
592,340,4,2026-07-20 02:01:53
592,41,4,2026-08-15 02:03:33
592,501,1,2026-07-23 21:37:47
592,963,1,2026-08-04 19:34:08
592,948,4,2026-08-13 03:27:20
592,678,2,2026-07-27 10:48:31
592,902,5,2026-08-04 11:36:45
592,896,2,2026-08-04 20:06:10
592,140,1,2026-07-24 15:36:48
592,847,5,2026-07-21 19:19:05
592,872,1,2026-07-19 01:10:54
592,372,2,2026-07-31 23:32:31
592,976,5,2026-07-16 19:01:14
593,647,5,2026-08-04 08:02:01
593,601,3,2026-07-30 07:58:01
593,9,2,2026-07-29 16:49:13
593,795,3,2026-08-15 06:39:46
593,764,2,2026-07-23 20:50:51
593,245,2,2026-08-13 14:17:30
594,698,5,2026-08-03 16:40:00
594,361,1,2026-07-25 04:17:29
594,253,5,2026-07-20 11:34:38
594,768,1,2026-07-19 20:46:20
594,751,1,2026-08-05 23:07:31
594,421,1,2026-07-27 15:44:19
594,596,4,2026-08-10 10:15:17
594,587,1,2026-08-02 09:36:12
594,981,1,2026-07-18 16:53:17
595,101,2,2026-07-28 20:25:16
595,429,4,2026-08-13 15:15:04
595,393,4,2026-08-09 16:28:43
595,815,2,2026-08-13 01:17:41
595,110,5,2026-07-19 14:43:54
595,918,1,2026-08-11 00:11:55
595,897,1,2026-08-07 06:22:34
595,125,1,2026-08-10 00:22:23
595,318,3,2026-07-25 01:08:59
595,298,4,2026-08-08 22:21:31
595,558,1,2026-08-03 10:06:09
595,152,4,2026-08-04 03:58:38
595,660,2,2026-08-15 13:29:14
595,602,3,2026-07-30 17:45:14
595,999,1,2026-08-07 03:26:28
596,8,1,2026-08-06 11:52:14
596,58,1,2026-07-20 08:39:26
596,441,5,2026-07-26 00:13:29
596,15,5,2026-07-20 02:19:20
596,25,3,2026-07-17 08:07:50
596,322,4,2026-08-05 17:13:56
596,433,3,2026-08-06 04:32:02
596,863,4,2026-07-23 21:44:06
596,712,3,2026-08-07 08:12:01
596,2,1,2026-07-21 03:44:20
596,865,4,2026-07-20 02:12:51
596,900,4,2026-08-06 18:11:45
596,380,2,2026-08-04 15:16:11
596,725,2,2026-07-23 19:04:47
596,966,3,2026-08-02 06:48:57
596,777,1,2026-07-30 01:53:52
596,408,3,2026-08-07 19:56:06
596,189,2,2026-08-08 17:07:02
596,622,5,2026-07-20 17:28:18
596,504,5,2026-07-28 02:53:14
597,449,5,2026-08-15 01:03:27
597,298,5,2026-08-06 10:51:53
597,60,2,2026-08-03 06:37:18
597,597,5,2026-08-07 03:16:55
597,515,5,2026-08-09 08:16:49
597,35,5,2026-07-24 18:02:10
597,993,5,2026-08-04 21:00:16
597,216,3,2026-08-02 22:42:06
597,844,1,2026-07-19 09:58:06
597,721,5,2026-07-22 20:53:11
597,783,5,2026-07-23 21:13:42
598,848,3,2026-08-14 05:56:31
598,650,1,2026-08-15 08:22:05
598,921,5,2026-07-20 04:51:47
598,432,4,2026-08-14 22:24:34
598,612,1,2026-07-29 04:53:48
598,387,3,2026-07-30 06:28:45
598,687,2,2026-08-04 14:23:11
598,780,3,2026-08-12 10:14:28
598,100,5,2026-07-19 13:25:28
598,113,2,2026-08-15 13:15:31
598,345,4,2026-07-26 16:52:43
598,849,2,2026-07-25 04:11:54
598,975,2,2026-08-03 02:32:00
599,299,5,2026-07-18 17:16:03
599,877,2,2026-07-22 13:10:23
599,453,3,2026-08-06 16:27:15
599,90,3,2026-07-18 21:44:21
599,799,3,2026-08-10 19:21:46
599,141,3,2026-07-27 17:46:15
599,418,1,2026-07-23 22:47:28
599,748,5,2026-08-15 01:28:11
599,853,3,2026-07-31 11:31:22
599,599,4,2026-08-02 20:48:52
599,377,3,2026-08-05 23:03:27
599,827,3,2026-07-24 09:38:41
599,987,4,2026-07-31 14:37:51
600,835,1,2026-07-26 12:41:52
600,519,3,2026-07-22 02:32:09
600,704,1,2026-08-01 16:43:16
600,915,3,2026-08-06 22:14:40
600,178,4,2026-08-12 00:14:53
600,336,2,2026-08-01 11:53:24
600,333,5,2026-07-31 07:12:27
601,160,2,2026-07-25 01:55:04
601,54,5,2026-08-11 08:08:12
601,299,3,2026-08-02 21:41:52
601,731,3,2026-07-29 21:30:25
601,335,5,2026-08-02 14:18:54
601,759,4,2026-08-11 06:23:46
601,343,1,2026-07-22 17:21:53
601,19,4,2026-07-17 10:47:59
601,320,1,2026-08-11 20:14:40
601,871,3,2026-07-20 23:35:21
601,92,5,2026-07-21 23:18:03
601,881,1,2026-07-24 08:29:49
601,11,3,2026-07-24 21:44:23
602,484,5,2026-08-12 20:20:38
602,759,5,2026-08-08 18:31:23
602,8,3,2026-07-25 00:41:52
602,235,2,2026-07-24 11:41:59
602,994,4,2026-08-06 16:22:15
602,463,4,2026-08-10 16:58:27
603,178,5,2026-07-26 12:38:03
603,725,1,2026-08-10 05:08:50
603,367,1,2026-07-20 01:17:28
603,492,5,2026-07-21 20:15:31
603,460,4,2026-08-02 17:56:29
603,987,1,2026-07-25 14:14:31
603,504,3,2026-08-01 07:16:50
603,610,2,2026-07-25 09:57:46
603,90,2,2026-07-18 20:54:30
603,434,5,2026-08-10 21:47:05
603,639,3,2026-07-19 13:43:44
603,292,2,2026-07-24 11:09:08
603,284,1,2026-08-12 18:04:25
603,81,5,2026-08-05 14:50:31
603,571,3,2026-08-04 13:19:36
604,770,1,2026-08-13 11:19:03
604,985,1,2026-07-29 22:25:21
604,907,4,2026-07-29 12:54:23
604,216,4,2026-07-20 02:00:10
604,13,1,2026-08-07 13:39:11
604,18,2,2026-07-22 13:05:10
604,68,1,2026-07-21 18:44:02
604,208,4,2026-07-17 10:05:27
604,40,4,2026-08-08 19:15:05
604,274,5,2026-07-24 12:53:49
604,128,3,2026-08-11 04:24:24
604,651,2,2026-08-09 16:49:18
604,892,4,2026-08-10 01:57:35
604,924,2,2026-08-01 18:16:23
604,164,5,2026-07-29 20:26:55
605,130,1,2026-07-24 20:04:19
605,732,5,2026-07-21 00:13:31
605,70,4,2026-07-26 04:07:47
605,556,3,2026-07-21 12:11:15
605,414,4,2026-07-28 23:07:49
605,320,3,2026-07-31 07:03:03
605,925,1,2026-08-06 08:45:36
605,134,1,2026-07-22 12:56:58
605,644,3,2026-08-12 03:26:31
605,547,1,2026-07-26 04:58:46
605,93,1,2026-07-25 15:31:45
605,49,1,2026-08-10 09:42:55
605,1000,4,2026-08-06 19:07:53
605,169,1,2026-08-05 02:43:44
605,310,4,2026-08-04 15:32:21
605,469,2,2026-08-01 15:14:36
606,527,5,2026-08-13 02:57:01
606,60,4,2026-07-20 17:07:48
606,10,1,2026-08-11 05:17:19
606,733,5,2026-08-13 05:52:09
606,366,5,2026-08-04 22:07:22
606,394,5,2026-08-09 00:43:07
607,32,3,2026-07-24 02:37:00
607,48,5,2026-08-11 04:50:32
607,187,3,2026-07-24 05:49:44
607,334,5,2026-07-30 00:55:40
607,726,4,2026-07-17 09:30:49
607,890,3,2026-08-08 08:20:12
607,962,1,2026-07-23 06:10:15
608,193,5,2026-07-19 23:45:16
608,630,1,2026-07-19 00:43:17
608,972,4,2026-07-23 12:25:28
608,315,3,2026-07-21 23:48:38
608,678,3,2026-07-29 19:20:38
608,869,2,2026-08-01 16:30:40
608,26,3,2026-08-10 16:19:43
608,161,3,2026-08-03 12:47:03
608,5,2,2026-07-16 19:51:10
608,297,3,2026-08-10 06:50:44
608,502,2,2026-08-06 07:48:29
609,15,2,2026-08-01 21:40:03
609,598,4,2026-07-27 01:09:55
609,520,1,2026-08-15 04:39:00
609,447,3,2026-07-20 03:25:36
609,358,3,2026-07-31 06:16:23
609,959,1,2026-07-23 17:42:32
609,688,1,2026-08-05 14:31:00
609,13,3,2026-07-28 10:27:57
610,38,2,2026-08-14 05:28:19
610,666,5,2026-07-29 12:39:16
610,759,5,2026-08-07 22:36:01
610,567,5,2026-07-20 22:44:35
610,54,4,2026-08-03 09:40:06
610,148,5,2026-08-04 01:50:45
610,415,1,2026-08-06 12:54:09
610,693,4,2026-08-13 19:15:54
610,420,2,2026-07-26 17:04:00
610,237,2,2026-08-12 08:56:24
610,489,5,2026-08-11 14:37:11
610,180,1,2026-07-24 04:04:44
610,339,3,2026-07-29 19:17:53
610,658,5,2026-07-29 14:20:58
610,646,4,2026-08-11 19:05:24
610,885,4,2026-07-26 11:42:12
611,961,3,2026-08-04 22:07:18
611,40,5,2026-08-13 04:04:46
611,807,4,2026-08-04 04:27:27
611,853,3,2026-08-10 18:03:31
611,162,2,2026-07-19 04:18:22
611,466,3,2026-07-21 07:30:22
611,815,3,2026-07-27 07:45:35
611,323,2,2026-08-10 07:37:07
611,249,1,2026-07-31 04:14:27
612,421,4,2026-07-20 10:07:10
612,31,1,2026-08-12 09:24:02
612,656,3,2026-08-02 06:00:31
612,633,1,2026-07-31 00:48:28
612,609,2,2026-08-03 22:03:48
612,688,5,2026-07-17 01:19:40
612,219,5,2026-07-28 21:08:01
612,964,3,2026-07-18 12:36:21
612,696,5,2026-07-22 05:06:49
612,264,4,2026-08-13 10:57:30
612,794,5,2026-08-05 17:53:26
612,447,1,2026-07-18 04:37:50
612,935,4,2026-07-21 06:16:27
612,268,5,2026-07-27 09:59:36
612,614,2,2026-08-03 05:08:36
612,330,3,2026-07-26 12:17:57
612,132,1,2026-07-21 05:57:04
612,437,5,2026-07-31 05:47:13
612,320,1,2026-08-05 12:15:46
612,312,2,2026-08-05 04:47:34
613,394,1,2026-07-29 06:29:31
613,486,4,2026-08-08 11:21:11
613,433,3,2026-07-26 20:03:24
613,389,4,2026-08-04 21:08:22
613,631,1,2026-08-06 09:56:27
613,627,1,2026-07-24 16:32:08
613,191,2,2026-08-09 04:22:54
613,186,1,2026-08-04 03:02:13
613,515,3,2026-08-07 23:21:41
613,237,5,2026-07-30 12:44:25
613,164,5,2026-07-26 17:08:49
613,586,3,2026-07-27 04:07:31
613,117,5,2026-08-02 12:17:35
613,102,2,2026-08-10 23:06:18
613,905,3,2026-08-06 13:06:58
613,80,1,2026-07-23 11:28:53
613,587,5,2026-07-20 06:39:21
613,643,4,2026-08-04 22:48:34
613,953,2,2026-08-14 22:37:48
613,902,1,2026-08-14 21:23:34
614,121,1,2026-07-28 13:31:45
614,535,1,2026-08-12 21:54:03
614,725,4,2026-08-03 14:55:05
614,522,3,2026-08-02 15:09:19
614,1000,5,2026-07-17 23:01:18
614,591,1,2026-08-05 14:35:07
614,905,1,2026-07-29 16:23:11
614,215,2,2026-07-26 20:03:55
614,51,3,2026-08-15 01:57:28
614,103,1,2026-08-05 07:18:48
614,540,1,2026-08-11 04:25:01
614,173,2,2026-07-25 15:29:35
614,903,2,2026-08-15 04:46:06
615,229,1,2026-07-28 09:27:59
615,731,2,2026-07-31 11:33:20
615,810,5,2026-08-07 10:42:48
615,28,1,2026-07-28 05:42:24
615,198,1,2026-07-24 09:13:05
615,301,3,2026-08-07 19:36:26
615,263,4,2026-08-11 13:06:23
615,56,4,2026-08-10 01:50:26
615,620,1,2026-08-07 23:47:48
615,99,3,2026-08-06 03:17:58
615,102,5,2026-07-30 06:17:29
615,843,3,2026-07-23 05:41:08
615,862,2,2026-07-27 07:41:46
615,254,4,2026-07-27 01:48:07
615,304,1,2026-07-31 17:58:11
615,984,3,2026-08-07 20:38:28
616,774,4,2026-07-25 22:04:22
616,399,3,2026-08-07 22:34:26
616,797,4,2026-07-30 17:23:47
616,312,3,2026-08-06 17:00:55
616,616,3,2026-07-24 01:14:35
616,180,5,2026-08-02 12:45:27
616,344,3,2026-07-24 18:23:50
616,588,1,2026-08-10 01:57:02
617,703,3,2026-08-14 04:31:40
617,685,4,2026-08-09 19:01:56
617,239,1,2026-07-22 01:14:45
617,653,3,2026-08-05 02:55:39
617,287,1,2026-08-05 13:24:18
618,696,1,2026-08-04 03:35:46
618,537,1,2026-08-15 12:35:29
618,84,2,2026-08-03 03:25:05
618,928,2,2026-08-14 02:07:11
618,607,4,2026-08-12 10:51:32
618,523,5,2026-07-25 06:52:30
618,391,2,2026-08-01 06:32:21
618,597,5,2026-07-30 23:55:44
618,619,3,2026-07-21 09:52:17
618,866,3,2026-08-01 01:41:26
618,930,1,2026-08-10 02:46:02
618,122,2,2026-07-16 16:58:07
618,238,1,2026-07-27 13:28:23
618,787,3,2026-07-28 01:51:23
619,541,5,2026-07-24 21:54:06
619,114,3,2026-08-13 21:52:41
619,431,1,2026-08-14 16:08:08
619,617,5,2026-08-05 13:40:24
619,385,3,2026-07-17 17:30:06
619,172,3,2026-07-21 23:33:58
619,303,1,2026-08-10 23:35:51
619,695,1,2026-08-08 02:27:07
619,946,1,2026-07-17 13:06:09
619,191,4,2026-07-19 01:28:21
619,986,2,2026-08-07 03:23:09
620,725,3,2026-08-09 07:26:42
620,789,2,2026-08-10 20:15:34
620,742,3,2026-07-21 08:04:52
620,515,3,2026-08-06 02:29:04
620,489,4,2026-08-06 04:54:50
620,10,5,2026-07-23 13:53:31
620,644,3,2026-08-01 21:17:16
620,419,5,2026-08-10 20:19:27
621,643,3,2026-07-17 04:27:19
621,642,3,2026-08-11 03:35:04
621,955,5,2026-08-08 10:16:52
621,832,4,2026-08-01 20:05:29
621,210,1,2026-08-01 07:42:27
621,51,4,2026-08-08 06:29:38
621,747,1,2026-07-29 07:02:02
621,256,3,2026-08-03 02:18:42
621,94,4,2026-08-05 09:23:57
621,212,1,2026-08-05 21:41:33
621,698,4,2026-08-01 16:44:12
621,201,5,2026-07-26 00:15:55
621,678,3,2026-07-22 09:29:53
621,836,4,2026-08-14 12:50:18
621,904,2,2026-08-08 15:03:01
621,645,2,2026-07-19 21:15:34
621,89,2,2026-07-27 20:59:00
622,796,5,2026-07-20 02:49:46
622,543,2,2026-07-21 19:17:45
622,558,5,2026-07-21 14:26:07
622,907,3,2026-07-20 18:44:53
622,904,1,2026-07-26 08:32:49
622,822,4,2026-07-26 22:47:08
622,71,4,2026-07-27 04:24:00
622,867,2,2026-07-18 23:32:07
622,637,4,2026-07-25 23:01:35
622,809,2,2026-08-06 14:54:04
622,173,1,2026-08-11 20:22:02
622,250,2,2026-08-04 05:43:55
622,848,3,2026-08-03 16:52:52
622,622,2,2026-08-06 01:20:06
622,654,3,2026-08-05 21:46:27
623,526,4,2026-07-20 04:54:16
623,840,5,2026-08-01 03:22:55
623,688,4,2026-08-13 20:42:03
623,31,3,2026-07-19 22:05:00
623,496,5,2026-07-28 15:23:55
623,862,4,2026-08-10 14:52:24
623,804,4,2026-08-08 01:34:15
624,422,3,2026-07-31 01:57:33
624,476,4,2026-08-05 21:19:55
624,795,5,2026-08-03 18:45:06
624,971,3,2026-07-17 08:05:11
624,974,4,2026-07-25 22:29:53
624,583,3,2026-07-24 13:28:05
624,935,3,2026-08-06 03:11:20
624,242,4,2026-08-07 22:50:37
625,788,5,2026-08-14 04:16:47
625,548,3,2026-07-30 16:38:22
625,979,5,2026-08-15 09:44:47
625,424,3,2026-07-21 05:22:38
625,146,4,2026-07-29 07:23:48
625,5,3,2026-07-26 15:10:52
625,337,2,2026-08-11 15:05:55
625,163,4,2026-08-10 05:32:32
625,754,1,2026-08-02 12:11:17
625,413,1,2026-07-31 16:32:12
625,936,5,2026-07-25 04:14:50
625,609,4,2026-08-14 23:24:46
625,887,3,2026-08-11 04:16:22
625,317,3,2026-08-15 01:55:55
625,528,4,2026-08-04 12:11:36
625,598,1,2026-08-11 17:54:53
625,235,5,2026-08-09 11:48:03
625,242,5,2026-08-05 03:58:36
625,432,1,2026-07-31 21:00:22
626,727,4,2026-07-21 14:32:04
626,455,2,2026-07-17 06:36:23
626,905,5,2026-08-02 08:01:01
626,918,2,2026-07-27 02:34:11
626,556,4,2026-07-30 09:46:24
626,638,1,2026-07-23 18:42:47
626,786,5,2026-07-18 15:18:58
626,40,3,2026-08-01 03:10:39
626,241,5,2026-07-24 23:30:26
626,473,5,2026-08-01 05:49:00
626,686,4,2026-07-22 02:59:12
626,477,5,2026-07-26 11:52:29
626,708,4,2026-07-27 01:05:15
626,585,3,2026-07-29 01:45:18
626,962,1,2026-07-31 19:30:31
626,996,1,2026-07-18 06:14:05
626,507,5,2026-07-26 23:15:10
626,804,4,2026-08-07 19:15:28
627,80,2,2026-08-09 03:16:39
627,561,5,2026-07-19 15:32:58
627,582,5,2026-07-21 14:23:26
627,554,3,2026-07-20 00:33:01
627,844,5,2026-07-23 00:32:37
627,128,2,2026-08-05 21:23:09
627,424,1,2026-07-20 09:46:32
627,506,1,2026-07-29 22:30:18
627,288,4,2026-08-11 02:53:41
627,669,5,2026-08-10 11:45:06
627,841,1,2026-07-19 05:23:55
627,540,5,2026-08-03 18:08:16
627,420,2,2026-07-18 03:27:06
627,147,1,2026-08-01 18:38:52
627,958,3,2026-08-04 10:14:53
627,153,1,2026-08-07 16:27:42
628,411,3,2026-07-16 19:33:37
628,297,5,2026-08-15 04:04:42
628,476,1,2026-07-31 11:18:52
628,160,1,2026-07-29 18:38:20
628,253,4,2026-07-24 08:34:42
628,320,1,2026-08-08 14:52:53
628,494,3,2026-07-18 15:36:52
628,206,1,2026-07-22 15:33:59
628,36,4,2026-08-08 18:45:36
628,912,1,2026-08-03 11:39:36
628,204,1,2026-07-26 18:36:59
629,931,5,2026-08-06 12:46:32
629,191,5,2026-08-08 16:43:23
629,921,3,2026-07-19 03:43:07
629,13,5,2026-08-08 16:12:22
629,845,1,2026-07-28 17:37:30
629,820,4,2026-08-12 23:22:55
629,475,2,2026-08-02 17:45:52
629,924,4,2026-08-06 19:51:43
629,971,5,2026-08-06 01:48:10
629,37,1,2026-08-02 02:32:18
629,539,4,2026-08-10 01:46:40
629,668,1,2026-07-31 19:42:30
629,147,3,2026-07-29 13:01:41
629,293,4,2026-07-17 17:02:07
629,798,5,2026-08-14 04:51:00
629,515,2,2026-08-03 02:32:19
629,884,4,2026-07-18 01:11:25
629,273,5,2026-08-06 19:55:17
630,985,4,2026-07-20 19:23:44
630,481,1,2026-08-11 11:58:53
630,261,5,2026-07-28 20:03:50
630,140,2,2026-08-07 03:29:04
630,488,2,2026-07-22 13:26:21
630,674,1,2026-08-05 17:55:14
630,8,4,2026-07-17 07:06:22
630,960,5,2026-08-13 08:05:54
630,280,4,2026-07-23 06:58:45
630,557,3,2026-08-12 23:48:20
630,527,3,2026-08-09 06:51:11
630,306,5,2026-08-11 10:37:40
630,591,3,2026-07-30 10:32:35
630,553,5,2026-07-28 14:16:38
631,229,1,2026-08-05 16:49:11
631,23,4,2026-07-25 13:57:57
631,677,2,2026-08-11 07:30:19
631,618,5,2026-08-13 12:33:19
631,716,1,2026-07-17 18:14:52
631,513,4,2026-08-12 16:26:40
631,879,1,2026-07-19 04:47:59
631,984,3,2026-08-03 06:56:58
631,670,5,2026-07-19 14:22:31
631,991,5,2026-07-31 15:34:08
631,231,3,2026-07-29 00:36:06
631,894,2,2026-07-26 22:11:54
631,572,1,2026-08-11 04:48:34
631,663,1,2026-08-12 18:57:50
632,541,2,2026-07-25 03:57:54
632,785,5,2026-07-19 11:44:14
632,652,2,2026-07-31 19:45:21
632,548,1,2026-07-17 17:11:36
632,763,5,2026-07-26 11:00:51
632,477,3,2026-07-19 19:31:01
632,263,5,2026-07-21 04:28:05
632,712,5,2026-07-16 22:04:24
632,592,3,2026-08-10 18:01:28
632,208,3,2026-08-01 17:40:52
632,571,3,2026-07-19 04:17:28
632,449,5,2026-08-07 20:13:44
632,831,3,2026-07-24 23:25:56
632,978,4,2026-07-28 11:57:05
632,862,4,2026-07-23 08:41:43
632,994,1,2026-07-26 16:55:18
632,10,1,2026-08-12 08:30:51
632,239,3,2026-07-29 22:51:36
632,469,3,2026-08-02 13:32:02
633,342,1,2026-08-13 13:58:22
633,138,2,2026-08-07 16:55:50
633,813,3,2026-08-08 18:37:58
633,964,2,2026-07-20 23:23:36
633,371,1,2026-07-21 00:21:45
633,249,4,2026-08-15 04:21:34
633,518,3,2026-07-18 01:38:10
633,8,2,2026-07-26 13:12:21
633,596,3,2026-08-03 12:33:03
633,418,3,2026-07-19 15:58:00
633,718,4,2026-08-01 08:57:45
633,459,4,2026-07-30 08:47:32
633,850,4,2026-08-15 06:40:46
633,483,2,2026-08-04 13:38:21
633,684,5,2026-07-29 18:19:01
633,976,2,2026-07-17 21:57:41
634,24,5,2026-07-29 02:53:39
634,260,1,2026-08-05 05:23:30
634,743,5,2026-07-24 05:40:46
634,118,3,2026-08-09 09:09:04
634,28,3,2026-07-20 09:40:44
634,243,1,2026-07-21 11:08:47
634,399,4,2026-07-23 21:09:38
635,777,2,2026-07-25 07:56:30
635,925,2,2026-07-23 04:26:46
635,608,3,2026-08-03 15:10:24
635,670,1,2026-08-14 22:15:30
635,456,4,2026-07-19 08:55:50
635,450,4,2026-08-05 17:58:26
636,942,4,2026-08-15 01:46:42
636,960,2,2026-08-14 12:02:09
636,225,3,2026-08-12 15:57:40
636,552,1,2026-07-18 02:57:30
636,152,4,2026-07-22 08:33:08
636,50,1,2026-07-25 00:47:55
636,220,1,2026-07-28 21:10:38
636,563,5,2026-08-01 20:28:16
636,344,1,2026-07-29 19:49:44
636,73,3,2026-07-31 22:23:32
636,607,3,2026-08-06 18:21:00
636,60,5,2026-08-15 06:02:39
636,957,5,2026-07-30 00:27:56
636,102,5,2026-07-19 12:06:38
636,803,4,2026-07-17 03:26:21
636,255,3,2026-08-02 18:14:43
636,368,2,2026-08-05 05:56:28
637,445,1,2026-07-20 13:34:36
637,415,2,2026-08-13 22:45:20
637,560,3,2026-07-21 00:20:21
637,579,1,2026-08-03 02:41:24
637,806,5,2026-08-06 16:34:00
637,704,2,2026-07-29 19:40:31
637,84,4,2026-07-26 18:24:21
637,650,5,2026-07-24 06:05:38
637,648,1,2026-07-23 17:07:39
637,117,5,2026-08-14 07:00:30
638,208,1,2026-07-20 13:51:54
638,555,3,2026-08-04 14:24:47
638,863,3,2026-07-24 14:04:41
638,244,2,2026-08-08 20:24:06
638,753,4,2026-08-08 05:38:44
638,338,1,2026-07-26 16:42:47
638,593,4,2026-08-09 04:50:32
638,247,3,2026-07-19 13:11:19
638,932,1,2026-08-07 17:41:03
638,581,3,2026-08-06 14:51:42
638,744,4,2026-08-05 20:29:14
638,351,5,2026-07-23 17:13:37
638,18,3,2026-07-22 15:31:18
638,157,3,2026-07-19 04:55:42
638,732,4,2026-08-03 09:03:29
638,930,1,2026-07-26 14:47:06
638,452,2,2026-07-30 04:13:09
638,773,4,2026-07-20 09:07:52
638,541,5,2026-07-28 17:22:02
638,176,2,2026-08-06 23:59:50
639,678,1,2026-08-04 02:48:41
639,293,4,2026-08-14 21:24:12
639,370,4,2026-07-17 03:28:57
639,114,3,2026-08-03 18:02:06
639,519,2,2026-07-30 16:57:43
640,312,5,2026-07-30 20:29:24
640,816,4,2026-07-18 23:49:57
640,867,4,2026-07-19 17:37:40
640,77,4,2026-07-21 02:54:41
640,41,1,2026-08-05 06:01:26
640,603,3,2026-07-21 11:35:07
640,935,3,2026-08-08 19:58:50
640,123,4,2026-07-22 04:45:31
640,293,4,2026-07-26 20:49:06
640,268,2,2026-07-22 12:44:41
640,548,2,2026-08-10 05:01:42
640,705,3,2026-07-26 10:08:57
641,235,4,2026-08-14 08:56:34
641,193,3,2026-08-07 10:54:53
641,195,2,2026-07-30 02:51:08
641,209,2,2026-08-08 23:04:37
641,142,1,2026-07-30 08:52:12
641,817,5,2026-08-12 07:34:11
641,477,4,2026-07-16 23:56:08
641,731,2,2026-07-31 08:09:18
641,887,3,2026-07-27 13:38:32
641,634,4,2026-08-09 13:10:49
642,403,4,2026-07-23 16:00:52
642,512,1,2026-07-23 20:42:27
642,907,4,2026-07-24 02:24:18
642,600,3,2026-08-10 07:53:57
642,464,5,2026-07-30 08:53:44
642,859,2,2026-08-03 06:06:52
642,355,5,2026-07-20 01:10:32
642,975,5,2026-08-05 08:29:07
643,201,3,2026-07-28 18:56:04
643,483,2,2026-07-20 23:38:38
643,339,5,2026-08-03 06:38:03
643,342,2,2026-07-22 20:44:12
643,751,5,2026-08-11 16:30:41
643,608,1,2026-08-11 00:00:23
643,78,1,2026-07-21 18:32:27
643,366,1,2026-07-18 00:56:57
643,834,1,2026-07-28 10:49:29
643,348,4,2026-08-10 00:33:19
643,19,1,2026-08-08 12:51:04
644,731,4,2026-08-02 15:58:05
644,636,5,2026-07-26 12:38:09
644,109,1,2026-08-04 01:28:51
644,259,5,2026-08-09 05:28:40
644,593,3,2026-07-23 22:27:28
644,943,3,2026-08-10 23:03:40
644,53,4,2026-07-25 21:19:40
644,99,4,2026-08-03 14:53:41
644,899,1,2026-07-24 08:11:05
644,703,4,2026-07-19 16:36:52
644,869,2,2026-08-10 23:46:36
644,724,5,2026-08-11 15:47:30
644,594,3,2026-07-28 22:29:47
644,730,3,2026-07-23 02:50:43
644,446,5,2026-08-05 16:59:21
644,945,5,2026-07-21 03:44:36
644,663,2,2026-07-22 13:06:03
644,562,4,2026-08-12 15:58:06
645,808,4,2026-07-17 06:04:30
645,482,2,2026-07-21 11:31:32
645,447,2,2026-07-30 16:39:21
645,717,5,2026-07-24 19:03:14
645,747,2,2026-08-04 16:35:44
645,391,4,2026-07-19 12:33:13
645,607,2,2026-07-22 08:26:23
645,316,4,2026-07-22 12:12:34
645,513,2,2026-07-27 07:23:48
645,665,3,2026-07-23 02:48:07
645,377,4,2026-08-14 15:57:11
645,981,5,2026-08-14 06:08:24
645,297,4,2026-08-10 11:08:50
646,84,2,2026-07-20 22:30:15
646,99,3,2026-07-26 18:39:07
646,630,1,2026-07-26 03:31:53
646,707,1,2026-08-13 22:39:59
646,542,4,2026-08-09 07:54:12
646,642,3,2026-08-01 14:02:38
646,53,1,2026-07-24 17:55:01
646,241,2,2026-08-05 20:32:05
646,608,3,2026-07-19 14:01:08
646,364,4,2026-07-26 12:58:44
646,224,5,2026-07-29 22:29:39
646,668,2,2026-08-10 21:10:15
646,392,2,2026-08-09 09:39:05
646,664,5,2026-08-10 20:03:57
646,880,1,2026-07-29 16:10:08
646,2,2,2026-08-11 19:45:52
646,946,2,2026-08-06 03:38:19
646,888,5,2026-07-28 00:49:33
646,513,1,2026-08-05 12:56:20
647,395,2,2026-07-17 13:04:48
647,607,4,2026-08-10 10:18:12
647,682,5,2026-07-22 00:10:01
647,913,2,2026-07-23 20:51:11
647,577,3,2026-08-09 11:12:42
647,657,2,2026-08-03 03:30:48
647,753,5,2026-08-14 09:36:44
647,8,3,2026-08-05 11:30:42
647,635,5,2026-08-14 11:32:57
647,406,5,2026-07-27 17:14:30
647,938,3,2026-07-25 10:27:54
647,529,2,2026-07-17 14:27:00
647,878,2,2026-07-18 06:16:13
647,526,2,2026-08-02 16:28:30
647,256,4,2026-07-23 01:46:29
647,328,4,2026-07-26 12:17:20
647,323,3,2026-08-08 15:50:17
647,845,3,2026-07-21 12:33:30
647,461,2,2026-08-03 07:00:50
647,186,1,2026-08-09 13:08:45
648,783,3,2026-07-17 17:24:21
648,876,4,2026-08-12 17:47:47
648,740,1,2026-07-22 09:25:50
648,597,3,2026-07-29 07:26:29
648,12,2,2026-08-11 18:42:16
648,310,4,2026-08-06 18:57:21
649,491,3,2026-07-23 20:06:04
649,494,3,2026-07-24 12:03:19
649,304,2,2026-07-25 12:08:15
649,620,1,2026-07-27 08:13:23
649,118,3,2026-08-06 10:55:16
649,732,1,2026-08-07 23:40:08
649,591,5,2026-08-01 06:21:40
649,231,4,2026-07-24 02:47:24
649,311,2,2026-08-13 17:52:34
649,29,4,2026-08-04 12:51:32
649,853,5,2026-07-20 04:28:29
649,804,5,2026-07-17 22:47:52
649,500,1,2026-07-18 09:13:26
650,230,3,2026-07-17 01:29:31
650,336,1,2026-08-13 09:58:43
650,778,2,2026-07-17 18:40:25
650,524,5,2026-08-09 10:17:20
650,60,5,2026-07-24 09:53:10
650,20,1,2026-07-19 08:48:07
650,267,1,2026-07-18 21:12:23
651,461,5,2026-07-25 16:10:57
651,880,2,2026-07-18 13:56:25
651,186,1,2026-08-04 04:49:36
651,663,3,2026-08-15 13:29:20
651,72,2,2026-08-02 15:07:09
651,693,3,2026-08-09 22:18:09
651,111,2,2026-07-28 11:59:14
651,32,2,2026-07-19 03:45:12
651,623,2,2026-07-23 11:26:57
651,574,1,2026-07-22 19:18:56
651,943,4,2026-07-20 02:10:33
651,688,3,2026-08-05 10:44:57
651,189,3,2026-07-26 11:16:26
651,648,1,2026-08-15 15:25:23
651,575,1,2026-07-28 05:43:47
651,681,3,2026-08-13 05:45:09
651,329,3,2026-07-26 13:56:14
651,512,1,2026-07-21 02:59:33
651,471,1,2026-07-20 05:04:29
651,869,5,2026-08-08 14:29:52
652,898,4,2026-07-31 20:19:21
652,901,1,2026-07-18 00:17:37
652,859,1,2026-08-09 05:02:57
652,234,4,2026-08-10 08:48:10
652,52,1,2026-07-29 00:54:31
652,777,3,2026-08-13 11:54:32
652,856,2,2026-08-10 17:54:41
652,369,2,2026-08-14 14:38:12
652,556,4,2026-07-27 14:01:43
652,352,5,2026-08-13 09:59:11
652,206,5,2026-07-21 03:08:39
652,68,2,2026-07-22 22:25:14
652,932,2,2026-07-29 15:35:16
652,138,1,2026-07-29 11:19:56
653,127,5,2026-07-31 13:50:02
653,277,1,2026-07-28 00:30:10
653,683,1,2026-08-07 23:46:32
653,834,4,2026-08-08 22:06:30
653,723,3,2026-07-17 12:01:59
653,724,5,2026-08-15 10:27:49
653,639,5,2026-08-08 11:49:57
653,833,3,2026-07-30 15:56:16
653,40,1,2026-08-01 21:56:07
653,355,4,2026-07-25 12:26:00
653,483,5,2026-07-30 07:32:26
653,348,2,2026-08-06 11:52:04
653,901,1,2026-08-12 15:46:22
653,550,2,2026-08-07 21:04:31
653,154,1,2026-07-31 12:19:15
653,34,1,2026-08-05 17:13:59
653,774,3,2026-07-23 22:40:09
653,815,4,2026-08-14 11:07:07
654,742,4,2026-07-18 11:43:31
654,564,2,2026-08-11 08:35:09
654,313,3,2026-08-14 01:17:21
654,548,4,2026-07-27 08:19:38
654,767,1,2026-08-08 04:47:14
654,908,2,2026-08-07 17:34:26
655,304,5,2026-08-15 00:42:46
655,678,3,2026-08-03 15:08:58
655,881,3,2026-07-25 10:17:03
655,194,4,2026-07-30 23:40:23
655,596,4,2026-08-08 02:22:56
655,421,3,2026-07-20 09:47:47
655,109,2,2026-08-06 11:17:23
655,587,4,2026-08-03 05:25:34
655,378,3,2026-08-04 13:58:00
655,753,2,2026-08-11 09:33:44
655,829,5,2026-08-08 13:45:47
656,259,3,2026-07-17 12:22:20
656,995,1,2026-07-29 13:15:05
656,806,5,2026-08-04 02:36:46
656,556,4,2026-07-23 19:37:34
656,473,2,2026-07-25 11:12:34
656,992,2,2026-07-30 11:48:02
656,10,5,2026-08-15 14:18:47
656,775,1,2026-07-31 08:57:44
656,764,2,2026-07-23 17:07:23
656,809,4,2026-07-26 12:54:24
656,644,1,2026-08-05 18:24:52
657,330,5,2026-08-07 12:52:40
657,920,1,2026-07-21 02:16:49
657,494,3,2026-08-07 19:48:54
657,197,2,2026-07-17 01:41:14
657,871,3,2026-08-06 12:48:36
657,364,3,2026-08-15 06:40:27
657,872,5,2026-07-24 15:14:51
657,439,1,2026-08-14 18:42:42
657,11,2,2026-07-19 12:29:55
657,888,5,2026-07-19 16:37:56
657,446,3,2026-07-28 16:19:45
657,777,5,2026-08-09 07:39:20
657,839,2,2026-07-19 22:01:50
657,460,3,2026-08-02 08:14:32
657,495,4,2026-08-10 18:22:08
657,583,3,2026-07-20 23:18:45
658,858,2,2026-08-11 07:34:41
658,750,1,2026-07-29 12:11:02
658,955,4,2026-07-31 06:35:36
658,64,4,2026-08-06 18:37:26
658,237,5,2026-08-05 09:54:24
658,732,1,2026-08-08 14:55:36
658,238,1,2026-08-01 08:59:40
658,87,4,2026-07-25 22:41:06
658,615,1,2026-07-26 16:25:30
658,257,5,2026-07-26 10:21:16
658,697,5,2026-08-10 01:21:20
659,852,3,2026-08-13 15:08:28
659,377,1,2026-08-06 01:00:09
659,880,1,2026-08-02 15:05:42
659,552,2,2026-08-13 21:32:53
659,713,2,2026-08-08 03:16:10
659,65,4,2026-07-24 07:55:51
659,529,4,2026-07-18 08:23:57
659,598,3,2026-08-14 18:36:07
659,969,3,2026-07-30 10:37:33
659,735,3,2026-07-26 08:36:51
659,399,5,2026-07-22 14:50:46
659,570,1,2026-07-17 16:52:45
659,876,5,2026-08-04 07:03:50
660,180,2,2026-08-02 08:26:13
660,93,3,2026-08-04 15:26:52
660,938,2,2026-07-29 13:40:49
660,556,4,2026-08-12 12:25:58
660,992,2,2026-07-19 21:14:06
660,873,5,2026-08-02 17:22:11
660,155,3,2026-08-12 09:23:50
660,817,5,2026-08-02 01:57:37
660,383,5,2026-07-19 10:51:08
660,604,5,2026-07-26 16:19:26
661,844,5,2026-07-25 23:15:08
661,549,1,2026-08-15 15:02:04
661,707,5,2026-08-14 22:29:58
661,510,4,2026-08-08 01:26:28
661,141,1,2026-08-06 16:24:38
661,244,1,2026-08-04 00:37:43
661,797,1,2026-08-09 20:49:52
661,127,5,2026-07-20 18:11:07
661,571,4,2026-07-24 21:52:23
661,489,4,2026-08-12 16:19:39
662,681,4,2026-08-06 00:54:27
662,854,1,2026-07-29 04:12:22
662,210,3,2026-07-27 09:57:19
662,726,5,2026-07-20 10:03:52
662,528,5,2026-08-07 23:20:19
662,632,2,2026-08-08 18:13:06
662,713,1,2026-08-10 01:19:34
662,896,1,2026-07-31 23:31:54
662,755,2,2026-08-12 00:27:41
662,116,3,2026-08-02 07:22:02
662,931,3,2026-07-31 11:35:22
662,265,4,2026-08-12 16:55:55
662,548,4,2026-08-06 02:23:55
663,380,4,2026-07-24 15:31:39
663,378,3,2026-07-23 00:28:04
663,629,5,2026-07-19 15:19:27
663,284,3,2026-08-09 01:21:14
663,547,5,2026-08-05 20:57:54
663,276,5,2026-08-01 15:15:06
663,223,5,2026-07-19 07:53:45
663,811,4,2026-08-07 23:13:58
663,55,2,2026-07-30 12:34:54
663,849,5,2026-07-24 14:56:00
663,582,4,2026-08-04 19:45:42
663,101,4,2026-07-21 12:30:21
663,961,1,2026-07-31 18:14:21
664,42,1,2026-07-31 19:53:40
664,141,1,2026-07-18 19:13:14
664,102,5,2026-07-31 01:35:54
664,597,4,2026-07-20 20:27:06
664,147,3,2026-07-30 19:48:23
665,585,4,2026-07-27 12:38:37
665,769,5,2026-08-10 04:41:53
665,797,2,2026-08-05 04:39:07
665,343,2,2026-07-28 05:25:52
665,751,4,2026-07-18 19:43:51
665,802,5,2026-07-25 08:41:52
666,216,5,2026-07-27 00:52:15
666,864,2,2026-07-29 02:31:46
666,24,5,2026-08-12 08:54:21
666,192,5,2026-07-25 20:42:58
666,978,5,2026-07-23 04:58:18
666,726,2,2026-07-24 14:52:41
666,121,2,2026-07-29 13:43:34
666,591,5,2026-08-04 06:44:21
666,23,5,2026-07-24 20:51:51
666,793,2,2026-08-14 21:14:55
666,782,4,2026-07-20 13:52:36
666,205,2,2026-08-01 00:56:55
666,106,3,2026-08-10 14:19:23
666,33,2,2026-07-20 20:33:00
666,315,5,2026-07-22 08:53:19
666,171,4,2026-07-22 00:23:17
667,322,5,2026-08-06 13:30:33
667,762,5,2026-07-21 03:29:26
667,115,1,2026-08-09 08:29:16
667,295,5,2026-07-29 04:46:50
667,487,2,2026-07-21 21:21:06
667,496,3,2026-07-17 17:52:52
667,445,1,2026-07-18 22:08:19
667,283,5,2026-08-14 12:59:50
667,166,3,2026-07-31 20:15:25
667,493,5,2026-08-03 05:50:31
667,315,5,2026-08-03 03:47:47
667,678,4,2026-07-17 19:08:32
667,896,4,2026-07-28 06:19:06
667,119,4,2026-08-12 16:47:01
667,672,4,2026-07-20 07:37:39
667,434,3,2026-07-20 11:17:17
668,137,4,2026-08-05 20:38:58
668,47,1,2026-07-23 06:29:47
668,671,3,2026-07-18 08:32:49
668,868,3,2026-08-01 19:24:43
668,157,5,2026-07-28 04:53:07
668,383,5,2026-07-21 04:53:51
668,849,1,2026-07-27 19:57:47
668,371,4,2026-07-20 20:11:09
668,339,2,2026-07-30 15:06:13
669,513,5,2026-07-21 22:24:49
669,318,3,2026-07-17 07:01:20
669,840,4,2026-08-05 01:27:13
669,641,5,2026-07-31 06:54:34
669,886,3,2026-07-21 21:07:10
669,203,5,2026-07-17 02:27:17
669,787,5,2026-07-29 10:59:56
669,814,1,2026-08-10 05:38:25
669,397,3,2026-07-19 10:10:28
669,608,1,2026-07-26 09:35:50
669,896,1,2026-07-24 19:32:27
669,408,4,2026-08-02 00:08:58
670,822,4,2026-08-04 12:17:50
670,882,5,2026-07-30 12:29:09
670,495,1,2026-08-13 01:02:27
670,186,5,2026-08-02 11:36:05
670,824,3,2026-08-08 19:24:22
670,415,5,2026-08-12 13:42:40
670,746,1,2026-08-03 16:21:50
670,65,5,2026-07-19 14:20:46
671,664,4,2026-07-25 20:04:17
671,355,5,2026-08-15 14:08:45
671,127,2,2026-08-10 06:46:41
671,572,5,2026-07-28 04:02:53
671,442,3,2026-08-14 23:12:47
671,771,2,2026-07-23 12:11:32
671,983,1,2026-08-09 20:23:46
671,507,4,2026-08-02 05:35:23
671,730,5,2026-08-04 03:14:50
671,641,1,2026-07-18 16:14:34
671,331,3,2026-07-21 21:19:10
671,69,3,2026-07-23 21:32:13
671,881,1,2026-08-01 17:14:16
671,377,4,2026-07-17 12:28:04
671,720,3,2026-08-05 17:29:59
671,326,4,2026-08-06 21:14:00
671,548,3,2026-07-27 16:53:03
672,902,3,2026-07-28 15:57:22
672,296,5,2026-07-23 05:24:24
672,268,5,2026-08-07 04:53:10
672,235,5,2026-08-06 10:10:42
672,206,1,2026-07-16 16:27:58
672,109,2,2026-07-18 15:29:56
672,373,4,2026-07-23 10:52:32
672,894,3,2026-08-12 21:31:17
673,549,5,2026-07-26 14:58:49
673,28,3,2026-08-06 16:50:54
673,810,5,2026-08-10 11:21:32
673,471,4,2026-08-13 00:35:36
673,21,2,2026-07-27 09:08:48
674,826,3,2026-07-17 08:06:25
674,790,2,2026-08-04 14:22:35
674,634,1,2026-07-29 17:49:36
674,623,3,2026-08-01 08:37:24
674,711,5,2026-08-15 15:12:27
674,637,3,2026-07-31 15:27:59
674,91,3,2026-07-23 14:22:18
675,749,3,2026-07-19 15:39:07
675,999,3,2026-07-21 12:23:37
675,520,4,2026-07-17 04:59:07
675,455,5,2026-08-14 18:16:17
675,203,3,2026-08-09 03:39:37
675,116,3,2026-07-25 15:04:21
675,732,5,2026-08-06 00:46:44
675,854,4,2026-08-06 14:37:44
675,778,4,2026-08-09 22:00:33
675,831,1,2026-08-05 08:40:05
676,651,4,2026-08-11 14:58:48
676,703,3,2026-07-30 20:01:56
676,986,5,2026-08-12 01:24:01
676,972,3,2026-08-12 07:54:13
676,181,3,2026-07-30 03:16:56
676,146,1,2026-08-02 06:00:36
676,695,4,2026-07-17 00:53:35
676,332,1,2026-07-30 13:39:24
676,255,5,2026-08-12 07:48:37
676,403,1,2026-07-29 01:34:47
676,870,4,2026-07-16 16:02:05
676,28,1,2026-08-14 15:34:55
676,177,2,2026-08-05 19:34:15
676,612,2,2026-08-03 11:07:40
676,405,1,2026-08-08 10:10:04
676,11,2,2026-08-05 03:28:38
676,801,1,2026-08-03 19:52:48
676,930,5,2026-07-25 15:50:15
677,586,3,2026-07-24 03:39:09
677,220,1,2026-07-26 11:55:10
677,893,5,2026-07-31 08:12:25
677,866,1,2026-07-17 22:20:31
677,90,2,2026-07-17 06:06:26
677,975,3,2026-07-28 02:37:36
677,52,2,2026-08-13 03:48:05
677,16,5,2026-08-05 14:31:16
678,132,4,2026-07-20 14:51:03
678,696,4,2026-08-04 06:43:52
678,207,4,2026-07-22 04:11:14
678,373,1,2026-08-02 03:04:42
678,812,5,2026-07-17 00:37:28
678,548,5,2026-07-25 16:02:43
679,173,5,2026-07-23 17:03:21
679,642,2,2026-07-23 12:40:37
679,97,4,2026-07-29 16:57:27
679,455,4,2026-08-02 16:00:27
679,193,2,2026-08-15 05:47:07
679,314,4,2026-08-07 12:30:12
679,747,1,2026-08-13 22:09:33
679,676,3,2026-07-28 01:15:40
679,443,1,2026-07-17 12:51:55
679,237,2,2026-08-10 06:05:31
679,906,1,2026-07-23 16:10:05
679,958,1,2026-08-10 15:01:18
679,612,5,2026-07-28 16:20:22
679,175,2,2026-08-12 21:31:23
679,27,3,2026-07-20 02:23:49
679,803,3,2026-08-04 22:59:20
679,821,4,2026-07-30 08:50:18
679,704,1,2026-08-12 04:57:13
679,810,4,2026-07-28 06:53:55
679,901,4,2026-07-30 12:57:53
680,153,2,2026-07-22 05:57:28
680,441,3,2026-07-24 15:05:53
680,268,1,2026-07-25 14:49:38
680,257,1,2026-07-17 01:11:27
680,286,5,2026-08-07 03:18:21
680,442,3,2026-07-27 06:24:47
680,510,2,2026-08-06 19:48:22
680,540,1,2026-08-06 13:05:51
680,147,5,2026-07-21 21:49:49
680,177,1,2026-07-21 16:22:28
680,155,4,2026-08-06 10:48:44
680,110,4,2026-08-13 18:03:07
680,162,3,2026-08-05 11:05:04
680,780,4,2026-07-26 12:44:19
680,697,5,2026-07-21 01:37:22
680,156,1,2026-08-01 03:23:53
681,651,1,2026-08-04 14:55:16
681,960,2,2026-07-18 17:14:34
681,927,4,2026-07-23 02:17:05
681,68,4,2026-08-06 08:09:03
681,54,5,2026-08-06 17:56:30
682,587,5,2026-08-05 15:07:13
682,769,3,2026-07-19 14:26:35
682,927,5,2026-07-20 12:35:19
682,308,5,2026-07-25 07:02:03
682,52,4,2026-07-22 09:15:12
682,397,2,2026-08-08 09:34:08
682,360,2,2026-07-26 10:19:43
682,394,1,2026-08-12 05:02:17
682,286,1,2026-07-23 13:48:06
682,884,2,2026-07-25 13:28:34
683,738,5,2026-08-09 09:55:59
683,184,3,2026-08-04 23:02:54
683,311,4,2026-08-08 12:32:04
683,450,3,2026-08-02 15:15:34
683,973,4,2026-08-12 22:05:30
684,368,5,2026-07-23 11:14:34
684,59,4,2026-08-07 23:13:40
684,994,1,2026-08-04 22:13:51
684,246,1,2026-08-06 23:40:40
684,145,3,2026-08-09 15:46:09
684,248,2,2026-08-12 00:29:29
684,827,4,2026-08-12 12:08:12
684,46,2,2026-07-29 07:18:24
684,90,3,2026-07-27 16:59:56
684,611,3,2026-08-10 11:41:28
684,808,5,2026-08-12 12:37:24
684,967,5,2026-07-22 20:39:44
684,742,3,2026-08-03 21:00:31
684,565,5,2026-08-13 03:08:08
684,600,5,2026-08-14 02:45:37
685,630,3,2026-07-28 00:29:55
685,56,5,2026-08-10 15:55:05
685,412,2,2026-07-16 23:13:02
685,128,1,2026-08-12 22:16:32
685,590,4,2026-07-20 06:41:30
685,23,2,2026-07-21 23:31:17
685,768,2,2026-08-05 20:18:16
685,845,5,2026-08-01 14:36:38
685,595,4,2026-08-07 17:20:40
685,427,1,2026-08-02 09:22:22
685,566,2,2026-08-04 16:14:04
685,437,5,2026-08-03 22:27:56
685,893,4,2026-08-03 12:03:37
685,142,1,2026-08-08 10:16:58
685,312,5,2026-08-01 11:21:59
685,260,3,2026-07-28 19:04:56
686,590,3,2026-08-11 07:01:31
686,738,5,2026-08-06 12:24:39
686,889,4,2026-08-10 04:35:17
686,794,3,2026-08-06 17:31:09
686,933,2,2026-07-19 15:41:19
686,792,2,2026-07-29 11:38:02
686,533,1,2026-07-23 19:36:52
686,690,3,2026-07-30 19:04:06
686,326,1,2026-08-06 06:23:03
686,568,5,2026-07-27 13:25:53
686,296,1,2026-07-19 08:25:10
686,554,5,2026-08-10 22:54:22
686,779,2,2026-08-08 13:48:14
686,196,2,2026-07-28 23:21:36
686,527,5,2026-07-19 14:21:18
686,920,2,2026-07-31 15:14:37
686,782,5,2026-07-19 05:54:27
686,914,3,2026-07-18 07:03:14
686,565,3,2026-07-28 21:02:37
686,437,5,2026-08-11 14:38:53
687,443,5,2026-07-26 01:00:07
687,75,3,2026-08-14 01:32:33
687,27,4,2026-07-28 17:37:02
687,559,2,2026-07-17 21:16:52
687,446,1,2026-08-01 07:31:03
687,397,1,2026-08-09 15:46:01
687,848,3,2026-07-24 08:01:02
687,503,4,2026-08-06 12:48:21
687,992,2,2026-07-30 01:13:59
687,135,4,2026-08-01 19:22:24
687,709,2,2026-07-18 08:25:10
687,970,2,2026-07-18 05:21:22
687,647,1,2026-08-10 08:42:14
688,908,1,2026-07-23 15:45:28
688,709,5,2026-07-19 10:26:42
688,43,1,2026-07-27 00:27:18
688,177,1,2026-08-05 04:15:57
688,871,5,2026-07-31 12:12:59
688,49,4,2026-07-16 17:47:43
689,427,4,2026-07-19 18:44:51
689,36,4,2026-08-13 07:01:21
689,313,5,2026-07-26 20:47:48
689,770,2,2026-07-27 12:02:22
689,527,1,2026-07-31 16:38:01
689,645,1,2026-07-20 23:59:34
689,121,4,2026-07-24 16:55:28
689,81,3,2026-07-24 20:38:49
689,813,5,2026-07-19 21:16:17
689,390,2,2026-08-14 20:33:51
689,538,1,2026-07-24 07:11:46
689,774,1,2026-07-24 13:21:14
690,567,1,2026-08-14 22:40:40
690,301,3,2026-07-28 20:48:07
690,875,2,2026-07-23 12:46:01
690,614,1,2026-08-12 12:50:57
690,990,2,2026-07-18 00:01:24
690,343,5,2026-07-20 08:24:57
690,522,4,2026-07-31 19:57:17
690,605,5,2026-08-08 06:58:26
690,266,2,2026-08-09 14:08:54
690,451,4,2026-08-07 19:03:31
690,813,1,2026-07-31 06:47:51
690,654,4,2026-08-07 17:38:42
690,944,4,2026-07-29 13:34:07
690,462,1,2026-07-18 04:12:08
690,237,1,2026-07-26 04:12:20
690,77,4,2026-07-27 00:47:06
690,775,4,2026-08-13 20:08:26
691,48,2,2026-08-10 20:26:29
691,879,1,2026-07-17 01:23:24
691,688,4,2026-07-24 23:37:28
691,658,4,2026-07-31 19:45:20
691,163,3,2026-08-04 12:12:53
691,318,1,2026-07-18 11:41:26
691,609,3,2026-07-29 10:58:53
691,846,3,2026-07-25 16:31:31
691,641,2,2026-08-15 08:03:26
691,698,5,2026-08-10 19:09:33
691,405,4,2026-08-04 15:01:08
691,252,1,2026-07-26 12:55:23
691,396,4,2026-08-02 01:12:48
691,83,1,2026-08-10 10:26:18
691,153,5,2026-07-31 01:38:51
691,928,4,2026-08-08 23:01:35
691,263,2,2026-08-01 15:41:57
691,884,4,2026-08-12 08:22:33
691,275,1,2026-08-13 12:52:49
692,380,1,2026-08-14 23:25:46
692,495,3,2026-07-24 01:39:35
692,865,1,2026-08-11 20:48:57
692,354,3,2026-07-30 15:47:37
692,426,5,2026-07-19 04:56:09
692,511,3,2026-08-13 07:02:37
692,370,3,2026-08-04 18:16:14
692,543,2,2026-07-22 13:39:10
692,214,3,2026-07-24 13:31:58
693,39,1,2026-07-23 23:15:14
693,933,2,2026-08-15 10:26:02
693,737,4,2026-08-01 06:30:17
693,43,2,2026-07-28 04:59:23
693,871,2,2026-08-11 13:02:57
693,608,3,2026-07-29 17:40:35
693,810,1,2026-08-07 07:14:03
693,327,4,2026-07-23 20:08:58
693,797,3,2026-07-20 23:44:59
693,613,5,2026-07-30 13:15:51
693,986,5,2026-08-06 17:15:00
693,588,3,2026-07-29 20:22:36
693,311,2,2026-07-19 02:27:52
693,719,2,2026-08-12 07:55:15
694,651,2,2026-07-28 06:35:53
694,456,4,2026-07-17 04:11:53
694,107,3,2026-08-13 13:53:14
694,930,4,2026-08-11 17:29:01
694,595,4,2026-07-21 23:09:06
694,856,5,2026-08-03 18:28:20
694,511,2,2026-08-13 10:47:20
694,266,4,2026-08-02 22:17:45
694,469,3,2026-08-03 21:24:50
694,167,3,2026-07-28 02:14:14
694,183,4,2026-07-25 18:06:17
694,898,1,2026-07-18 04:40:09
694,530,3,2026-07-17 23:42:01
695,958,1,2026-08-02 21:38:15
695,21,2,2026-07-27 22:45:53
695,318,1,2026-07-27 14:09:32
695,405,2,2026-07-17 10:41:06
695,95,2,2026-08-06 05:32:06
696,617,2,2026-07-25 17:07:02
696,940,5,2026-08-04 15:11:29
696,557,4,2026-07-22 18:31:52
696,37,4,2026-08-07 22:01:04
696,567,3,2026-07-28 19:40:16
696,276,5,2026-07-22 14:22:56
696,736,5,2026-07-25 17:10:24
696,30,1,2026-08-12 06:43:44
696,526,3,2026-08-08 13:15:27
696,402,4,2026-08-10 05:45:23
696,547,1,2026-07-29 04:32:36
696,146,3,2026-08-02 13:28:35
696,574,1,2026-08-08 12:41:21
696,750,4,2026-07-17 21:56:19
696,729,2,2026-08-05 22:59:39
696,830,2,2026-08-02 10:27:37
697,946,2,2026-07-28 00:54:31
697,158,3,2026-08-13 00:52:21
697,988,4,2026-08-10 14:51:19
697,290,3,2026-07-30 06:15:40
697,624,3,2026-07-27 17:18:26
697,77,3,2026-08-06 00:18:56
697,340,3,2026-07-20 21:03:30
697,777,1,2026-07-28 04:40:18
697,732,5,2026-07-25 01:03:57
697,47,5,2026-08-01 23:08:03
697,54,2,2026-07-30 18:30:47
697,214,5,2026-08-13 21:57:50
698,296,2,2026-07-25 19:42:53
698,493,4,2026-07-21 13:08:13
698,807,2,2026-08-06 14:44:21
698,726,3,2026-07-17 18:11:10
698,578,1,2026-08-07 23:36:11
698,687,3,2026-07-21 22:57:20
698,561,5,2026-08-01 19:28:47
698,325,3,2026-08-10 00:08:04
698,715,3,2026-07-30 23:26:14
698,286,2,2026-08-11 13:38:07
699,841,1,2026-08-12 07:08:06
699,248,3,2026-08-09 17:40:00
699,932,1,2026-07-30 12:49:26
699,219,1,2026-08-07 15:06:37
699,622,1,2026-08-08 04:43:16
699,428,3,2026-08-14 01:15:37
699,782,4,2026-07-22 12:00:06
699,77,1,2026-08-15 08:20:14
699,620,2,2026-08-13 00:14:40
699,539,3,2026-07-31 06:29:48
699,705,5,2026-07-21 10:24:49
699,319,3,2026-08-12 14:10:48
699,736,5,2026-08-07 06:12:21
699,124,3,2026-07-25 07:26:18
699,404,1,2026-07-31 09:43:39
699,890,4,2026-07-17 03:01:20
699,217,4,2026-07-24 10:24:16
699,533,4,2026-08-11 05:34:25
699,824,5,2026-07-23 15:47:29
699,524,5,2026-08-03 22:33:28
700,110,2,2026-08-12 22:02:31
700,768,2,2026-07-26 13:33:50
700,224,2,2026-08-10 19:52:46
700,104,5,2026-08-01 09:28:08
700,29,4,2026-08-02 14:32:22
701,6,4,2026-08-13 02:31:31
701,242,3,2026-07-29 03:09:14
701,922,5,2026-07-20 03:18:11
701,452,5,2026-08-14 22:08:33
701,142,5,2026-08-11 17:03:34
701,771,3,2026-08-10 20:21:44
701,704,5,2026-08-09 01:17:01
701,727,1,2026-08-07 20:12:48
701,9,4,2026-07-20 17:46:11
701,333,4,2026-08-05 16:33:42
701,246,1,2026-07-30 01:43:59
701,617,1,2026-08-10 23:28:38
701,581,5,2026-08-07 08:01:53
701,699,4,2026-07-24 11:05:49
701,71,2,2026-07-19 03:13:47
701,385,5,2026-08-01 00:34:01
701,981,1,2026-07-28 07:28:05
702,801,2,2026-08-13 01:43:31
702,968,2,2026-08-05 23:26:28
702,769,4,2026-07-23 22:53:53
702,992,2,2026-07-28 20:31:21
702,700,3,2026-07-23 19:29:21
702,535,1,2026-08-10 08:20:44
702,781,4,2026-07-26 05:46:23
702,54,5,2026-07-29 07:55:25
702,918,1,2026-08-14 17:06:18
702,825,2,2026-08-13 00:05:34
702,131,3,2026-08-09 18:05:50
702,785,1,2026-08-10 04:15:48
703,180,4,2026-08-10 13:37:56
703,600,5,2026-08-09 07:23:51
703,370,4,2026-07-19 03:49:28
703,64,1,2026-08-11 07:56:30
703,587,1,2026-07-30 06:15:47
703,293,3,2026-07-20 16:25:27
703,605,2,2026-08-10 03:19:13
703,797,4,2026-07-31 21:15:45
703,137,5,2026-08-02 15:44:45
703,224,2,2026-08-02 19:24:03
703,771,5,2026-07-21 12:21:44
704,241,1,2026-08-01 10:11:10
704,1000,3,2026-07-23 01:40:30
704,253,5,2026-07-27 22:26:56
704,62,1,2026-08-10 03:10:50
704,130,4,2026-07-18 19:37:08
704,311,3,2026-08-03 07:40:01
704,333,3,2026-08-06 13:54:42
704,787,3,2026-07-21 06:39:32
704,801,4,2026-08-01 19:25:45
704,173,5,2026-07-17 01:11:29
705,955,2,2026-07-31 23:15:21
705,516,4,2026-07-25 13:52:21
705,399,1,2026-07-28 20:39:54
705,41,3,2026-07-27 14:33:45
705,638,3,2026-08-06 16:23:10
705,608,5,2026-07-17 20:38:53
705,499,2,2026-07-25 13:13:15
705,497,2,2026-07-19 18:47:17
705,147,2,2026-07-20 21:02:58
705,240,5,2026-08-10 14:58:20
706,433,4,2026-07-27 02:00:38
706,549,3,2026-07-18 13:55:41
706,58,3,2026-07-29 09:49:25
706,30,2,2026-07-19 20:54:46
706,90,4,2026-08-03 14:40:39
706,742,3,2026-07-19 04:56:09
706,484,2,2026-07-31 00:34:22
706,932,2,2026-08-15 12:41:22
707,769,5,2026-07-23 11:13:25
707,968,3,2026-07-25 03:43:44
707,268,1,2026-08-04 12:51:32
707,233,3,2026-08-14 16:21:59
707,31,1,2026-08-08 06:41:26
707,941,2,2026-08-05 05:24:14
707,489,2,2026-08-08 17:54:01
708,140,1,2026-07-23 11:33:36
708,210,4,2026-08-14 11:37:20
708,124,4,2026-07-30 17:26:22
708,316,4,2026-07-29 19:33:34
708,849,2,2026-08-15 09:29:13
708,982,3,2026-07-24 06:37:26
708,687,3,2026-07-20 05:40:14
708,251,5,2026-08-13 14:29:03
708,974,5,2026-07-17 19:14:01
708,797,1,2026-07-26 23:13:35
708,420,3,2026-08-06 10:36:50
708,503,5,2026-08-02 14:08:29
708,720,5,2026-08-07 03:16:31
708,241,3,2026-08-11 01:44:40
708,345,1,2026-08-13 06:16:10
708,971,4,2026-08-08 14:06:18
708,775,5,2026-07-17 18:58:37
708,601,2,2026-07-20 17:26:18
708,877,4,2026-08-03 08:36:49
708,909,1,2026-08-14 21:38:58
709,749,5,2026-07-22 01:23:10
709,252,3,2026-07-26 01:54:45
709,999,4,2026-08-15 02:04:38
709,212,1,2026-08-12 10:14:33
709,484,3,2026-07-30 15:21:00
709,70,4,2026-07-27 07:34:07
709,605,2,2026-07-30 11:21:19
709,411,4,2026-08-14 00:28:17
709,825,4,2026-08-02 19:47:50
709,788,2,2026-08-12 13:33:25
709,87,3,2026-08-12 22:25:28
709,424,4,2026-07-17 01:37:23
709,688,5,2026-08-10 07:59:18
709,753,4,2026-07-25 10:07:09
709,632,4,2026-07-22 04:01:55
709,574,4,2026-07-22 08:25:54
709,639,4,2026-08-01 04:57:27
710,512,5,2026-08-09 11:59:04
710,562,1,2026-08-05 04:53:17
710,379,4,2026-07-31 10:10:09
710,778,2,2026-07-20 15:24:20
710,869,4,2026-07-29 07:27:04
710,777,2,2026-08-02 04:54:34
710,854,1,2026-07-23 19:51:11
710,177,2,2026-07-31 11:25:21
710,671,2,2026-07-23 04:22:55
710,197,3,2026-08-15 07:40:23
710,889,3,2026-07-25 08:29:35
710,343,5,2026-08-01 23:13:26
710,369,2,2026-07-22 20:28:01
710,590,1,2026-08-12 20:33:46
710,458,4,2026-07-29 06:39:02
710,812,3,2026-07-22 08:01:07
710,464,1,2026-08-03 05:36:02
711,587,4,2026-07-18 06:00:58
711,328,1,2026-07-25 15:43:35
711,656,1,2026-07-31 20:55:01
711,912,3,2026-07-30 18:01:04
711,390,3,2026-07-27 18:56:54
711,22,1,2026-07-17 11:50:09
711,501,2,2026-08-08 02:52:04
711,663,1,2026-08-01 12:32:00
711,337,3,2026-08-10 22:45:01
711,592,4,2026-07-20 07:59:24
711,413,2,2026-08-09 05:46:09
711,949,5,2026-08-13 00:19:42
712,399,5,2026-08-09 07:11:56
712,361,2,2026-07-23 05:55:46
712,294,1,2026-08-01 06:35:40
712,650,2,2026-08-07 16:07:30
712,689,3,2026-07-30 05:40:01
712,477,4,2026-08-13 22:13:54
712,498,4,2026-08-02 16:36:42
712,669,2,2026-07-20 16:19:23
712,321,2,2026-08-02 03:56:24
713,709,1,2026-07-30 12:06:51
713,331,1,2026-08-15 07:08:10
713,934,5,2026-08-15 13:12:43
713,443,2,2026-07-28 12:15:15
713,922,3,2026-07-28 22:16:30
713,465,5,2026-08-10 11:18:50
713,345,5,2026-07-31 21:30:50
713,299,1,2026-07-30 04:41:38
713,674,1,2026-08-13 22:00:03
713,351,1,2026-08-05 20:13:56
713,245,3,2026-07-22 05:05:25
714,939,5,2026-07-26 04:21:26
714,845,4,2026-08-11 18:11:08
714,191,3,2026-08-08 18:34:00
714,856,5,2026-07-21 15:24:23
714,723,4,2026-08-04 00:44:11
714,138,4,2026-08-01 07:22:22
714,728,1,2026-08-12 04:24:20
714,265,3,2026-07-20 02:56:48
714,623,4,2026-07-17 13:26:50
714,633,3,2026-08-15 11:54:04
714,605,3,2026-07-21 10:00:44
714,95,2,2026-07-20 20:52:13
714,551,1,2026-07-18 09:20:08
714,45,5,2026-07-27 14:23:51
714,277,5,2026-08-07 20:07:31
714,513,2,2026-08-06 23:02:34
714,48,4,2026-08-07 22:26:14
714,561,1,2026-07-31 06:16:06
715,741,2,2026-08-12 05:07:40
715,975,4,2026-08-03 21:06:59
715,515,1,2026-07-27 23:58:39
715,454,3,2026-08-13 06:12:42
715,774,2,2026-07-31 12:24:14
715,753,2,2026-08-02 01:56:58
715,386,4,2026-07-26 02:09:16
715,45,5,2026-08-12 18:01:03
715,23,2,2026-07-16 18:23:19
715,416,3,2026-08-06 06:39:11
715,595,3,2026-07-23 19:59:42
715,848,4,2026-07-16 19:36:17
715,587,5,2026-08-13 00:09:49
715,901,4,2026-08-07 17:36:58
715,962,1,2026-08-13 10:58:23
716,275,4,2026-07-30 21:57:08
716,163,1,2026-08-10 07:25:07
716,584,1,2026-08-08 23:00:56
716,370,1,2026-08-06 07:30:01
716,850,1,2026-08-03 17:06:14
716,477,1,2026-08-04 00:15:21
716,302,4,2026-08-05 02:30:54
716,907,1,2026-07-17 06:42:07
716,697,3,2026-07-24 09:18:12
716,607,4,2026-08-05 12:29:56
716,60,4,2026-08-10 09:52:41
716,927,3,2026-08-10 07:14:50
716,337,3,2026-07-19 05:08:10
716,71,3,2026-08-02 22:27:00
717,459,1,2026-08-14 08:37:43
717,271,5,2026-07-29 15:02:01
717,815,2,2026-08-03 08:09:55
717,875,1,2026-08-10 14:35:16
717,467,4,2026-07-28 19:43:03
717,399,5,2026-08-09 16:01:34
717,126,4,2026-07-19 23:13:49
718,842,1,2026-07-30 04:42:49
718,83,3,2026-07-21 00:13:56
718,928,2,2026-08-05 03:29:34
718,191,5,2026-08-04 20:30:32
718,637,3,2026-07-23 01:07:18
718,476,1,2026-08-06 03:19:32
718,436,3,2026-08-02 20:59:53
718,552,4,2026-07-27 08:07:28
718,466,2,2026-08-07 15:11:50
718,744,1,2026-07-31 18:06:36
718,632,2,2026-07-26 14:06:13
718,883,4,2026-08-09 21:13:34
718,675,1,2026-08-09 11:21:58
718,418,2,2026-07-24 03:18:22
718,124,4,2026-07-17 07:15:01
718,992,3,2026-08-10 06:43:16
718,140,1,2026-08-10 13:46:30
718,189,2,2026-07-26 10:14:13
719,549,4,2026-07-22 13:37:31
719,397,4,2026-08-13 19:18:26
719,864,4,2026-07-27 08:59:09
719,674,4,2026-08-10 02:06:07
719,278,2,2026-08-07 07:51:37
719,851,5,2026-07-16 23:54:18
719,20,3,2026-08-06 22:21:25
719,48,4,2026-07-26 01:54:06
719,610,4,2026-08-02 09:39:16
719,985,5,2026-07-23 00:26:10
719,990,2,2026-07-30 01:33:20
720,738,2,2026-08-14 18:32:00
720,892,2,2026-08-04 14:02:41
720,567,2,2026-07-25 09:20:45
720,553,5,2026-08-07 09:13:18
720,705,4,2026-07-18 17:02:48
720,223,3,2026-08-14 19:17:45
720,205,3,2026-07-24 02:44:06
720,121,2,2026-07-18 13:46:03
720,174,1,2026-07-28 02:25:01
720,593,2,2026-07-26 23:58:40
720,651,5,2026-07-25 23:58:10
720,847,3,2026-08-01 03:18:58
721,5,3,2026-08-08 20:50:16
721,571,3,2026-08-05 00:41:02
721,220,4,2026-07-29 04:34:39
721,319,3,2026-08-12 23:58:07
721,510,1,2026-08-09 19:52:40
721,517,2,2026-08-06 18:07:03
721,929,3,2026-08-14 13:16:31
721,10,1,2026-07-29 04:00:19
721,723,4,2026-08-09 01:52:50
721,306,4,2026-07-24 21:35:21
721,109,5,2026-08-03 21:12:14
721,811,4,2026-07-18 21:37:43
721,432,2,2026-08-12 13:49:40
721,587,1,2026-08-13 15:38:40
721,685,5,2026-08-08 19:23:20
721,140,3,2026-07-30 12:44:47
721,506,3,2026-08-09 17:28:59
721,381,5,2026-08-13 18:53:30
721,30,2,2026-08-03 09:02:41
721,187,3,2026-08-09 08:23:49
722,611,4,2026-08-13 17:49:27
722,919,4,2026-08-09 08:55:31
722,760,2,2026-08-11 05:15:14
722,348,4,2026-08-07 17:54:07
722,68,1,2026-08-01 18:55:05
722,79,1,2026-07-29 00:48:36
722,148,4,2026-08-06 19:06:40
722,141,2,2026-07-18 13:45:36
722,973,1,2026-08-05 08:02:28
722,506,2,2026-08-07 22:27:05
722,72,2,2026-08-05 23:29:25
722,76,3,2026-07-23 15:24:44
722,869,4,2026-08-13 21:58:41
722,657,2,2026-07-27 22:10:09
722,779,2,2026-07-19 01:25:04
722,372,4,2026-07-19 02:46:25
722,639,2,2026-07-24 08:41:19
723,800,5,2026-08-08 17:22:19
723,674,4,2026-08-01 20:13:15
723,847,1,2026-08-08 09:25:00
723,448,1,2026-08-01 05:50:23
723,769,3,2026-08-09 07:47:50
723,194,5,2026-07-22 22:17:35
723,552,5,2026-07-31 18:45:38
724,976,2,2026-07-21 17:41:10
724,73,3,2026-07-28 04:27:33
724,781,3,2026-07-23 15:35:40
724,211,5,2026-08-04 23:35:04
724,332,5,2026-08-09 23:07:38
724,15,2,2026-08-15 12:15:23
724,540,4,2026-07-18 22:19:31
724,427,3,2026-08-02 09:11:24
725,246,4,2026-07-24 15:46:05
725,965,4,2026-08-04 06:51:08
725,34,2,2026-08-13 21:10:56
725,704,2,2026-07-28 06:09:13
725,233,2,2026-08-07 12:57:51
725,855,3,2026-07-22 16:01:02
725,522,3,2026-07-24 10:23:23
725,86,5,2026-07-27 06:15:00
725,916,4,2026-07-17 18:58:36
725,719,5,2026-07-30 15:13:35
725,678,1,2026-08-07 04:02:01
726,550,1,2026-08-13 07:29:50
726,10,4,2026-07-17 16:58:40
726,629,5,2026-07-18 23:15:49
726,860,2,2026-08-07 20:33:05
726,206,2,2026-07-19 22:21:47
726,215,3,2026-08-06 22:28:43
726,274,3,2026-08-07 11:37:06
726,259,2,2026-07-21 00:50:34
726,695,4,2026-08-02 17:44:11
727,111,3,2026-08-10 21:09:28
727,551,1,2026-07-30 23:17:54
727,80,1,2026-08-13 03:01:32
727,475,2,2026-07-16 21:34:33
727,252,2,2026-07-28 17:03:59
727,291,1,2026-08-06 11:10:59
727,896,5,2026-07-30 07:23:04
727,923,4,2026-08-13 15:52:14
727,28,2,2026-07-26 19:47:24
727,21,5,2026-08-09 12:51:40
727,886,4,2026-08-06 08:53:33
727,273,5,2026-07-24 11:15:06
727,34,5,2026-08-11 21:20:42
727,512,1,2026-07-16 23:05:29
727,137,4,2026-07-17 19:03:40
727,19,4,2026-08-13 20:35:45
727,626,3,2026-07-19 10:03:02
727,323,2,2026-08-12 10:06:56
727,395,5,2026-07-19 11:55:06
728,196,4,2026-07-25 10:47:23
728,536,3,2026-07-16 23:25:15
728,818,4,2026-07-25 22:53:10
728,645,1,2026-07-17 06:44:13
728,901,5,2026-08-05 23:47:59
729,854,3,2026-07-18 09:13:33
729,157,5,2026-07-20 07:53:20
729,300,3,2026-08-04 00:01:27
729,976,2,2026-07-28 17:32:05
729,179,5,2026-07-26 20:12:28
729,964,1,2026-08-01 00:01:06
729,931,1,2026-08-06 12:28:38
729,588,3,2026-07-29 20:13:59
729,468,2,2026-07-18 01:11:58
729,326,5,2026-08-02 03:19:28
729,225,3,2026-08-06 07:35:15
729,56,1,2026-08-03 13:56:49
729,467,3,2026-08-03 07:29:12
730,745,2,2026-07-27 04:26:23
730,954,2,2026-08-12 06:20:43
730,549,4,2026-08-04 22:46:35
730,302,3,2026-08-03 04:24:13
730,21,5,2026-07-17 01:12:46
730,972,3,2026-08-13 10:44:12
730,160,4,2026-07-18 03:33:09
730,535,4,2026-08-13 22:55:08
730,60,2,2026-08-09 23:56:10
730,796,2,2026-08-04 17:54:11
730,579,1,2026-07-27 02:52:11
730,944,3,2026-07-28 04:31:27
730,388,4,2026-08-08 01:43:17
730,632,3,2026-08-06 19:27:58
730,248,1,2026-08-04 16:44:14
731,329,2,2026-07-18 06:56:38
731,366,3,2026-07-28 07:02:47
731,966,2,2026-07-21 20:19:27
731,248,2,2026-08-11 14:10:35
731,101,4,2026-07-20 12:31:29
731,272,2,2026-08-11 06:27:00
731,596,3,2026-07-16 20:02:42
731,413,5,2026-07-24 18:50:34
731,744,4,2026-07-25 00:38:08
731,123,3,2026-08-10 18:11:16
731,307,1,2026-07-22 07:28:46
731,794,4,2026-07-28 21:08:58
731,470,3,2026-08-02 04:19:31
731,30,3,2026-08-11 10:20:10
732,906,5,2026-07-30 22:47:34
732,208,1,2026-07-25 06:10:20
732,790,4,2026-07-21 11:10:52
732,952,4,2026-07-29 13:52:25
732,865,3,2026-07-29 23:03:35
732,489,5,2026-07-27 20:30:02
732,874,1,2026-08-15 09:45:25
732,844,4,2026-07-23 22:54:28
732,300,3,2026-07-24 22:18:23
733,269,3,2026-08-09 01:42:55
733,535,2,2026-07-27 05:42:23
733,338,2,2026-07-19 09:37:13
733,336,5,2026-07-31 09:38:26
733,94,4,2026-07-17 06:57:15
733,643,1,2026-08-15 09:02:23
733,721,5,2026-07-19 11:30:47
733,836,2,2026-07-25 17:55:05
733,478,3,2026-08-03 22:03:16
733,654,1,2026-07-29 13:28:15
733,931,4,2026-07-30 10:19:08
733,202,3,2026-08-14 07:40:17
733,739,5,2026-08-14 15:59:21
733,982,5,2026-08-09 20:50:00
733,55,4,2026-08-12 04:53:34
734,185,4,2026-07-19 02:07:59
734,686,5,2026-07-30 08:49:50
734,118,1,2026-08-15 04:14:48
734,336,4,2026-07-20 05:42:27
734,499,2,2026-07-28 15:15:56
734,163,3,2026-08-01 17:07:06
734,732,3,2026-08-04 23:12:33
734,139,4,2026-08-11 23:10:09
734,697,2,2026-08-07 10:52:33
734,682,5,2026-07-17 14:59:52
734,153,5,2026-08-15 05:48:59
734,829,5,2026-08-09 21:48:37
734,761,4,2026-08-03 19:54:20
734,807,2,2026-08-10 01:31:16
734,68,1,2026-08-14 19:30:06
734,379,4,2026-07-24 10:09:29
734,727,3,2026-08-06 23:55:10
734,263,2,2026-07-25 13:24:41
735,251,5,2026-07-24 20:41:18
735,940,3,2026-07-20 08:12:40
735,210,4,2026-08-09 01:53:52
735,27,2,2026-08-03 10:15:26
735,708,1,2026-08-01 01:57:46
735,593,4,2026-08-03 11:04:26
735,868,3,2026-08-04 08:15:55
735,20,2,2026-07-30 03:30:16
735,896,5,2026-08-03 22:08:28
735,508,5,2026-08-06 09:28:00
735,681,5,2026-07-19 19:45:56
735,869,1,2026-07-28 18:14:55
735,437,5,2026-07-21 17:17:20
735,669,5,2026-08-03 04:00:34
735,366,4,2026-07-18 10:32:58
735,805,3,2026-08-04 19:49:56
735,980,1,2026-07-18 21:08:18
735,785,4,2026-07-19 22:33:11
735,830,3,2026-07-25 07:51:37
735,188,4,2026-07-28 12:31:22
736,698,4,2026-07-30 17:57:51
736,606,5,2026-07-23 16:13:45
736,640,2,2026-07-27 09:03:57
736,613,1,2026-08-12 16:06:55
736,830,1,2026-08-10 05:29:40
736,647,2,2026-08-07 16:54:21
736,556,4,2026-08-07 18:29:18
737,490,2,2026-08-03 22:36:52
737,605,3,2026-08-08 14:49:14
737,537,2,2026-08-03 19:10:22
737,419,1,2026-08-02 03:55:34
737,862,1,2026-07-25 18:22:57
737,931,4,2026-08-12 20:30:15
737,961,1,2026-07-30 22:08:05
737,834,2,2026-08-09 09:53:09
737,906,1,2026-08-04 20:47:52
737,15,5,2026-08-01 14:32:47
737,258,4,2026-07-29 15:46:54
737,301,2,2026-08-01 11:25:27
737,967,1,2026-07-18 21:04:30
737,495,3,2026-08-14 23:15:34
737,161,3,2026-07-26 09:04:58
737,695,3,2026-07-23 23:53:04
737,809,2,2026-07-26 16:15:01
737,397,5,2026-07-18 22:08:44
738,807,5,2026-07-22 02:39:51
738,973,2,2026-07-24 16:53:12
738,915,3,2026-08-01 18:53:50
738,440,2,2026-08-06 07:48:41
738,766,4,2026-07-27 13:38:06
738,414,5,2026-07-25 14:29:06
738,218,1,2026-07-20 08:30:26
738,340,5,2026-08-14 16:38:59
738,718,1,2026-08-07 09:42:57
739,882,5,2026-07-22 14:56:05
739,866,4,2026-07-27 19:18:56
739,751,4,2026-08-14 21:45:21
739,720,1,2026-07-19 16:20:18
739,863,3,2026-08-15 00:58:39
739,334,5,2026-08-15 02:10:22
739,844,5,2026-08-12 18:46:33
739,24,1,2026-08-08 09:11:45
739,318,2,2026-07-25 12:07:35
739,680,5,2026-07-26 00:33:25
739,260,4,2026-07-24 07:02:57
739,717,5,2026-08-02 22:50:04
739,283,1,2026-08-07 15:49:23
739,102,5,2026-07-19 05:39:14
739,443,3,2026-07-24 06:52:35
739,901,4,2026-08-12 20:56:35
739,683,4,2026-07-17 16:33:41
739,772,2,2026-08-01 05:36:54
739,673,1,2026-08-03 23:29:39
740,124,4,2026-07-31 09:17:52
740,442,3,2026-08-09 01:17:08
740,635,2,2026-08-13 08:55:47
740,907,5,2026-08-04 03:29:47
740,761,3,2026-08-01 04:59:36
740,798,4,2026-07-23 11:24:14
740,96,3,2026-07-26 10:45:24
740,79,3,2026-08-10 06:47:26
740,181,4,2026-07-21 04:06:56
740,58,4,2026-07-30 15:42:55
740,566,3,2026-08-05 10:41:21
740,978,3,2026-08-13 06:53:01
740,949,1,2026-07-19 19:38:31
740,393,4,2026-07-29 07:06:09
740,333,4,2026-08-03 03:13:04
740,265,1,2026-07-25 13:22:23
741,168,3,2026-08-14 14:20:19
741,191,2,2026-08-02 20:37:06
741,530,1,2026-08-06 20:04:01
741,228,1,2026-07-21 01:22:44
741,932,5,2026-07-18 21:07:21
741,608,5,2026-08-11 14:32:33
741,800,4,2026-08-08 11:03:41
741,32,3,2026-07-25 21:43:42
741,957,4,2026-08-10 12:49:22
741,866,5,2026-07-17 18:01:25
741,825,2,2026-07-29 03:06:27
741,315,3,2026-07-24 03:04:09
741,393,2,2026-08-04 08:41:18
741,162,3,2026-07-25 23:21:08
742,704,2,2026-07-21 06:49:31
742,13,1,2026-07-29 00:23:01
742,573,3,2026-07-25 10:12:44
742,714,2,2026-07-26 19:34:48
742,743,3,2026-08-04 13:09:05
742,117,1,2026-08-02 09:19:01
742,405,4,2026-08-12 10:33:44
742,638,4,2026-07-24 17:33:12
742,828,5,2026-07-27 11:52:19
743,818,4,2026-08-09 13:40:45
743,43,3,2026-07-16 20:02:22
743,757,3,2026-08-13 15:48:59
743,566,3,2026-08-14 22:52:10
743,599,4,2026-07-21 07:11:52
743,24,4,2026-07-20 03:07:05
743,532,5,2026-08-09 07:53:24
743,847,5,2026-08-10 10:04:30
743,767,1,2026-07-22 08:39:28
743,199,2,2026-08-03 01:20:46
743,347,3,2026-08-07 19:17:29
743,89,1,2026-07-31 03:03:04
743,913,1,2026-07-31 07:14:43
743,129,2,2026-07-30 09:19:51
743,982,5,2026-07-28 15:57:08
743,699,2,2026-08-07 09:46:23
743,431,5,2026-08-05 16:40:15
743,61,5,2026-08-11 11:17:47
744,115,1,2026-08-10 05:14:18
744,318,3,2026-08-11 01:13:09
744,465,1,2026-07-28 12:59:06
744,473,1,2026-07-25 19:22:28
744,667,4,2026-07-18 07:02:46
744,289,2,2026-08-12 01:00:06
744,403,1,2026-08-08 01:38:21
744,502,4,2026-08-08 11:19:48
744,204,3,2026-07-23 03:24:49
744,353,5,2026-08-01 15:37:35
744,740,2,2026-08-08 04:00:20
744,182,1,2026-07-26 18:34:07
744,669,1,2026-07-17 11:29:49
744,799,1,2026-07-25 18:54:18
744,174,5,2026-07-19 06:01:40
744,519,5,2026-08-01 17:42:33
744,657,1,2026-07-20 11:42:19
744,688,1,2026-07-20 09:00:25
745,751,3,2026-07-30 12:13:16
745,233,5,2026-07-20 21:19:03
745,361,4,2026-08-09 21:03:19
745,852,5,2026-08-15 03:29:11
745,807,1,2026-08-11 04:59:59
745,981,3,2026-07-16 22:55:38
745,916,5,2026-08-14 21:26:40
745,684,3,2026-07-23 12:34:31
746,467,3,2026-08-12 21:09:53
746,206,2,2026-08-12 22:03:55
746,740,3,2026-08-14 23:45:31
746,878,2,2026-07-25 03:47:10
746,828,4,2026-07-17 14:52:04
746,26,4,2026-07-22 19:29:13
746,824,3,2026-07-23 10:17:38
747,760,4,2026-08-12 23:05:01
747,875,3,2026-08-09 18:36:09
747,704,3,2026-07-26 05:01:01
747,938,4,2026-07-23 14:35:52
747,72,4,2026-07-27 22:29:41
748,529,4,2026-07-20 14:21:27
748,1000,2,2026-07-31 03:55:34
748,550,2,2026-08-04 11:27:25
748,625,4,2026-07-21 03:20:29
748,843,5,2026-08-13 19:13:48
748,610,3,2026-08-03 04:52:38
748,243,4,2026-08-10 04:13:37
748,902,2,2026-07-23 14:22:49
748,474,2,2026-07-26 11:25:41
748,681,5,2026-08-14 03:24:36
748,228,1,2026-08-12 01:03:28
749,937,1,2026-08-13 20:57:01
749,707,2,2026-08-14 05:49:52
749,154,4,2026-07-17 06:50:12
749,223,1,2026-08-08 20:19:00
749,178,4,2026-08-02 16:49:31
749,731,5,2026-08-05 05:32:34
749,632,2,2026-07-27 04:25:58
749,288,3,2026-07-18 02:28:14
749,70,2,2026-07-27 09:54:23
750,384,2,2026-07-27 03:51:22
750,548,1,2026-08-10 16:55:46
750,255,5,2026-08-03 08:00:11
750,458,5,2026-08-13 08:44:05
750,541,1,2026-08-05 10:07:30
750,83,3,2026-08-09 00:34:33
750,784,2,2026-08-09 17:52:31
750,588,4,2026-08-13 17:48:00
750,572,2,2026-08-09 00:28:14
750,371,3,2026-07-22 03:09:54
750,205,4,2026-07-20 12:10:00
750,107,1,2026-08-06 10:00:12
750,140,4,2026-08-09 08:57:31
750,21,5,2026-07-18 07:25:41
750,115,1,2026-07-27 20:14:23
751,484,3,2026-07-26 15:21:06
751,500,4,2026-08-12 06:58:03
751,216,5,2026-08-08 14:47:06
751,309,1,2026-08-15 00:26:13
751,889,4,2026-08-06 06:11:56
751,820,3,2026-08-11 18:20:20
751,139,2,2026-07-23 16:25:33
751,483,4,2026-07-24 05:52:01
751,184,3,2026-07-31 22:06:13
751,30,1,2026-07-26 04:18:31
751,687,2,2026-07-25 07:15:20
751,91,5,2026-08-01 22:02:23
751,85,4,2026-08-03 21:42:10
751,628,3,2026-07-20 12:04:18
752,254,2,2026-07-30 23:17:08
752,760,4,2026-07-27 13:33:33
752,647,4,2026-07-17 07:19:06
752,50,1,2026-08-13 15:32:47
752,923,2,2026-08-10 15:17:01
752,496,4,2026-07-22 07:16:14
752,678,4,2026-07-22 19:55:12
752,122,1,2026-08-02 18:36:05
752,663,1,2026-07-21 15:19:51
752,92,4,2026-08-02 00:12:21
752,38,1,2026-08-06 00:38:44
752,350,1,2026-08-08 15:56:36
752,395,1,2026-07-20 18:20:50
752,555,4,2026-08-10 19:32:27
752,218,3,2026-08-14 20:22:37
753,748,5,2026-08-08 17:05:46
753,226,5,2026-07-25 14:29:48
753,857,2,2026-07-24 05:37:58
753,108,5,2026-08-06 20:30:14
753,224,3,2026-08-08 13:43:38
753,741,4,2026-07-30 23:35:32
753,203,4,2026-08-05 18:11:20
753,498,2,2026-07-27 07:32:33
753,81,1,2026-08-08 18:53:32
753,200,5,2026-08-08 15:05:54
753,701,4,2026-07-31 01:04:41
754,822,5,2026-08-01 01:54:37
754,388,5,2026-07-25 06:45:56
754,179,4,2026-07-16 22:36:21
754,738,5,2026-08-01 00:38:19
754,718,1,2026-07-17 06:42:15
754,611,5,2026-07-21 19:47:09
754,622,3,2026-08-15 06:19:53
754,212,4,2026-07-16 20:57:32
754,255,2,2026-07-19 16:06:31
754,859,1,2026-08-05 05:23:24
754,460,4,2026-07-21 23:26:07
754,209,4,2026-07-22 16:58:03
754,986,5,2026-07-20 20:11:05
754,613,5,2026-07-26 14:18:11
755,480,5,2026-08-14 05:59:31
755,229,3,2026-08-10 23:40:48
755,407,1,2026-07-23 22:54:18
755,37,4,2026-07-24 13:47:40
755,268,2,2026-07-26 07:32:25
755,534,5,2026-07-29 17:38:05
755,731,3,2026-07-17 07:39:59
755,579,2,2026-07-30 18:09:11
755,126,4,2026-07-22 05:50:49
755,569,4,2026-08-12 12:13:03
755,788,5,2026-07-29 00:01:04
755,841,5,2026-07-19 15:28:08
756,691,4,2026-08-09 19:51:34
756,86,2,2026-07-23 21:44:00
756,668,2,2026-08-09 06:33:21
756,207,5,2026-08-08 13:13:22
756,650,4,2026-07-31 15:25:00
756,878,4,2026-07-27 08:04:10
756,423,4,2026-07-22 05:20:15
756,505,2,2026-08-02 00:38:51
756,885,5,2026-07-27 08:57:53
756,348,4,2026-07-31 01:15:12
756,704,3,2026-08-05 19:24:23
756,469,4,2026-07-27 08:59:22
756,500,5,2026-08-06 04:00:16
756,206,5,2026-08-01 03:50:13
756,90,5,2026-07-28 07:27:30
756,135,2,2026-08-09 06:26:44
756,275,4,2026-07-16 16:20:55
757,877,5,2026-08-07 06:55:06
757,875,3,2026-07-31 22:13:13
757,117,4,2026-07-23 05:29:22
757,828,2,2026-07-18 21:49:08
757,537,5,2026-08-03 02:31:44
757,120,4,2026-07-29 10:54:48
757,891,1,2026-07-25 00:40:01
757,376,4,2026-08-13 00:56:10
757,185,5,2026-08-10 21:15:12
757,416,5,2026-07-21 23:27:19
757,621,4,2026-08-14 17:29:45
757,802,3,2026-08-09 09:21:16
757,42,4,2026-08-13 18:45:32
757,21,5,2026-07-23 17:14:33
757,573,2,2026-08-13 04:42:14
757,232,2,2026-08-12 19:16:17
757,783,4,2026-07-17 02:52:52
757,549,4,2026-08-12 12:03:25
758,943,2,2026-07-25 09:22:27
758,290,3,2026-08-10 07:19:07
758,428,5,2026-07-26 13:12:39
758,724,3,2026-08-11 18:58:53
758,218,1,2026-08-15 04:10:02
758,36,4,2026-07-30 00:40:27
758,870,5,2026-08-02 21:05:46
758,923,4,2026-08-13 09:21:35
758,617,5,2026-07-30 01:46:53
758,722,2,2026-07-29 19:59:54
758,718,2,2026-07-21 14:32:13
758,894,5,2026-07-26 01:22:11
758,775,3,2026-08-03 11:17:43
758,101,1,2026-08-12 13:54:18
758,466,5,2026-08-01 06:16:51
758,174,3,2026-07-25 19:06:29
758,281,4,2026-07-21 17:26:56
758,414,4,2026-08-03 20:52:15
758,548,5,2026-07-30 00:49:33
758,347,2,2026-08-12 16:00:42
759,936,2,2026-07-22 00:38:55
759,999,3,2026-07-18 08:53:16
759,252,4,2026-07-31 16:02:21
759,235,2,2026-07-19 08:50:03
759,713,3,2026-07-30 19:15:45
760,921,2,2026-08-01 09:27:52
760,796,4,2026-07-27 06:01:33
760,6,2,2026-07-31 04:44:42
760,616,5,2026-08-02 08:14:03
760,163,3,2026-07-17 16:41:31
760,405,2,2026-07-20 02:56:16
760,347,1,2026-08-12 00:20:53
760,948,5,2026-07-27 17:18:31
760,503,2,2026-07-24 12:24:23
760,23,1,2026-07-25 18:40:18
760,778,3,2026-08-05 18:07:30
760,551,3,2026-07-18 00:47:24
760,297,3,2026-08-14 00:39:59
760,538,4,2026-08-08 11:48:08
760,845,2,2026-07-17 17:26:14
761,757,4,2026-08-11 17:23:41
761,951,2,2026-08-15 06:38:19
761,541,1,2026-07-19 05:45:19
761,560,5,2026-07-24 21:12:15
761,730,1,2026-08-03 03:14:01
762,79,1,2026-07-30 23:04:47
762,494,2,2026-08-06 09:30:05
762,881,2,2026-07-17 11:27:18
762,627,5,2026-07-21 02:27:04
762,568,4,2026-07-17 16:18:47
762,741,2,2026-08-01 09:19:03
763,572,2,2026-07-30 23:42:20
763,63,4,2026-08-01 22:00:38
763,700,1,2026-07-24 15:56:25
763,838,3,2026-07-29 15:06:46
763,428,2,2026-07-22 02:14:47
763,464,2,2026-07-31 14:26:15
763,166,2,2026-07-17 09:34:14
763,32,1,2026-07-30 23:16:15
763,672,2,2026-08-03 14:40:22
763,446,1,2026-07-27 03:09:35
763,61,5,2026-08-07 12:36:43
763,291,5,2026-07-30 22:42:25
763,334,4,2026-08-09 00:35:07
763,81,1,2026-07-20 02:22:35
763,266,2,2026-07-26 05:44:12
763,780,2,2026-07-27 02:12:44
764,236,2,2026-08-01 04:12:12
764,821,4,2026-07-27 12:09:46
764,467,4,2026-07-26 08:37:51
764,506,3,2026-07-29 09:15:51
764,972,2,2026-07-17 18:37:27
764,544,3,2026-07-22 08:00:11
764,755,2,2026-07-30 22:16:10
764,345,3,2026-08-04 13:31:04
764,955,2,2026-08-04 00:53:23
764,847,1,2026-07-28 11:34:53
764,432,4,2026-08-05 05:37:42
764,204,1,2026-08-10 09:44:24
764,624,3,2026-07-26 17:49:57
764,867,1,2026-08-11 09:16:38
764,223,3,2026-08-11 02:17:13
764,268,3,2026-08-08 06:55:18
764,783,1,2026-07-19 18:21:44
764,835,3,2026-07-25 10:14:50
764,766,2,2026-08-02 16:09:06
764,504,4,2026-07-19 18:48:13
765,83,3,2026-08-02 12:37:09
765,817,3,2026-07-29 23:02:12
765,70,3,2026-08-11 15:44:42
765,925,2,2026-07-28 23:04:42
765,102,4,2026-08-08 00:41:54
765,978,1,2026-07-17 15:48:10
765,429,2,2026-07-29 12:39:12
765,715,1,2026-08-08 01:18:47
765,120,2,2026-08-01 12:10:02
766,544,1,2026-07-22 10:03:38
766,58,4,2026-08-03 20:57:43
766,107,4,2026-08-15 12:31:17
766,416,4,2026-08-06 01:53:28
766,79,4,2026-08-03 07:17:22
766,636,5,2026-08-04 02:11:55
766,358,2,2026-08-11 02:07:14
766,449,2,2026-08-03 06:21:30
766,628,1,2026-08-13 20:57:11
766,327,1,2026-07-30 11:51:33
766,104,3,2026-07-28 03:55:50
766,381,2,2026-08-01 05:18:30
766,465,5,2026-08-03 10:31:30
766,455,5,2026-08-11 11:07:50
766,701,4,2026-08-05 12:56:30
767,146,2,2026-07-21 20:10:08
767,999,5,2026-08-08 15:49:00
767,844,3,2026-08-11 15:59:41
767,582,5,2026-07-27 00:24:02
767,96,1,2026-07-19 19:55:15
767,973,3,2026-07-19 17:27:35
767,260,2,2026-07-20 11:00:28
767,500,3,2026-07-18 14:42:49
767,906,4,2026-08-15 14:46:15
767,258,3,2026-07-29 17:30:20
767,812,5,2026-07-31 13:22:27
767,12,2,2026-07-30 04:01:48
767,406,3,2026-08-04 21:58:38
767,287,2,2026-08-08 15:03:11
767,880,5,2026-08-04 09:42:15
767,903,5,2026-07-22 16:29:06
767,209,1,2026-07-30 04:49:53
767,803,4,2026-08-04 15:01:44
767,789,4,2026-07-25 22:32:58
767,992,4,2026-07-20 19:43:52
768,327,2,2026-07-26 09:01:48
768,753,4,2026-07-27 08:59:52
768,708,4,2026-08-02 19:03:16
768,491,5,2026-07-27 05:18:48
768,835,2,2026-08-15 04:10:17
768,574,1,2026-08-06 21:03:49
768,127,1,2026-08-12 03:18:37
768,598,2,2026-07-19 01:01:39
768,642,4,2026-07-30 23:58:40
768,653,1,2026-07-27 19:03:21
768,307,5,2026-08-04 01:59:02
768,194,4,2026-07-21 03:08:58
768,787,5,2026-08-15 07:50:58
768,31,4,2026-08-12 03:40:39
768,15,1,2026-07-20 05:31:52
768,478,3,2026-07-24 06:15:56
768,351,4,2026-07-18 01:15:56
768,970,5,2026-08-06 18:04:54
768,706,5,2026-08-10 20:15:21
768,1000,3,2026-07-30 08:22:33
769,587,5,2026-08-10 03:52:53
769,461,3,2026-08-01 04:09:04
769,377,4,2026-07-17 14:13:45
769,579,4,2026-07-30 21:33:28
769,552,5,2026-07-22 23:49:36
769,882,2,2026-08-02 14:48:15
770,818,3,2026-07-27 18:17:27
770,295,4,2026-07-17 05:02:43
770,494,1,2026-07-25 00:46:46
770,199,5,2026-07-17 19:15:33
770,249,2,2026-07-17 21:55:41
770,992,4,2026-08-09 10:47:32
770,13,3,2026-08-10 08:04:54
771,626,2,2026-08-10 08:41:33
771,674,1,2026-07-30 11:41:28
771,374,1,2026-08-12 07:36:50
771,861,4,2026-07-26 12:49:18
771,237,5,2026-08-09 21:43:48
771,342,5,2026-08-12 10:07:30
771,795,3,2026-07-26 12:23:51
771,295,4,2026-07-24 14:20:32
771,724,4,2026-08-02 12:07:17
771,750,2,2026-08-03 17:49:28
771,472,3,2026-07-25 16:21:04
771,753,1,2026-08-12 05:52:28
771,717,5,2026-08-12 00:03:57
771,263,3,2026-08-09 18:40:00
771,799,1,2026-08-13 05:04:55
771,627,2,2026-07-19 00:25:18
771,539,2,2026-07-18 06:41:06
772,779,5,2026-08-02 18:32:01
772,364,1,2026-08-12 11:30:32
772,687,2,2026-07-31 00:06:21
772,474,3,2026-08-10 04:58:33
772,10,3,2026-07-22 00:59:45
772,860,4,2026-08-04 15:02:39
772,832,3,2026-08-13 11:27:37
772,43,3,2026-07-22 17:38:17
772,996,3,2026-07-29 09:48:02
772,992,1,2026-07-19 10:59:59
772,825,4,2026-08-03 23:38:23
772,456,5,2026-07-18 18:01:47
772,665,4,2026-07-18 12:40:25
772,778,3,2026-07-29 09:42:17
772,543,1,2026-08-03 07:57:16
773,730,5,2026-07-27 16:50:48
773,805,1,2026-07-23 06:33:45
773,536,2,2026-07-21 00:05:21
773,34,4,2026-08-07 01:55:56
773,436,3,2026-08-07 23:27:03
773,632,2,2026-07-27 19:52:29
773,452,4,2026-08-04 08:36:09
773,719,2,2026-07-22 05:13:53
773,891,3,2026-08-13 08:59:55
773,94,5,2026-08-10 08:28:56
773,994,3,2026-07-20 18:59:41
773,986,1,2026-07-21 10:32:29
773,331,3,2026-08-10 02:19:10
773,618,1,2026-08-05 08:06:33
773,457,2,2026-08-09 12:49:14
773,764,3,2026-07-24 17:32:55
773,212,5,2026-07-29 18:42:54
774,542,1,2026-07-23 12:25:40
774,85,2,2026-08-15 02:35:41
774,434,5,2026-08-07 03:28:31
774,402,4,2026-08-10 15:50:41
774,321,4,2026-08-14 00:38:06
774,454,3,2026-07-20 13:03:18
774,697,2,2026-08-05 22:43:45
774,971,4,2026-08-15 00:21:55
774,433,3,2026-08-04 04:19:52
775,872,3,2026-08-09 03:48:31
775,382,3,2026-08-08 03:00:31
775,981,4,2026-08-04 15:51:35
775,995,2,2026-08-01 23:48:02
775,502,1,2026-07-17 12:00:49
775,344,3,2026-07-31 03:54:14
775,980,5,2026-08-07 15:41:22
775,402,4,2026-08-11 05:49:16
775,291,5,2026-07-24 03:39:43
775,668,3,2026-07-31 12:59:02
775,381,1,2026-08-15 03:47:42
775,811,5,2026-07-30 01:29:46
775,626,2,2026-07-23 18:59:10
775,508,1,2026-07-30 13:21:14
775,215,3,2026-07-22 08:46:13
775,212,3,2026-07-20 06:31:31
775,104,1,2026-07-23 20:53:15
775,998,5,2026-07-26 10:43:10
775,262,2,2026-07-17 00:02:22
775,338,1,2026-08-14 06:17:33
776,581,2,2026-08-01 10:16:04
776,793,5,2026-07-31 19:07:49
776,557,5,2026-07-18 02:15:52
776,850,2,2026-07-16 23:03:23
776,872,2,2026-07-25 12:58:40
776,453,4,2026-07-22 22:01:12
776,976,1,2026-08-03 03:22:58
776,956,3,2026-07-22 10:28:59
777,639,4,2026-08-12 12:11:57
777,532,1,2026-08-03 15:51:07
777,605,3,2026-07-24 00:32:25
777,844,3,2026-07-28 01:59:05
777,607,5,2026-08-04 15:59:15
777,878,2,2026-07-19 22:25:49
777,516,5,2026-07-28 21:47:23
777,987,3,2026-07-28 22:14:16
777,827,2,2026-07-31 22:43:36
777,302,2,2026-08-08 06:47:56
777,230,3,2026-08-10 21:11:45
777,859,3,2026-07-23 13:56:24
777,609,3,2026-07-20 13:00:23
777,507,2,2026-08-12 11:09:16
777,575,2,2026-08-02 05:55:25
777,743,3,2026-08-02 03:13:03
777,276,3,2026-07-23 17:15:38
777,358,3,2026-07-28 06:01:57
778,327,1,2026-07-20 03:29:23
778,25,2,2026-08-02 20:57:36
778,387,5,2026-08-04 03:18:57
778,975,5,2026-08-09 11:57:42
778,96,5,2026-07-20 15:33:34
778,297,2,2026-07-22 02:40:13
778,990,1,2026-07-27 04:46:26
778,345,5,2026-07-30 12:45:59
779,400,1,2026-07-28 00:42:13
779,268,3,2026-08-07 18:10:13
779,814,5,2026-08-05 09:34:20
779,165,4,2026-07-30 18:33:29
779,586,4,2026-07-27 08:51:51
779,181,3,2026-07-26 23:22:29
779,324,3,2026-07-26 13:58:17
779,77,3,2026-07-30 11:58:55
779,138,4,2026-08-09 06:33:45
779,174,1,2026-08-03 19:48:56
779,635,4,2026-07-23 22:11:19
779,168,3,2026-08-08 01:20:53
779,191,1,2026-07-22 16:22:08
780,995,4,2026-07-31 04:25:55
780,136,1,2026-08-11 04:14:33
780,347,5,2026-07-31 11:38:48
780,257,5,2026-08-07 22:59:35
780,643,3,2026-07-20 05:54:36
780,757,4,2026-08-06 05:18:14
780,366,3,2026-07-19 14:24:01
780,876,1,2026-07-18 15:33:37
780,219,3,2026-07-20 14:54:51
780,429,4,2026-07-29 13:19:36
780,117,5,2026-07-21 02:48:20
780,385,5,2026-07-27 19:26:57
781,959,5,2026-08-03 21:23:53
781,841,5,2026-08-03 11:12:57
781,888,4,2026-07-24 14:38:08
781,656,1,2026-07-22 07:39:10
781,536,1,2026-07-28 04:10:52
781,425,2,2026-07-22 08:38:28
781,406,5,2026-07-22 19:32:33
781,708,1,2026-08-02 12:00:31
782,461,4,2026-07-20 02:15:45
782,510,3,2026-08-12 03:38:17
782,945,1,2026-08-11 14:10:59
782,669,2,2026-07-24 05:07:45
782,795,4,2026-07-19 03:35:58
782,525,2,2026-08-04 16:57:12
782,481,3,2026-08-15 13:28:40
782,214,1,2026-07-17 20:42:25
782,431,2,2026-08-11 18:01:10
782,218,3,2026-07-23 11:21:38
782,724,2,2026-07-27 03:22:20
782,46,1,2026-07-19 11:11:56
782,535,2,2026-07-17 06:19:53
782,741,5,2026-07-19 12:28:26
782,882,5,2026-08-09 20:17:55
782,141,5,2026-08-11 14:55:58
782,311,5,2026-08-10 14:45:14
782,742,1,2026-08-12 07:31:28
782,501,3,2026-07-27 12:58:42
783,635,3,2026-08-06 10:11:51
783,776,5,2026-07-25 16:20:29
783,200,4,2026-07-22 12:21:06
783,288,2,2026-07-22 03:43:03
783,831,4,2026-08-08 15:50:31
783,577,2,2026-08-06 02:25:22
783,825,1,2026-08-08 10:12:16
783,393,5,2026-08-02 10:57:24
783,898,1,2026-07-26 16:59:17
783,500,5,2026-08-09 09:40:33
783,460,2,2026-08-06 01:46:06
783,523,5,2026-08-01 10:23:31
783,309,4,2026-08-05 21:37:58
783,33,5,2026-08-13 19:47:45
783,110,4,2026-08-10 21:16:12
783,584,3,2026-07-26 21:25:52
784,992,4,2026-07-21 13:38:22
784,670,1,2026-08-14 12:53:48
784,281,4,2026-07-24 05:11:56
784,322,5,2026-07-20 07:44:34
784,105,5,2026-08-13 10:42:05
784,462,3,2026-08-01 04:24:33
784,210,3,2026-07-28 15:45:34
784,839,5,2026-08-04 15:35:06
784,191,2,2026-08-05 23:02:47
784,663,1,2026-07-24 03:22:40
784,102,1,2026-08-10 18:35:34
784,266,1,2026-08-06 05:25:01
784,962,3,2026-07-23 08:06:25
784,904,3,2026-07-20 10:36:46
785,187,3,2026-08-02 03:57:39
785,902,5,2026-08-15 13:47:30
785,235,1,2026-07-18 18:41:52
785,547,2,2026-08-06 14:48:46
785,620,1,2026-08-08 19:55:05
785,571,5,2026-07-22 22:15:22
785,353,2,2026-07-20 13:26:03
785,556,5,2026-08-07 21:09:03
785,788,4,2026-08-05 04:22:28
785,362,3,2026-07-23 13:55:26
785,295,1,2026-07-20 08:52:26
785,149,2,2026-08-15 09:14:48
785,389,2,2026-08-15 02:00:06
785,936,5,2026-07-31 07:27:40
786,763,5,2026-08-01 15:19:11
786,466,3,2026-07-25 12:34:10
786,332,2,2026-07-21 02:24:03
786,847,4,2026-08-13 16:55:26
786,266,2,2026-07-30 03:26:32
786,816,5,2026-07-23 00:56:45
786,277,3,2026-08-04 18:48:54
787,790,1,2026-07-24 18:23:30
787,493,1,2026-08-14 04:02:08
787,622,1,2026-07-26 12:01:16
787,675,3,2026-07-27 08:34:54
787,545,5,2026-08-03 22:42:31
788,770,5,2026-08-11 13:07:54
788,121,5,2026-08-15 01:23:27
788,423,2,2026-07-23 17:54:40
788,320,3,2026-07-28 19:28:26
788,101,1,2026-08-05 16:22:59
789,604,2,2026-07-17 01:22:16
789,718,3,2026-08-11 22:47:28
789,755,3,2026-07-17 22:08:35
789,552,2,2026-07-26 10:19:04
789,255,3,2026-08-14 20:44:49
789,819,1,2026-07-16 23:30:25
789,402,4,2026-08-01 08:08:08
789,539,1,2026-08-11 00:46:05
789,835,4,2026-07-17 20:02:53
789,277,5,2026-08-10 01:09:09
789,315,2,2026-08-01 09:34:43
789,740,2,2026-07-22 06:28:48
789,162,4,2026-08-07 02:13:42
789,42,4,2026-08-07 15:21:22
789,257,4,2026-07-17 19:09:51
790,511,2,2026-07-31 13:13:12
790,403,1,2026-08-10 16:43:24
790,246,5,2026-08-11 09:15:32
790,582,1,2026-08-01 14:25:21
790,39,3,2026-08-02 10:46:57
790,658,3,2026-08-04 05:20:17
790,695,2,2026-08-04 01:24:55
790,749,1,2026-08-05 00:37:36
790,46,4,2026-08-06 10:36:00
790,133,3,2026-07-29 00:24:49
790,467,5,2026-08-09 21:23:48
790,447,3,2026-07-24 04:07:40
790,682,5,2026-07-31 03:11:37
790,911,3,2026-07-21 13:06:46
790,146,3,2026-07-29 08:42:36
790,193,2,2026-08-09 13:29:45
791,993,4,2026-08-10 21:57:11
791,826,3,2026-07-26 06:44:16
791,741,3,2026-07-20 04:45:56
791,627,1,2026-07-25 02:17:30
791,146,3,2026-07-29 08:40:27
791,880,5,2026-08-08 15:33:52
791,751,2,2026-08-13 00:57:21
791,699,1,2026-07-23 03:01:11
791,498,2,2026-07-29 00:05:15
791,289,3,2026-07-19 07:02:33
791,630,3,2026-08-02 03:57:20
791,219,5,2026-08-08 09:59:20
791,271,4,2026-07-25 20:34:57
791,42,2,2026-08-04 07:49:00
791,724,4,2026-07-20 19:13:30
792,115,5,2026-08-09 03:41:14
792,475,2,2026-07-24 10:06:59
792,538,4,2026-07-18 04:28:37
792,852,4,2026-07-20 08:53:32
792,145,2,2026-07-24 04:30:09
793,66,5,2026-07-27 17:30:24
793,339,2,2026-08-10 02:48:19
793,699,4,2026-07-24 11:33:10
793,509,3,2026-07-23 10:35:14
793,555,3,2026-07-30 11:40:03
793,719,4,2026-07-24 10:31:09
793,229,2,2026-08-14 05:56:45
793,248,1,2026-07-27 13:48:05
793,995,2,2026-08-04 03:32:48
793,642,1,2026-08-10 10:56:48
793,352,1,2026-07-29 11:05:28
793,297,3,2026-08-05 12:54:49
793,196,2,2026-08-02 14:15:58
794,718,1,2026-07-31 13:49:42
794,141,2,2026-07-20 00:13:15
794,800,3,2026-07-20 12:57:55
794,895,3,2026-08-05 11:10:17
794,564,2,2026-07-25 22:23:47
794,488,3,2026-07-29 05:28:22
794,964,2,2026-08-01 20:52:51
794,960,5,2026-07-30 13:23:54
794,569,2,2026-08-09 07:00:05
794,677,5,2026-07-23 03:21:57
794,566,3,2026-07-19 12:10:49
794,584,5,2026-08-09 21:57:31
794,463,5,2026-07-24 15:08:05
794,684,3,2026-07-21 14:04:37
794,469,5,2026-07-25 14:31:40
794,530,2,2026-08-07 19:07:28
794,868,3,2026-08-01 10:59:44
795,159,3,2026-07-24 01:24:01
795,718,3,2026-07-30 08:57:25
795,933,1,2026-07-25 03:00:46
795,489,3,2026-08-09 14:25:31
795,39,1,2026-07-18 23:44:15
795,588,4,2026-07-26 23:12:59
795,601,4,2026-08-13 17:58:19
795,96,1,2026-07-17 08:51:47
795,762,5,2026-08-10 07:04:38
795,158,4,2026-08-09 00:47:47
796,726,3,2026-07-25 17:54:24
796,107,3,2026-07-17 05:32:53
796,693,2,2026-08-06 04:10:45
796,552,4,2026-07-23 03:42:38
796,277,4,2026-07-16 16:05:33
796,429,1,2026-08-02 06:39:09
796,30,4,2026-08-13 13:40:21
796,544,5,2026-07-20 18:48:25
796,583,5,2026-08-08 03:43:36
796,759,5,2026-08-12 07:05:37
796,789,5,2026-08-10 08:37:31
796,841,1,2026-07-25 04:04:52
797,176,3,2026-08-06 16:04:39
797,886,3,2026-07-18 17:51:12
797,942,5,2026-07-17 07:53:27
797,665,3,2026-07-20 06:12:42
797,129,3,2026-08-03 06:59:52
797,419,3,2026-07-31 04:32:22
797,622,5,2026-07-20 01:58:05
797,907,5,2026-08-01 22:26:10
797,428,2,2026-07-19 15:42:44
797,334,5,2026-08-11 23:53:22
797,897,1,2026-08-10 18:24:50
797,974,4,2026-08-07 02:43:01
797,857,3,2026-07-18 21:20:34
797,509,1,2026-07-19 10:44:56
797,677,5,2026-07-24 07:46:34
797,322,3,2026-08-10 21:03:18
797,727,2,2026-07-21 03:03:34
797,416,4,2026-08-04 16:18:48
797,811,1,2026-07-21 10:17:15
797,560,4,2026-08-04 04:12:40
798,714,4,2026-08-07 17:30:39
798,724,3,2026-07-21 19:25:00
798,884,4,2026-07-22 22:34:30
798,106,5,2026-08-07 18:43:14
798,138,1,2026-07-29 09:24:24
798,128,5,2026-08-15 11:24:42
798,666,3,2026-08-01 21:44:43
798,940,5,2026-08-10 09:40:04
798,613,4,2026-08-07 13:07:04
798,386,4,2026-08-13 14:12:50
798,417,2,2026-08-06 04:08:03
798,389,3,2026-07-26 15:45:06
798,764,2,2026-08-15 02:51:40
798,765,3,2026-08-11 19:12:36
798,586,5,2026-08-11 23:41:50
799,679,5,2026-08-05 03:12:34
799,967,2,2026-08-01 18:53:32
799,874,2,2026-07-27 09:46:26
799,377,5,2026-08-13 23:07:49
799,749,2,2026-08-07 14:19:16
799,26,4,2026-07-21 18:40:47
799,393,1,2026-07-29 16:47:05
799,9,2,2026-07-22 04:42:38
799,947,1,2026-08-07 01:43:11
800,93,4,2026-07-25 04:01:15
800,557,4,2026-07-23 03:43:27
800,372,2,2026-08-01 06:40:08
800,14,3,2026-08-15 00:29:27
800,840,5,2026-07-22 00:31:36
800,186,3,2026-08-07 11:59:24
800,488,2,2026-07-22 13:44:18
800,719,1,2026-07-26 08:21:48
800,47,4,2026-07-17 14:28:34
800,723,5,2026-07-17 19:36:55
800,880,5,2026-08-14 02:10:57
800,68,3,2026-07-28 11:38:26
800,441,5,2026-08-14 15:32:13
800,583,5,2026-07-25 08:26:29
800,638,1,2026-07-28 14:28:54
800,302,4,2026-07-31 06:55:05
800,379,2,2026-07-27 07:20:55
800,661,4,2026-08-07 07:28:57
800,513,4,2026-08-05 02:24:12
801,576,2,2026-07-27 23:41:51
801,917,4,2026-08-15 12:27:12
801,366,1,2026-08-07 12:08:44
801,974,4,2026-07-18 19:20:20
801,149,1,2026-08-05 14:47:48
801,204,4,2026-08-11 08:41:34
801,670,1,2026-07-31 06:29:49
801,28,3,2026-08-05 09:37:56
801,117,4,2026-07-28 20:25:51
801,433,2,2026-07-20 12:22:33
801,68,5,2026-07-25 16:01:33
801,384,2,2026-07-20 16:53:27
801,930,2,2026-07-21 01:56:22
801,605,4,2026-08-10 02:02:18
801,834,2,2026-07-31 14:44:43
801,872,3,2026-08-13 23:13:05
801,609,1,2026-07-29 00:59:55
801,439,3,2026-08-05 12:32:41
802,703,3,2026-08-04 03:04:51
802,637,2,2026-07-29 05:04:30
802,760,3,2026-08-12 16:50:17
802,500,1,2026-07-27 09:44:44
802,679,2,2026-08-05 01:40:02
802,566,5,2026-08-15 02:07:36
802,942,3,2026-08-07 20:41:53
802,972,2,2026-07-24 01:12:07
802,133,3,2026-07-19 16:33:38
802,280,2,2026-08-11 22:24:13
802,778,3,2026-07-19 02:39:26
802,817,5,2026-08-11 02:46:57
802,494,5,2026-07-21 23:10:04
802,58,2,2026-08-14 19:53:46
802,461,3,2026-08-01 08:01:13
802,611,1,2026-08-05 12:02:32
802,911,2,2026-08-04 11:29:25
802,121,2,2026-08-13 10:58:30
803,581,2,2026-08-02 16:15:10
803,536,1,2026-08-04 13:20:49
803,881,5,2026-07-21 23:35:19
803,167,3,2026-07-23 18:47:28
803,18,4,2026-08-12 07:02:23
803,926,1,2026-07-26 05:04:52
803,621,2,2026-07-26 16:10:51
803,714,2,2026-07-21 01:52:57
803,913,4,2026-08-12 03:54:37
803,701,1,2026-08-13 16:37:45
803,759,2,2026-07-19 01:22:13
803,978,3,2026-07-30 02:12:40
804,349,3,2026-07-22 02:40:39
804,186,4,2026-08-03 21:51:56
804,608,5,2026-07-19 00:02:49
804,312,3,2026-07-27 20:10:56
804,906,1,2026-08-04 18:23:20
804,640,3,2026-08-09 23:36:43
804,384,3,2026-07-18 12:35:58
804,201,4,2026-08-03 05:21:18
804,973,5,2026-07-19 03:07:04
804,589,4,2026-08-06 23:15:42
804,332,5,2026-07-26 15:50:41
805,995,4,2026-07-30 17:22:41
805,592,4,2026-08-10 03:22:14
805,197,5,2026-08-06 04:36:06
805,970,4,2026-07-24 01:49:21
805,935,1,2026-08-14 08:24:34
805,405,4,2026-08-13 21:56:54
805,889,3,2026-08-14 01:48:09
805,111,5,2026-07-31 05:29:34
805,868,2,2026-07-27 17:05:46
805,236,5,2026-08-13 02:21:53
805,775,5,2026-08-04 23:47:41
805,168,2,2026-08-14 10:27:54
805,968,1,2026-08-07 15:03:54
806,220,1,2026-07-28 07:01:02
806,630,5,2026-08-09 20:04:39
806,267,1,2026-08-06 12:26:03
806,418,2,2026-08-03 03:48:30
806,374,1,2026-08-10 22:10:19
806,760,5,2026-07-28 11:38:26
806,667,3,2026-07-29 01:53:42
806,563,2,2026-08-02 21:01:25
806,803,4,2026-07-27 21:17:27
806,911,4,2026-07-27 16:05:40
806,874,3,2026-08-03 00:03:22
806,845,2,2026-07-28 10:59:24
806,506,1,2026-08-06 06:11:49
807,765,1,2026-08-10 14:40:57
807,830,1,2026-07-26 21:56:27
807,763,2,2026-07-25 13:06:56
807,807,5,2026-08-15 04:54:09
807,628,3,2026-07-27 03:12:39
807,805,3,2026-07-30 22:20:21
807,535,2,2026-07-19 02:30:47
807,368,2,2026-07-16 20:51:19
807,587,3,2026-07-27 15:09:54
807,500,4,2026-08-07 09:37:08
807,919,1,2026-08-03 19:55:45
807,888,3,2026-07-20 16:14:18
808,757,5,2026-08-07 03:40:59
808,26,4,2026-07-22 22:43:58
808,468,5,2026-08-02 20:07:44
808,505,4,2026-07-19 06:06:29
808,169,2,2026-07-27 01:40:19
808,920,1,2026-07-30 23:28:30
809,360,4,2026-08-13 00:10:47
809,142,1,2026-07-24 15:18:33
809,391,5,2026-07-25 22:05:03
809,126,2,2026-08-06 20:34:37
809,679,2,2026-07-17 21:17:15
809,719,1,2026-08-10 07:54:53
809,822,2,2026-08-01 12:07:29
810,92,2,2026-08-10 18:16:08
810,135,1,2026-07-28 04:24:46
810,585,5,2026-08-07 19:02:06
810,994,5,2026-08-15 03:48:31
810,498,3,2026-08-02 13:10:18
810,327,2,2026-07-24 20:44:31
810,177,5,2026-07-22 11:22:14
810,638,4,2026-07-26 23:56:55
810,405,4,2026-07-24 19:29:13
810,74,1,2026-07-24 18:49:38
810,246,1,2026-07-28 04:59:02
810,832,2,2026-07-26 15:24:11
810,481,1,2026-08-02 20:47:48
811,749,4,2026-08-02 16:27:50
811,308,1,2026-08-11 23:19:06
811,772,2,2026-08-09 09:03:33
811,133,1,2026-08-11 12:23:34
811,427,1,2026-08-01 17:21:51
811,986,4,2026-08-11 19:13:39
811,402,2,2026-08-05 06:41:10
811,157,5,2026-08-03 09:06:05
811,820,4,2026-07-25 22:07:31
811,496,5,2026-08-14 08:10:35
811,690,2,2026-08-03 09:19:52
811,135,1,2026-07-30 20:55:12
811,751,1,2026-08-12 17:34:44
812,114,5,2026-07-29 03:11:37
812,226,2,2026-08-05 21:49:22
812,630,1,2026-08-03 11:20:10
812,486,1,2026-07-29 03:50:18
812,509,3,2026-07-28 22:59:48
813,524,5,2026-08-11 06:36:19
813,308,1,2026-07-28 20:32:56
813,950,1,2026-08-15 05:19:24
813,587,3,2026-07-24 04:33:10
813,948,1,2026-07-25 18:03:16
813,195,1,2026-08-15 01:04:30
813,174,2,2026-08-14 14:57:30
813,486,5,2026-07-22 17:21:55
813,780,5,2026-08-10 16:31:52
814,262,3,2026-08-14 15:20:52
814,927,3,2026-07-17 15:57:05
814,225,1,2026-07-29 01:02:05
814,984,1,2026-07-30 06:57:37
814,868,3,2026-08-09 18:02:02
814,83,2,2026-07-24 18:12:14
814,781,5,2026-08-02 17:30:52
814,272,4,2026-07-20 04:55:03
815,240,1,2026-07-31 11:53:52
815,560,2,2026-08-12 10:34:06
815,902,1,2026-07-17 20:52:29
815,162,2,2026-08-05 05:11:19
815,735,1,2026-08-08 19:44:04
815,342,4,2026-07-22 23:30:25
815,465,5,2026-08-04 21:16:07
815,93,1,2026-07-21 18:00:01
815,509,1,2026-07-25 23:56:55
815,523,1,2026-07-29 08:18:34
815,675,5,2026-08-03 05:04:43
815,573,3,2026-08-05 09:02:18
815,247,5,2026-08-10 08:40:23
815,310,2,2026-07-24 03:04:54
815,484,2,2026-08-11 03:27:37
815,36,1,2026-08-09 20:38:44
815,667,3,2026-08-01 13:27:40
815,837,1,2026-08-10 17:31:39
815,396,1,2026-07-18 16:37:51
815,874,4,2026-08-03 12:21:24
816,494,3,2026-07-24 20:10:52
816,205,4,2026-07-18 01:45:50
816,647,5,2026-07-21 00:38:15
816,176,3,2026-08-06 04:10:38
816,636,1,2026-07-17 18:09:02
816,966,5,2026-08-02 03:48:25
816,729,4,2026-07-29 18:12:25
816,145,2,2026-07-31 09:14:06
816,128,5,2026-07-26 11:54:54
816,136,4,2026-07-27 18:29:39
816,626,2,2026-07-21 13:55:08
816,986,3,2026-08-07 12:57:37
816,76,4,2026-08-10 03:18:15
817,434,3,2026-08-02 21:14:38
817,442,2,2026-08-06 01:16:58
817,815,1,2026-08-07 07:01:13
817,343,5,2026-08-15 05:23:05
817,297,1,2026-07-23 02:36:09
817,82,2,2026-07-22 21:17:32
817,866,2,2026-07-26 14:16:35
818,619,5,2026-08-15 13:49:32
818,978,3,2026-07-31 09:41:14
818,726,3,2026-07-30 07:56:16
818,141,5,2026-08-01 10:30:27
818,407,2,2026-08-09 00:17:34
818,432,3,2026-08-08 15:59:05
818,809,1,2026-08-05 16:13:54
818,397,1,2026-08-14 04:11:26
818,394,4,2026-07-23 10:08:38
818,920,3,2026-08-14 15:18:08
818,770,5,2026-07-27 05:27:51
818,995,3,2026-08-07 23:41:51
818,25,1,2026-07-20 03:57:55
818,362,2,2026-07-29 07:27:41
818,733,2,2026-07-24 10:31:57
818,103,3,2026-08-11 03:05:01
819,214,5,2026-08-06 04:36:57
819,703,4,2026-08-15 14:35:13
819,866,1,2026-07-30 16:13:29
819,327,1,2026-07-24 10:47:21
819,232,3,2026-07-28 06:24:45
819,783,5,2026-07-31 08:28:04
819,540,1,2026-07-21 22:31:23
820,981,5,2026-08-06 22:30:39
820,501,5,2026-08-03 18:06:04
820,602,1,2026-08-02 08:22:39
820,924,5,2026-08-05 23:36:14
820,226,3,2026-08-04 02:25:09
820,335,5,2026-08-05 14:50:32
820,364,3,2026-07-21 05:05:52
820,846,1,2026-08-11 12:21:41
820,497,3,2026-07-29 00:43:27
821,531,4,2026-08-11 21:18:23
821,782,1,2026-08-12 08:50:03
821,989,5,2026-08-03 20:36:24
821,150,4,2026-07-19 06:14:54
821,599,1,2026-07-28 06:44:44
821,851,5,2026-08-15 04:29:34
821,275,1,2026-08-04 18:01:16
821,340,3,2026-08-06 22:16:08
821,620,3,2026-08-08 18:23:08
821,313,2,2026-07-18 22:01:29
821,190,5,2026-07-26 18:29:36
821,623,1,2026-08-05 13:04:22
821,214,2,2026-07-27 20:41:24
821,2,5,2026-07-23 02:33:02
821,496,5,2026-08-10 17:46:42
821,159,1,2026-08-13 00:24:39
821,588,4,2026-07-19 20:46:59
822,566,1,2026-07-19 15:49:21
822,78,5,2026-07-19 23:02:47
822,436,1,2026-08-15 15:32:56
822,355,4,2026-08-05 08:11:22
822,12,2,2026-07-17 19:08:02
822,873,3,2026-08-07 01:05:35
822,271,4,2026-07-19 11:08:50
822,882,3,2026-08-07 14:05:41
822,396,4,2026-07-24 22:29:20
822,77,5,2026-07-23 07:09:57
822,276,2,2026-07-25 18:02:12
822,724,4,2026-07-23 20:51:59
822,816,2,2026-07-17 18:59:40
823,424,5,2026-08-03 06:25:34
823,715,3,2026-08-10 05:55:09
823,136,1,2026-08-12 23:17:51
823,757,1,2026-07-20 15:47:31
823,501,4,2026-07-20 00:38:38
823,152,3,2026-08-12 16:09:25
823,35,1,2026-08-09 00:58:25
823,238,1,2026-07-25 14:47:35
823,254,5,2026-08-15 07:03:38
823,381,5,2026-07-19 14:03:53
823,906,2,2026-07-29 01:42:08
823,173,3,2026-08-02 02:01:52
823,535,5,2026-08-07 21:30:10
824,366,3,2026-08-02 04:09:15
824,534,4,2026-08-10 22:23:29
824,860,5,2026-07-24 06:44:38
824,405,4,2026-07-18 06:40:02
824,907,1,2026-07-26 02:15:37
824,465,1,2026-07-24 11:48:11
824,734,1,2026-07-28 05:40:29
824,293,5,2026-07-24 16:20:08
825,90,1,2026-07-17 20:50:43
825,746,4,2026-07-27 15:33:50
825,76,1,2026-08-02 20:15:31
825,157,1,2026-07-26 18:48:41
825,404,3,2026-07-23 03:29:32
825,743,5,2026-08-11 16:57:00
825,555,1,2026-08-04 20:04:22
825,415,1,2026-07-16 18:33:17
825,725,4,2026-08-12 21:55:14
825,122,3,2026-07-29 18:34:44
825,889,3,2026-07-22 04:19:01
825,519,5,2026-08-01 17:07:08
825,504,2,2026-07-26 17:27:51
825,382,5,2026-07-18 18:59:33
825,19,3,2026-08-02 13:33:13
825,501,4,2026-07-18 22:11:39
825,290,5,2026-08-15 11:20:26
825,293,2,2026-08-02 14:34:39
825,488,4,2026-08-03 18:16:44
825,465,2,2026-08-11 16:25:34
826,447,2,2026-08-15 13:49:06
826,624,2,2026-08-12 03:14:49
826,449,1,2026-08-04 23:08:32
826,223,3,2026-07-22 21:21:49
826,556,3,2026-07-26 09:51:34
826,418,5,2026-07-28 09:00:38
826,403,3,2026-08-07 20:35:52
826,246,5,2026-08-08 08:15:48
826,911,5,2026-08-04 12:57:08
826,689,2,2026-08-10 08:57:39
826,96,4,2026-07-29 07:16:24
827,884,2,2026-08-10 18:45:23
827,521,2,2026-07-23 16:37:03
827,511,3,2026-07-17 09:15:04
827,776,5,2026-07-20 07:44:25
827,536,1,2026-08-15 07:48:23
827,130,4,2026-07-23 19:01:20
827,374,2,2026-08-06 04:28:26
827,986,5,2026-07-26 03:11:37
827,659,1,2026-08-14 05:53:18
827,101,2,2026-07-31 17:10:04
827,503,4,2026-08-10 15:04:27
827,716,1,2026-07-27 05:15:16
827,878,3,2026-07-29 04:39:07
828,794,3,2026-08-13 03:36:33
828,288,5,2026-07-27 18:11:09
828,1000,1,2026-08-10 19:22:32
828,100,2,2026-08-04 03:54:34
828,785,4,2026-07-24 05:47:37
828,988,1,2026-08-05 15:58:20
828,88,2,2026-07-27 20:53:54
828,671,1,2026-07-31 12:54:05
828,450,1,2026-07-26 09:10:25
828,984,1,2026-07-24 05:13:52
828,967,2,2026-07-22 01:51:38
828,540,1,2026-07-21 19:33:59
828,235,3,2026-07-24 04:10:06
829,17,4,2026-08-09 15:41:22
829,815,5,2026-08-15 05:04:31
829,585,2,2026-08-15 01:19:58
829,539,1,2026-08-11 20:59:08
829,462,2,2026-07-20 20:30:10
829,386,5,2026-08-09 19:03:18
829,499,1,2026-07-21 04:20:04
829,635,4,2026-07-18 00:30:13
829,311,1,2026-08-04 08:14:42
829,93,2,2026-07-23 15:01:58
829,226,5,2026-07-23 02:45:36
829,530,5,2026-08-03 03:51:04
829,846,5,2026-07-17 12:59:28
829,799,3,2026-08-10 20:14:33
829,983,2,2026-08-03 20:13:28
829,105,4,2026-08-13 05:12:47
829,590,4,2026-08-06 15:36:41
829,172,5,2026-07-16 16:18:52
830,627,3,2026-07-23 13:41:45
830,141,5,2026-08-11 11:53:02
830,703,4,2026-08-12 00:39:56
830,695,2,2026-08-13 12:22:31
830,46,3,2026-08-09 22:04:26
830,878,1,2026-08-08 17:30:44
830,112,2,2026-07-22 12:45:59
830,584,3,2026-07-29 21:10:35
830,246,2,2026-07-21 10:25:19
830,727,4,2026-07-21 07:11:35
830,57,1,2026-07-22 17:53:17
830,576,4,2026-07-20 14:00:58
830,158,5,2026-08-10 22:04:50
830,231,3,2026-08-11 03:06:36
830,478,4,2026-07-22 07:18:43
830,911,1,2026-07-24 18:35:11
831,164,2,2026-08-04 12:16:20
831,371,3,2026-08-12 18:58:44
831,677,1,2026-07-17 15:57:43
831,74,5,2026-08-14 17:26:01
831,377,3,2026-08-10 23:50:35
831,824,1,2026-08-08 17:31:36
831,429,4,2026-08-15 10:08:15
831,109,3,2026-08-02 20:52:55
831,548,3,2026-07-23 16:08:22
831,808,5,2026-07-21 02:17:00
831,388,3,2026-08-10 01:56:37
831,503,5,2026-08-08 08:01:14
831,622,2,2026-07-31 02:50:35
831,190,1,2026-07-31 08:49:36
831,367,3,2026-08-13 15:31:08
831,936,3,2026-07-31 00:13:35
831,42,2,2026-07-17 16:26:19
831,831,4,2026-08-03 00:07:21
831,323,1,2026-08-04 13:08:34
831,550,1,2026-08-14 07:29:42
832,9,5,2026-08-03 09:12:49
832,568,5,2026-08-05 01:27:51
832,379,5,2026-08-12 20:51:05
832,795,5,2026-07-29 11:38:50
832,258,3,2026-08-10 13:20:06
832,444,3,2026-07-19 21:15:35
832,930,4,2026-08-15 03:52:43
832,646,3,2026-07-24 03:35:16
832,540,1,2026-08-15 03:01:48
832,604,4,2026-08-02 02:40:14
832,40,3,2026-08-06 16:30:33
832,443,5,2026-08-04 17:34:58
832,153,2,2026-07-22 03:52:58
833,279,1,2026-08-07 00:38:48
833,429,1,2026-07-17 19:51:46
833,784,2,2026-07-19 09:49:22
833,862,3,2026-08-06 15:02:53
833,818,4,2026-07-18 18:39:13
833,791,4,2026-08-06 07:21:30
833,511,5,2026-07-30 01:40:19
834,159,4,2026-08-13 13:06:06
834,15,3,2026-07-16 23:47:37
834,417,2,2026-07-19 13:31:13
834,402,5,2026-07-24 01:22:26
834,262,1,2026-07-29 15:52:42
835,285,3,2026-08-08 11:54:15
835,205,1,2026-07-20 06:00:54
835,72,3,2026-08-11 05:10:31
835,237,3,2026-08-15 08:07:48
835,172,4,2026-07-29 14:25:45
836,899,3,2026-07-18 16:59:59
836,379,1,2026-07-30 08:47:56
836,657,3,2026-07-17 04:25:29
836,467,5,2026-07-29 14:28:11
836,150,2,2026-08-11 18:21:15
836,795,5,2026-07-28 04:29:52
836,138,2,2026-08-12 17:29:34
836,516,4,2026-07-28 11:59:09
836,261,2,2026-08-01 10:49:49
836,270,4,2026-07-20 18:41:10
836,178,1,2026-07-28 18:40:15
836,303,1,2026-08-08 00:45:30
836,476,1,2026-07-29 01:44:39
836,489,3,2026-07-17 02:21:07
836,313,4,2026-07-16 21:42:59
836,989,1,2026-08-10 00:52:00
836,44,1,2026-07-29 10:23:29
836,527,5,2026-08-14 10:42:38
837,51,1,2026-08-06 09:02:23
837,494,2,2026-07-17 22:35:01
837,324,1,2026-08-15 06:24:40
837,356,2,2026-08-08 03:20:12
837,603,2,2026-08-07 08:31:57
837,46,1,2026-08-12 10:59:02
837,27,2,2026-07-24 06:54:06
837,207,5,2026-07-24 10:32:25
837,557,4,2026-07-25 12:05:52
838,935,5,2026-08-09 20:12:02
838,122,5,2026-08-02 01:18:51
838,994,4,2026-08-02 12:41:31
838,98,4,2026-07-30 17:23:16
838,311,2,2026-08-15 09:46:11
838,52,5,2026-07-19 16:54:00
838,413,2,2026-07-17 06:38:46
838,789,3,2026-08-03 10:50:01
838,589,5,2026-08-05 04:20:26
838,85,3,2026-07-26 23:21:51
838,426,1,2026-08-01 16:47:53
838,409,3,2026-07-17 07:21:07
838,901,5,2026-07-27 05:09:51
838,683,4,2026-08-07 05:33:07
838,510,3,2026-07-22 13:08:28
838,428,5,2026-08-06 15:54:14
839,584,3,2026-07-21 14:21:28
839,180,5,2026-07-21 13:08:36
839,831,3,2026-08-14 07:55:13
839,514,1,2026-07-29 05:47:44
839,722,5,2026-07-28 15:05:54
839,116,3,2026-07-26 05:47:48
839,109,4,2026-08-05 09:49:49
839,538,1,2026-08-12 17:21:16
839,275,2,2026-07-27 07:27:55
839,598,3,2026-07-27 14:17:27
839,704,4,2026-07-24 14:03:39
839,723,2,2026-08-12 07:48:28
839,377,4,2026-08-07 23:07:45
839,787,3,2026-08-08 10:24:16
839,738,3,2026-08-08 06:25:53
839,576,5,2026-08-09 12:11:30
839,135,1,2026-08-12 20:54:44
839,319,3,2026-07-19 21:48:18
839,935,3,2026-07-19 16:26:58
839,757,2,2026-08-14 09:16:11
840,324,1,2026-07-22 15:03:16
840,897,4,2026-07-28 20:30:18
840,987,5,2026-07-26 07:36:25
840,326,5,2026-08-14 22:52:25
840,831,2,2026-07-18 23:28:38
840,895,4,2026-07-29 02:11:59
840,600,3,2026-08-09 19:19:50
840,44,4,2026-08-09 16:30:38
840,996,4,2026-08-02 10:36:16
840,727,5,2026-08-02 06:03:23
840,785,3,2026-08-15 14:55:47
840,769,4,2026-08-15 09:37:01
840,37,4,2026-08-13 11:46:57
840,708,1,2026-08-13 12:01:22
840,594,5,2026-07-29 22:29:07
840,622,1,2026-08-10 08:29:26
840,290,4,2026-07-30 12:42:09
841,913,2,2026-08-14 18:05:43
841,362,1,2026-07-19 12:00:56
841,995,5,2026-07-20 08:15:15
841,479,1,2026-08-07 06:11:09
841,278,3,2026-08-08 03:30:03
841,914,1,2026-07-24 12:08:23
841,733,2,2026-08-10 00:09:21
841,550,3,2026-08-13 07:27:02
841,599,3,2026-07-23 10:07:37
841,824,1,2026-08-14 06:19:57
841,940,1,2026-07-16 23:22:04
841,608,5,2026-07-23 18:03:41
841,290,5,2026-08-04 12:20:32
841,192,1,2026-08-14 19:26:20
841,448,5,2026-07-27 12:37:53
841,791,1,2026-08-02 13:02:37
842,674,5,2026-08-11 11:09:26
842,409,1,2026-07-20 23:45:03
842,700,1,2026-08-12 13:26:40
842,209,3,2026-07-28 06:55:15
842,82,2,2026-08-12 09:45:57
842,846,5,2026-08-05 10:03:32
842,494,2,2026-07-18 10:29:14
842,324,5,2026-07-20 02:06:21
842,24,3,2026-07-20 07:46:51
842,222,2,2026-08-08 09:34:48
842,505,4,2026-07-28 11:54:02
842,692,2,2026-07-27 22:22:27
842,335,4,2026-08-02 00:39:08
842,388,1,2026-07-30 02:03:48
842,902,4,2026-07-28 06:28:18
843,667,1,2026-07-28 06:36:40
843,646,1,2026-08-02 03:25:50
843,469,2,2026-07-16 20:34:48
843,318,4,2026-07-30 16:08:49
843,577,2,2026-08-03 01:38:17
843,622,3,2026-08-13 00:30:32
843,867,1,2026-08-11 23:58:04
843,420,3,2026-08-10 06:34:22
843,60,2,2026-08-05 00:15:15
843,281,2,2026-08-04 00:27:36
843,250,2,2026-08-12 19:38:22
843,931,3,2026-08-04 09:44:18
843,272,2,2026-08-03 13:59:31
843,928,2,2026-07-27 15:23:22
843,292,5,2026-07-19 03:32:51
843,133,2,2026-08-13 12:55:51
843,913,4,2026-08-03 11:19:47
843,718,2,2026-08-09 15:26:58
843,723,1,2026-08-14 17:27:12
843,604,5,2026-07-28 09:01:14
844,282,5,2026-08-10 01:49:20
844,993,4,2026-07-24 19:19:14
844,455,2,2026-08-09 18:25:23
844,897,5,2026-07-30 11:48:49
844,566,2,2026-08-13 04:57:52
844,958,1,2026-07-25 11:13:35
844,358,4,2026-08-02 17:23:46
844,291,4,2026-07-25 03:14:59
844,222,1,2026-07-28 20:11:49
844,881,4,2026-08-02 07:05:59
844,832,1,2026-08-08 16:00:52
844,257,2,2026-07-26 04:38:01
845,524,1,2026-08-11 22:01:55
845,997,1,2026-07-25 21:54:53
845,851,4,2026-08-12 14:39:31
845,551,2,2026-07-29 14:44:20
845,430,2,2026-07-24 03:12:07
845,559,3,2026-08-07 11:43:47
845,807,4,2026-08-08 20:38:02
845,316,1,2026-08-11 15:05:57
845,757,4,2026-08-09 08:32:33
845,49,5,2026-07-30 16:23:59
845,413,1,2026-08-03 14:52:16
845,157,3,2026-07-27 23:35:16
845,742,5,2026-07-22 17:19:34
845,787,4,2026-07-24 17:32:37
845,909,1,2026-08-10 09:49:12
845,102,4,2026-07-22 16:46:52
845,391,2,2026-07-31 12:59:36
845,285,4,2026-08-11 00:53:14
845,35,1,2026-08-13 14:18:01
845,601,4,2026-07-19 00:51:02
846,318,2,2026-07-21 04:31:14
846,121,2,2026-08-03 15:17:42
846,305,2,2026-07-21 23:38:02
846,571,1,2026-07-31 03:16:21
846,938,5,2026-08-12 00:16:52
846,112,1,2026-07-26 18:56:22
846,665,4,2026-08-14 21:05:17
846,268,2,2026-08-14 18:59:47
846,447,4,2026-07-28 20:15:24
846,200,1,2026-08-05 21:40:07
846,695,1,2026-08-11 14:13:12
846,287,5,2026-07-26 08:03:33
846,156,4,2026-07-23 18:00:02
846,101,4,2026-08-14 03:23:46
847,686,4,2026-08-03 13:57:45
847,594,2,2026-07-24 00:38:15
847,185,1,2026-08-13 13:39:28
847,846,5,2026-08-11 06:54:21
847,977,2,2026-08-08 09:25:08
847,381,5,2026-08-15 05:24:48
847,326,1,2026-08-11 17:58:09
847,363,4,2026-08-11 16:30:56
847,168,1,2026-08-13 08:13:08
847,661,4,2026-07-21 02:26:03
847,67,4,2026-08-05 12:58:19
847,780,4,2026-07-26 13:21:08
847,640,5,2026-07-28 22:45:08
847,584,5,2026-07-19 15:18:44
847,456,1,2026-07-24 20:13:57
847,349,4,2026-08-07 14:11:31
847,680,3,2026-08-05 08:12:54
848,153,4,2026-07-27 21:58:24
848,150,3,2026-07-23 05:21:00
848,140,4,2026-07-31 06:30:14
848,427,3,2026-07-22 11:19:50
848,490,1,2026-07-24 08:09:40
848,227,4,2026-08-15 10:21:56
849,130,4,2026-07-29 11:20:54
849,186,3,2026-07-24 23:31:44
849,87,4,2026-07-26 23:43:35
849,597,4,2026-08-05 19:00:00
849,789,2,2026-08-11 05:57:32
849,104,3,2026-08-12 02:03:10
849,175,3,2026-07-19 01:03:01
849,426,5,2026-08-08 12:11:30
849,3,2,2026-08-05 09:09:47
849,714,2,2026-07-31 03:55:18
849,216,5,2026-07-17 03:38:44
849,988,2,2026-08-07 05:31:02
849,292,5,2026-08-05 18:27:04
849,412,4,2026-07-27 17:56:45
849,153,3,2026-07-21 13:39:13
849,69,4,2026-07-19 00:17:56
849,635,2,2026-08-13 16:36:25
849,212,2,2026-07-19 20:12:47
849,761,1,2026-08-06 03:10:58
850,430,5,2026-07-22 21:39:28
850,452,5,2026-07-21 13:15:02
850,765,4,2026-07-29 01:29:40
850,46,2,2026-08-09 01:47:01
850,13,3,2026-07-29 22:15:22
850,522,1,2026-08-06 00:50:14
850,738,4,2026-08-09 16:19:47
850,280,2,2026-08-02 13:24:00
850,821,5,2026-07-23 22:40:03
850,376,4,2026-08-05 18:10:26
850,913,4,2026-08-05 09:32:28
850,404,4,2026-07-21 02:55:02
850,642,1,2026-07-17 15:20:59
850,286,2,2026-08-08 07:13:43
850,107,5,2026-07-28 20:23:03
850,152,3,2026-07-31 13:43:31
850,802,3,2026-07-20 18:54:52
850,26,5,2026-07-22 16:51:51
851,174,1,2026-07-31 14:09:48
851,88,5,2026-08-01 22:31:11
851,175,1,2026-07-20 04:15:11
851,876,1,2026-07-23 17:32:23
851,766,2,2026-07-22 17:50:27
851,824,1,2026-07-19 14:14:59
852,529,2,2026-07-25 06:57:03
852,565,5,2026-07-20 22:29:26
852,74,5,2026-08-01 02:58:59
852,739,2,2026-08-14 14:42:47
852,353,5,2026-08-02 02:44:15
852,85,2,2026-08-14 04:21:04
852,405,3,2026-07-28 23:33:58
852,947,1,2026-07-19 05:04:32
852,836,2,2026-08-02 02:30:28
852,19,2,2026-07-25 12:27:22
852,541,5,2026-08-06 23:56:41
852,786,5,2026-07-28 04:53:03
852,714,2,2026-07-22 18:08:50
852,853,5,2026-08-06 05:53:49
852,143,2,2026-08-03 02:41:30
852,191,4,2026-07-29 12:13:22
852,682,2,2026-07-23 10:18:01
852,323,1,2026-08-04 20:59:05
852,65,3,2026-07-30 22:33:00
853,134,4,2026-07-29 08:33:43
853,443,2,2026-08-11 16:19:38
853,207,5,2026-07-27 07:46:28
853,494,2,2026-07-20 01:48:57
853,964,1,2026-08-15 07:13:30
853,649,3,2026-07-18 10:50:49
853,8,1,2026-08-03 14:39:48
853,603,4,2026-07-18 13:26:33
853,646,4,2026-08-01 03:07:06
853,927,4,2026-08-15 09:15:37
853,315,5,2026-08-03 03:27:03
853,590,2,2026-08-07 07:58:03
853,356,2,2026-08-01 21:03:35
854,80,1,2026-08-04 10:12:27
854,260,4,2026-07-24 16:23:22
854,988,1,2026-08-02 05:14:07
854,650,1,2026-07-28 20:28:05
854,530,2,2026-07-25 09:06:05
854,786,2,2026-07-17 11:45:26
854,339,1,2026-08-10 18:04:39
854,70,1,2026-08-04 08:07:48
854,515,3,2026-07-22 23:05:29
854,642,4,2026-07-20 19:25:33
854,297,4,2026-08-04 00:15:00
854,352,2,2026-07-18 20:04:17
854,76,1,2026-08-11 11:07:22
854,772,5,2026-08-12 23:40:14
854,89,2,2026-07-20 12:32:34
854,167,1,2026-07-21 11:44:18
854,948,2,2026-08-03 07:06:46
854,151,3,2026-07-30 17:31:05
854,328,4,2026-08-03 18:35:23
855,634,3,2026-08-11 14:02:52
855,32,3,2026-08-04 14:25:11
855,456,4,2026-07-22 12:52:33
855,251,3,2026-07-19 18:53:53
855,157,4,2026-07-24 11:37:38
855,672,1,2026-07-28 12:23:56
855,7,5,2026-08-13 15:55:03
856,440,3,2026-07-29 03:41:06
856,79,4,2026-08-15 02:12:52
856,75,5,2026-07-20 18:41:13
856,921,2,2026-07-26 02:55:37
856,493,4,2026-08-14 08:49:29
856,956,3,2026-07-17 05:17:15
856,729,4,2026-08-09 19:53:25
856,527,3,2026-08-11 04:16:48
856,86,2,2026-08-10 12:01:41
856,216,2,2026-07-31 18:43:44
856,406,2,2026-08-07 03:24:16
856,487,1,2026-07-31 09:34:03
856,10,5,2026-08-06 20:29:57
856,577,4,2026-08-13 20:04:08
856,560,2,2026-07-31 23:44:16
856,214,2,2026-08-09 18:25:38
856,23,5,2026-07-18 17:25:50
856,334,1,2026-07-18 08:51:47
856,674,3,2026-08-11 16:45:38
856,550,4,2026-08-12 09:43:53
857,780,5,2026-07-19 20:27:45
857,992,1,2026-08-13 11:40:55
857,253,4,2026-07-27 12:18:26
857,92,1,2026-07-23 04:43:41
857,609,3,2026-07-24 21:37:10
857,533,4,2026-07-20 01:59:48
857,392,4,2026-07-17 03:46:49
858,370,2,2026-07-21 16:13:40
858,865,1,2026-08-10 00:34:07
858,508,4,2026-08-09 17:20:47
858,6,5,2026-07-18 20:51:23
858,922,1,2026-08-12 19:08:48
858,645,4,2026-08-11 13:51:19
859,311,3,2026-08-13 23:10:45
859,376,3,2026-07-20 11:18:30
859,492,5,2026-08-15 07:48:42
859,713,3,2026-07-25 06:48:47
859,668,5,2026-07-26 23:14:37
859,578,2,2026-08-12 12:04:14
859,425,5,2026-08-04 15:29:28
859,812,1,2026-07-26 01:37:01
859,993,3,2026-08-05 04:16:24
859,991,2,2026-08-13 00:04:02
859,698,4,2026-07-23 02:06:37
860,233,1,2026-08-03 21:03:22
860,479,5,2026-07-17 12:18:58
860,810,2,2026-07-29 03:03:20
860,791,2,2026-08-14 03:42:00
860,668,1,2026-07-28 14:23:26
860,580,2,2026-07-21 11:18:15
860,483,5,2026-07-23 18:35:44
860,368,1,2026-07-29 14:31:48
860,693,2,2026-08-09 21:31:24
860,823,3,2026-07-30 12:25:06
860,278,5,2026-08-09 04:43:15
861,441,1,2026-08-11 06:15:52
861,1,4,2026-07-19 06:10:46
861,176,4,2026-07-23 20:21:52
861,98,4,2026-08-01 11:25:47
861,967,3,2026-08-14 11:10:32
861,726,4,2026-08-01 07:24:31
861,950,3,2026-07-30 17:03:31
861,521,5,2026-07-16 20:25:00
861,563,1,2026-08-06 21:13:04
861,538,5,2026-08-07 14:57:57
861,640,1,2026-08-05 05:36:57
861,977,2,2026-08-03 19:53:54
861,952,4,2026-07-31 15:13:29
861,519,3,2026-08-08 20:43:38
861,359,3,2026-08-11 01:59:00
861,886,3,2026-08-05 10:26:55
861,934,3,2026-07-25 01:20:21
862,610,3,2026-08-04 09:07:09
862,353,5,2026-08-03 22:30:14
862,789,2,2026-08-09 00:44:44
862,100,5,2026-07-19 13:51:21
862,395,1,2026-07-29 11:35:48
862,143,3,2026-07-18 09:12:44
862,881,2,2026-08-01 16:29:42
862,361,1,2026-07-18 16:11:05
862,279,1,2026-07-23 11:15:34
862,937,2,2026-08-07 23:10:25
862,34,1,2026-08-10 17:50:01
862,899,3,2026-08-06 09:41:04
862,667,4,2026-07-31 23:03:11
862,145,1,2026-07-21 09:33:58
862,257,2,2026-07-17 20:00:09
862,842,3,2026-07-26 20:59:46
863,990,5,2026-08-12 17:36:19
863,520,4,2026-07-22 05:06:53
863,312,3,2026-07-22 19:02:52
863,425,3,2026-08-02 08:54:19
863,883,1,2026-07-25 14:08:02
863,867,1,2026-08-01 00:32:55
863,267,3,2026-07-29 08:20:27
863,297,3,2026-07-25 04:15:50
863,800,5,2026-08-02 00:14:02
863,191,2,2026-07-21 21:57:18
863,550,1,2026-08-02 06:03:38
863,408,5,2026-08-13 20:19:18
863,419,2,2026-07-20 08:54:49
864,445,1,2026-08-15 01:48:48
864,123,5,2026-08-01 12:39:40
864,876,3,2026-07-20 18:13:21
864,697,2,2026-07-21 14:00:20
864,182,2,2026-07-30 03:19:04
864,971,2,2026-07-19 22:11:48
864,863,1,2026-07-25 03:50:22
864,624,3,2026-08-06 11:13:34
864,559,1,2026-08-02 03:38:46
864,694,5,2026-08-01 18:10:06
865,256,3,2026-07-23 03:32:11
865,663,1,2026-08-10 03:16:27
865,10,1,2026-08-11 13:00:13
865,69,4,2026-08-12 14:50:14
865,484,3,2026-08-15 00:22:02
865,48,1,2026-07-23 16:40:19
866,346,5,2026-08-09 21:49:59
866,395,3,2026-07-23 12:19:03
866,976,1,2026-07-28 14:32:47
866,647,3,2026-07-29 14:53:50
866,230,4,2026-07-29 04:46:41
866,18,3,2026-07-26 16:45:53
866,513,1,2026-08-11 06:43:44
866,853,1,2026-07-29 15:27:46
866,106,5,2026-07-25 09:46:56
866,902,1,2026-07-20 16:32:30
866,397,5,2026-07-17 09:35:11
866,628,1,2026-08-02 08:23:42
866,100,1,2026-08-15 03:29:43
866,609,1,2026-08-14 10:11:01
866,458,3,2026-08-12 23:33:59
867,753,2,2026-07-28 19:27:41
867,675,1,2026-07-16 20:32:50
867,191,2,2026-07-19 07:32:38
867,129,5,2026-07-31 18:37:48
867,373,2,2026-07-21 09:29:00
867,780,4,2026-08-11 02:32:34
867,790,3,2026-08-05 18:07:19
867,956,5,2026-07-26 14:11:36
868,936,3,2026-07-19 04:59:34
868,355,5,2026-07-17 08:30:08
868,825,5,2026-07-23 19:49:00
868,48,3,2026-07-24 03:17:11
868,721,2,2026-07-22 06:32:16
868,559,3,2026-07-26 03:47:26
868,735,5,2026-08-08 20:45:57
868,631,2,2026-08-13 05:59:19
868,123,4,2026-07-16 23:12:40
868,270,3,2026-07-21 07:32:45
868,232,5,2026-08-03 18:48:58
868,989,5,2026-07-28 03:27:41
868,616,4,2026-08-07 21:17:52
868,653,2,2026-07-31 21:52:44
868,153,1,2026-08-14 06:06:41
868,276,4,2026-07-30 13:30:31
869,273,1,2026-07-31 02:12:47
869,8,1,2026-08-08 03:27:12
869,923,3,2026-08-02 07:00:26
869,717,5,2026-07-19 02:16:58
869,347,2,2026-07-17 09:39:12
869,213,1,2026-07-26 19:49:37
869,920,4,2026-08-05 11:34:26
869,556,1,2026-07-22 13:00:08
869,807,3,2026-07-26 01:34:01
869,368,5,2026-08-11 03:34:10
869,697,5,2026-07-27 10:25:36
869,766,3,2026-07-23 20:07:24
869,9,5,2026-07-17 19:57:41
869,808,1,2026-07-25 12:01:23
869,795,4,2026-08-14 02:40:42
869,628,4,2026-08-06 16:51:02
869,767,3,2026-07-28 08:32:09
869,611,3,2026-07-30 15:19:41
869,641,5,2026-07-19 23:46:50
869,406,5,2026-07-27 19:58:55
870,897,1,2026-07-16 21:17:05
870,195,4,2026-08-03 00:12:48
870,861,4,2026-08-04 10:55:58
870,669,1,2026-07-21 15:27:39
870,65,1,2026-08-06 14:23:20
870,828,1,2026-08-03 02:56:55
870,58,1,2026-08-11 05:53:37
870,84,4,2026-07-28 03:35:48
870,773,3,2026-07-24 08:11:37
870,261,5,2026-07-22 16:36:11
870,623,2,2026-07-19 14:29:27
870,964,2,2026-08-02 19:04:30
870,588,2,2026-07-27 18:53:01
870,357,4,2026-08-15 08:18:10
870,974,4,2026-07-19 16:05:20
870,337,4,2026-08-15 15:30:40
870,855,2,2026-07-16 20:52:21
870,763,5,2026-08-03 03:45:59
870,788,2,2026-07-23 14:53:19
870,81,5,2026-07-19 07:40:28
871,376,5,2026-07-29 03:29:18
871,414,2,2026-07-22 08:33:52
871,312,3,2026-07-19 02:27:23
871,360,1,2026-08-14 09:08:16
871,951,3,2026-07-19 16:44:39
871,73,2,2026-07-29 00:53:06
872,208,2,2026-08-15 02:25:18
872,397,1,2026-07-25 09:24:36
872,766,3,2026-08-08 10:09:24
872,679,5,2026-08-13 06:25:59
872,567,2,2026-07-17 19:59:06
872,631,4,2026-08-13 09:48:03
872,416,2,2026-07-21 15:35:01
872,261,1,2026-08-01 14:04:24
872,650,5,2026-07-31 02:08:09
872,693,1,2026-07-21 02:27:55
872,656,5,2026-07-18 16:26:32
872,347,3,2026-08-01 23:13:12
873,715,2,2026-08-13 21:09:57
873,709,4,2026-07-29 19:25:57
873,668,2,2026-08-12 15:23:38
873,969,1,2026-07-30 03:16:51
873,224,5,2026-07-25 03:18:47
873,551,2,2026-07-20 15:05:59
873,788,5,2026-07-25 11:47:43
874,804,3,2026-08-01 20:43:17
874,461,4,2026-08-04 15:25:16
874,689,5,2026-07-18 07:39:15
874,823,1,2026-08-05 03:26:11
874,718,5,2026-07-29 01:06:50
874,563,2,2026-07-18 11:39:09
874,948,5,2026-08-01 08:44:42
874,199,1,2026-07-22 02:38:39
874,548,3,2026-07-23 23:39:15
874,348,1,2026-08-02 04:51:34
874,503,3,2026-07-22 07:26:02
874,468,4,2026-07-30 18:43:24
874,882,1,2026-07-29 14:45:53
874,123,4,2026-07-20 00:38:40
874,12,4,2026-08-01 22:34:37
874,478,3,2026-08-11 23:25:52
874,392,2,2026-08-08 21:05:48
874,549,2,2026-07-28 11:58:52
874,662,5,2026-08-13 21:19:00
875,57,5,2026-08-13 19:15:14
875,915,2,2026-08-05 01:16:32
875,436,2,2026-08-09 08:25:50
875,772,5,2026-08-11 16:08:52
875,123,3,2026-08-11 21:31:11
875,893,1,2026-07-29 02:31:29
875,449,1,2026-08-15 09:01:57
876,46,5,2026-08-02 22:10:48
876,634,4,2026-08-07 23:22:15
876,385,4,2026-08-11 03:48:17
876,40,5,2026-07-24 19:05:41
876,345,5,2026-07-18 07:01:04
876,584,1,2026-08-04 02:29:09
876,391,1,2026-07-21 19:58:54
876,942,2,2026-08-04 07:22:56
876,101,3,2026-08-04 06:31:25
876,993,4,2026-08-01 06:06:43
876,150,3,2026-08-12 09:17:09
876,304,1,2026-07-22 14:40:59
876,754,2,2026-07-18 11:21:58
877,379,5,2026-07-27 05:26:22
877,815,5,2026-08-07 05:10:53
877,477,2,2026-08-01 14:13:06
877,414,5,2026-08-08 17:28:58
877,784,2,2026-07-30 07:22:33
877,139,2,2026-08-01 22:38:29
877,231,4,2026-08-05 04:39:51
877,325,5,2026-07-31 03:06:52
877,780,2,2026-07-29 19:56:09
878,859,4,2026-07-28 09:37:37
878,110,2,2026-08-07 23:46:29
878,13,1,2026-08-09 13:39:41
878,132,5,2026-07-27 15:07:12
878,709,1,2026-08-01 19:06:15
878,92,3,2026-07-25 07:39:55
878,458,3,2026-08-10 08:48:03
878,226,3,2026-08-15 11:31:41
878,749,3,2026-07-19 19:31:19
878,649,2,2026-07-19 01:09:24
878,267,2,2026-08-07 05:20:55
878,315,2,2026-08-08 02:11:09
879,491,1,2026-08-11 16:53:16
879,958,5,2026-07-29 02:25:51
879,400,1,2026-08-13 08:01:56
879,672,4,2026-07-24 15:37:52
879,417,2,2026-08-07 08:00:55
879,820,4,2026-07-29 18:54:30
879,915,1,2026-08-07 04:42:09
879,38,5,2026-07-29 20:19:33
880,930,5,2026-08-13 13:08:06
880,241,2,2026-08-01 10:56:55
880,786,5,2026-08-03 02:18:35
880,503,5,2026-07-21 07:33:39
880,938,5,2026-07-22 04:31:37
880,253,5,2026-08-11 12:47:18
880,621,5,2026-08-02 13:00:11
880,3,4,2026-07-31 12:47:34
880,154,2,2026-07-17 21:12:49
880,967,4,2026-07-24 04:40:41
880,91,4,2026-07-31 01:11:08
880,808,1,2026-08-12 18:35:59
880,656,2,2026-08-02 12:04:52
880,205,1,2026-07-18 01:16:44
880,702,1,2026-07-24 10:20:15
880,77,3,2026-08-09 12:58:20
880,819,5,2026-07-27 02:13:36
880,680,1,2026-08-03 15:49:16
881,614,5,2026-08-03 22:02:46
881,94,5,2026-07-21 02:28:59
881,432,1,2026-07-23 22:43:38
881,158,3,2026-08-08 15:45:32
881,375,5,2026-07-23 07:20:49
881,362,4,2026-08-04 22:33:15
882,443,5,2026-07-18 21:42:40
882,584,3,2026-08-10 14:00:37
882,783,2,2026-08-10 08:42:49
882,645,5,2026-07-26 22:55:29
882,42,4,2026-07-30 15:24:41
882,929,1,2026-07-22 11:57:03
882,588,1,2026-07-21 09:49:35
882,632,5,2026-08-06 12:08:20
882,598,4,2026-07-21 23:32:39
882,388,3,2026-08-08 14:04:40
883,379,5,2026-07-28 01:34:59
883,133,4,2026-07-31 14:17:38
883,626,1,2026-07-17 05:37:03
883,560,2,2026-08-08 08:09:00
883,639,1,2026-08-02 08:56:23
883,761,4,2026-07-31 17:57:27
883,841,2,2026-07-17 01:20:18
883,404,2,2026-08-04 01:01:22
883,664,4,2026-07-23 09:22:13
883,706,4,2026-07-21 09:50:45
883,918,2,2026-08-14 11:25:26
883,284,3,2026-08-06 16:42:00
883,262,3,2026-07-20 04:28:54
883,492,5,2026-07-21 20:01:13
883,400,5,2026-07-22 13:30:55
883,79,1,2026-07-16 19:19:24
883,716,5,2026-07-25 13:29:40
883,877,2,2026-07-22 04:41:31
884,990,2,2026-08-11 14:23:13
884,576,4,2026-07-21 22:31:49
884,314,2,2026-07-24 13:39:22
884,522,5,2026-07-21 23:43:40
884,492,5,2026-07-23 15:59:14
884,922,5,2026-08-03 00:48:24
884,501,5,2026-07-20 13:05:13
884,971,3,2026-08-01 20:09:48
884,519,4,2026-08-05 04:34:29
884,660,1,2026-07-21 21:51:24
884,583,3,2026-08-11 08:45:02
884,199,4,2026-08-05 16:30:08
884,49,3,2026-08-10 12:50:19
884,475,4,2026-08-10 08:29:43
884,8,3,2026-08-01 09:12:17
884,384,4,2026-07-23 09:06:19
885,892,2,2026-08-05 17:56:30
885,100,2,2026-07-18 11:07:28
885,811,2,2026-08-06 21:56:26
885,220,5,2026-07-25 07:35:57
885,876,2,2026-08-02 15:53:21
885,280,4,2026-08-13 19:42:46
885,590,3,2026-07-18 14:52:20
885,317,1,2026-08-15 08:28:07
886,477,3,2026-08-08 14:50:48
886,973,5,2026-08-01 02:52:38
886,475,1,2026-08-07 17:17:30
886,460,5,2026-07-22 04:33:56
886,637,1,2026-07-24 19:46:46
886,941,5,2026-08-08 17:00:21
886,164,5,2026-07-26 10:46:19
886,330,5,2026-08-07 08:53:58
886,674,3,2026-08-03 03:08:04
886,55,5,2026-08-05 21:57:17
886,272,1,2026-07-20 06:11:48
886,41,5,2026-08-04 16:09:20
886,959,3,2026-07-26 07:55:46
886,790,2,2026-08-04 06:23:25
887,673,3,2026-07-26 08:21:08
887,196,3,2026-08-06 21:31:13
887,767,3,2026-08-06 14:11:20
887,431,5,2026-08-11 08:34:19
887,517,2,2026-07-22 02:13:36
887,892,2,2026-08-07 01:44:17
887,245,5,2026-08-04 17:21:49
887,54,2,2026-08-07 16:16:41
888,653,3,2026-07-24 21:24:41
888,479,3,2026-08-13 13:51:42
888,69,2,2026-08-06 12:58:43
888,380,5,2026-07-21 10:35:19
888,688,2,2026-07-28 01:10:21
888,518,3,2026-07-28 02:27:08
888,551,5,2026-07-23 01:34:19
888,322,2,2026-07-21 02:11:10
888,478,4,2026-08-14 23:13:23
888,241,3,2026-07-29 04:49:59
888,863,1,2026-08-01 16:57:45
888,836,1,2026-08-03 05:18:28
888,81,3,2026-08-02 18:42:38
888,341,5,2026-08-03 09:02:33
888,941,3,2026-07-18 19:12:37
888,929,5,2026-07-20 02:17:24
889,700,5,2026-08-02 07:58:42
889,29,4,2026-07-31 13:02:40
889,762,2,2026-08-06 19:43:38
889,381,1,2026-08-04 22:16:50
889,394,3,2026-07-21 01:57:27
889,644,3,2026-08-14 01:28:46
889,5,4,2026-07-30 01:48:00
889,991,1,2026-08-06 22:07:16
890,345,5,2026-07-17 07:05:53
890,451,4,2026-08-02 13:41:27
890,466,2,2026-08-13 17:08:24
890,18,5,2026-07-18 00:50:32
890,258,3,2026-07-20 13:53:04
890,368,5,2026-08-01 22:06:02
890,699,3,2026-07-24 17:09:55
890,728,2,2026-08-14 19:11:27
890,261,4,2026-07-26 15:20:46
890,457,1,2026-07-28 15:39:06
890,883,3,2026-07-27 11:26:30
891,807,2,2026-07-20 17:35:37
891,728,4,2026-07-29 22:30:02
891,934,4,2026-08-07 01:25:20
891,377,2,2026-08-08 12:57:50
891,743,1,2026-07-21 21:56:51
891,93,1,2026-08-10 14:37:51
891,470,1,2026-07-31 00:53:34
891,322,4,2026-07-25 14:54:32
891,657,5,2026-08-01 04:49:50
891,44,4,2026-07-29 22:22:30
892,323,3,2026-08-07 21:37:39
892,262,2,2026-08-09 20:34:54
892,129,3,2026-08-05 14:33:01
892,923,5,2026-08-02 00:32:14
892,52,1,2026-07-17 05:10:02
893,881,5,2026-08-03 17:53:04
893,636,2,2026-07-28 08:25:54
893,551,5,2026-08-07 04:54:39
893,590,1,2026-07-27 01:03:27
893,545,1,2026-07-28 10:44:38
893,996,2,2026-08-14 05:45:33
893,968,5,2026-08-03 08:23:11
893,332,1,2026-07-17 06:40:21
893,855,1,2026-07-19 05:20:44
893,168,4,2026-08-06 16:33:00
893,194,2,2026-07-26 08:52:37
893,892,1,2026-08-10 04:44:39
893,582,4,2026-07-16 19:32:15
893,893,5,2026-07-31 09:33:45
893,974,2,2026-07-29 22:26:09
893,327,4,2026-08-14 17:04:17
893,410,4,2026-08-09 12:16:53
893,712,1,2026-08-08 22:31:25
893,610,4,2026-08-13 08:49:39
894,228,3,2026-07-23 21:44:54
894,773,3,2026-07-23 09:17:05
894,74,3,2026-07-31 10:12:58
894,812,4,2026-08-09 21:40:28
894,319,4,2026-08-07 18:48:36
894,821,5,2026-07-25 23:23:38
894,336,3,2026-08-10 15:34:15
894,83,5,2026-08-08 06:00:44
894,509,2,2026-07-16 17:45:12
894,115,4,2026-07-29 07:54:31
894,144,3,2026-08-14 01:31:45
894,225,4,2026-08-11 15:52:00
894,751,4,2026-07-27 11:18:39
894,437,2,2026-07-16 16:03:24
895,143,4,2026-07-23 16:08:04
895,909,5,2026-08-01 22:11:40
895,416,1,2026-08-06 13:27:30
895,472,2,2026-08-13 13:36:50
895,457,1,2026-08-02 08:34:30
895,451,5,2026-08-14 05:13:04
895,174,1,2026-08-13 20:24:51
895,619,5,2026-08-07 06:36:19
895,266,3,2026-07-29 09:51:33
895,462,3,2026-08-02 20:27:20
896,883,3,2026-07-23 14:09:16
896,523,1,2026-07-25 18:03:00
896,903,4,2026-08-06 02:31:48
896,228,1,2026-07-20 15:51:48
896,514,4,2026-07-17 14:39:41
897,383,4,2026-07-19 18:04:05
897,84,4,2026-07-25 19:15:59
897,717,4,2026-07-27 02:46:38
897,951,1,2026-07-25 20:26:37
897,172,2,2026-07-25 21:26:39
897,179,4,2026-07-18 14:21:23
897,966,4,2026-07-17 06:10:10
897,772,1,2026-08-12 23:42:29
897,563,5,2026-08-13 22:18:13
897,161,5,2026-08-07 06:38:34
897,684,3,2026-08-15 02:24:20
898,959,2,2026-07-19 16:44:53
898,154,5,2026-07-28 20:03:37
898,344,1,2026-07-19 05:08:42
898,117,3,2026-08-08 07:31:19
898,364,1,2026-08-15 03:36:25
898,350,3,2026-08-10 08:09:22
898,715,3,2026-07-24 18:29:40
898,22,2,2026-08-08 16:25:21
898,956,2,2026-08-15 07:20:45
898,813,5,2026-08-05 20:05:25
898,440,3,2026-08-05 14:16:12
898,32,4,2026-08-07 15:45:35
898,33,1,2026-07-28 21:30:12
898,920,5,2026-08-12 07:56:07
898,207,1,2026-07-25 14:45:36
898,116,4,2026-08-08 03:45:35
898,926,1,2026-08-15 13:00:22
898,150,3,2026-08-11 22:14:20
899,149,1,2026-07-19 13:25:00
899,784,1,2026-08-04 17:38:04
899,428,4,2026-08-06 06:47:53
899,153,1,2026-07-26 10:30:16
899,383,5,2026-08-14 08:22:18
899,816,1,2026-07-19 22:35:40
899,709,5,2026-07-17 21:34:10
899,190,3,2026-08-10 18:27:39
899,58,1,2026-07-30 18:33:54
900,104,4,2026-07-31 18:24:59
900,867,5,2026-07-29 03:29:34
900,826,1,2026-07-25 03:41:17
900,663,5,2026-08-08 16:49:37
900,528,1,2026-07-21 00:28:25
900,981,2,2026-08-13 21:01:58
900,593,4,2026-07-28 03:15:02
900,791,3,2026-08-14 12:51:11
900,288,3,2026-08-06 13:21:40
900,233,3,2026-07-31 23:38:35
900,265,1,2026-07-29 17:30:40
900,698,2,2026-08-10 06:57:19
900,221,5,2026-07-20 08:17:38
901,391,3,2026-07-27 09:58:41
901,359,1,2026-07-26 17:30:12
901,67,1,2026-08-05 06:42:27
901,677,2,2026-07-26 16:08:08
901,622,2,2026-08-11 01:04:02
901,793,5,2026-08-01 13:17:25
902,568,1,2026-07-23 15:09:54
902,699,4,2026-07-26 12:50:22
902,752,1,2026-07-27 12:25:35
902,131,4,2026-07-17 22:55:18
902,480,2,2026-07-21 18:40:59
902,962,3,2026-07-25 20:27:57
902,737,1,2026-08-02 01:39:08
902,120,4,2026-07-19 13:15:10
902,478,1,2026-08-08 14:09:52
902,554,1,2026-07-21 17:20:08
902,215,2,2026-07-19 14:14:34
902,774,5,2026-08-13 12:07:03
902,414,4,2026-07-23 01:10:11
902,559,1,2026-08-08 17:52:03
902,372,1,2026-07-25 19:39:12
902,816,2,2026-08-06 06:59:00
902,654,1,2026-08-11 05:39:06
903,706,2,2026-07-31 09:24:28
903,325,1,2026-07-28 10:05:08
903,889,2,2026-08-06 13:05:08
903,721,2,2026-07-27 13:13:06
903,255,4,2026-07-29 17:01:48
903,260,1,2026-07-30 13:55:55
903,316,3,2026-07-30 06:47:37
904,568,2,2026-07-23 03:41:05
904,612,3,2026-07-29 00:11:04
904,107,3,2026-07-31 19:52:49
904,796,1,2026-08-13 21:43:01
904,13,1,2026-08-08 22:47:47
904,524,1,2026-07-22 18:11:12
904,56,1,2026-08-05 04:57:20
904,308,3,2026-08-01 11:15:48
904,394,3,2026-08-13 09:19:42
904,564,4,2026-08-02 21:30:14
904,984,5,2026-07-16 16:01:04
904,781,1,2026-08-07 22:10:59
904,286,4,2026-08-15 07:53:16
904,633,5,2026-08-02 21:41:23
904,658,4,2026-07-30 08:23:13
905,881,3,2026-08-08 13:26:23
905,120,2,2026-07-29 00:02:40
905,93,5,2026-08-04 04:02:50
905,608,4,2026-07-28 04:47:29
905,448,1,2026-07-24 12:43:59
905,988,1,2026-08-09 23:40:10
905,935,2,2026-07-31 13:47:48
905,199,1,2026-07-31 19:50:59
905,849,4,2026-07-24 16:00:29
905,5,4,2026-07-31 00:20:39
905,929,5,2026-07-22 15:01:15
905,196,1,2026-07-26 09:07:20
905,510,2,2026-08-06 13:21:33
905,895,2,2026-07-27 06:29:22
905,303,1,2026-07-21 12:55:46
905,77,2,2026-07-28 00:16:47
905,720,2,2026-07-19 09:53:43
905,765,2,2026-08-14 05:07:05
905,285,3,2026-07-21 07:24:13
905,393,1,2026-08-15 06:14:28
906,169,2,2026-08-03 12:18:14
906,557,3,2026-08-08 14:52:36
906,516,5,2026-08-11 07:17:37
906,889,5,2026-08-14 17:05:18
906,121,3,2026-07-26 06:33:06
907,220,1,2026-08-12 03:55:36
907,317,5,2026-08-13 21:50:05
907,570,2,2026-08-07 19:17:48
907,55,4,2026-08-07 19:42:46
907,757,5,2026-07-31 08:37:59
907,239,1,2026-08-09 20:41:36
907,338,4,2026-08-13 09:16:56
908,439,5,2026-08-08 08:00:46
908,373,1,2026-07-21 10:17:34
908,717,2,2026-07-20 11:29:30
908,794,4,2026-08-05 20:32:30
908,723,3,2026-08-06 21:50:24
908,261,5,2026-08-09 09:48:46
908,614,3,2026-08-06 02:34:05
908,355,1,2026-08-14 03:46:30
908,259,4,2026-08-13 04:15:10
908,170,1,2026-07-17 11:10:42
908,199,2,2026-07-17 05:50:10
908,144,1,2026-07-21 20:58:24
908,752,3,2026-08-10 01:31:45
909,947,1,2026-08-05 04:20:25
909,651,4,2026-07-19 18:39:47
909,546,4,2026-08-02 00:25:43
909,792,4,2026-08-06 02:26:05
909,267,3,2026-08-03 04:10:05
909,48,5,2026-08-02 23:33:23
909,393,3,2026-07-27 22:53:07
909,513,1,2026-08-04 15:48:59
909,331,1,2026-07-26 01:08:27
909,564,3,2026-07-30 02:49:33
909,395,5,2026-07-16 23:47:30
909,746,1,2026-07-25 13:12:25
909,619,5,2026-07-29 17:37:17
909,168,5,2026-08-03 23:52:14
910,666,5,2026-07-18 03:46:01
910,695,5,2026-07-30 13:29:59
910,713,2,2026-07-20 07:26:30
910,490,3,2026-08-14 04:18:59
910,872,2,2026-08-10 22:25:35
910,30,5,2026-08-06 06:43:15
910,840,1,2026-08-02 02:45:10
910,140,5,2026-07-30 23:29:17
910,67,5,2026-08-12 01:34:30
910,248,5,2026-07-27 11:08:25
910,620,5,2026-08-08 15:02:17
910,563,1,2026-07-20 08:51:41
910,10,1,2026-08-12 01:13:08
910,223,2,2026-07-28 11:46:27
910,100,2,2026-08-07 05:05:14
910,8,2,2026-07-23 01:35:02
910,693,3,2026-07-21 03:46:34
910,439,2,2026-07-31 00:26:25
910,578,5,2026-07-25 21:16:00
910,832,2,2026-07-17 05:28:17
911,272,2,2026-07-26 03:51:59
911,58,4,2026-07-23 21:54:37
911,691,4,2026-07-22 18:54:21
911,624,5,2026-08-11 12:00:52
911,194,4,2026-08-14 10:44:04
911,710,4,2026-08-13 20:22:13
911,940,1,2026-08-15 05:24:46
911,154,3,2026-08-05 03:26:15
911,715,4,2026-08-01 10:49:07
911,669,1,2026-08-05 02:54:24
912,73,5,2026-08-04 11:24:05
912,81,2,2026-08-12 00:14:00
912,690,1,2026-08-04 13:16:30
912,772,5,2026-07-23 05:03:35
912,589,3,2026-07-26 00:33:56
912,373,3,2026-07-17 22:10:49
912,764,2,2026-07-24 15:17:39
913,809,3,2026-07-17 21:24:17
913,303,4,2026-08-11 01:46:16
913,635,5,2026-08-07 00:29:30
913,445,2,2026-08-01 09:51:35
913,330,5,2026-07-27 23:29:54
913,676,4,2026-07-21 01:22:54
913,684,5,2026-07-30 16:39:21
913,535,3,2026-08-03 00:46:39
914,651,5,2026-07-29 07:07:50
914,291,5,2026-08-14 14:29:19
914,974,4,2026-08-03 05:14:22
914,394,4,2026-07-17 23:43:56
914,934,3,2026-07-22 03:31:04
914,995,3,2026-07-30 05:59:23
914,109,1,2026-07-31 13:41:35
914,704,1,2026-07-29 20:22:38
914,895,2,2026-07-24 19:48:42
914,366,5,2026-08-08 17:11:14
914,859,4,2026-07-30 02:13:24
914,391,2,2026-08-02 12:34:42
914,92,4,2026-07-19 06:48:48
914,437,2,2026-08-09 11:49:41
914,144,2,2026-07-20 22:57:00
914,861,4,2026-08-11 02:24:12
914,926,2,2026-07-30 10:14:35
914,124,4,2026-07-26 22:07:52
914,426,3,2026-08-02 01:58:12
914,297,1,2026-08-14 02:07:31
915,345,3,2026-07-26 05:33:15
915,856,2,2026-07-20 19:29:54
915,506,2,2026-07-27 08:08:17
915,760,4,2026-08-09 17:20:34
915,686,2,2026-08-11 19:38:56
915,512,4,2026-07-20 16:30:17
915,649,3,2026-07-29 23:15:27
915,476,2,2026-07-26 00:42:53
915,266,3,2026-07-21 15:26:04
915,406,3,2026-07-17 15:24:41
915,159,1,2026-08-01 00:06:36
915,168,2,2026-07-21 05:21:04
915,590,4,2026-08-10 00:21:39
915,407,5,2026-08-01 19:03:58
915,582,5,2026-07-25 17:25:19
915,144,2,2026-07-23 22:25:16
915,143,1,2026-08-14 21:43:06
915,358,3,2026-08-01 09:45:30
916,653,3,2026-07-16 20:39:21
916,530,2,2026-08-06 21:18:07
916,688,2,2026-07-31 19:40:33
916,914,2,2026-07-26 07:14:44
916,353,1,2026-07-28 22:35:01
916,942,1,2026-07-28 19:20:33
916,494,2,2026-08-02 15:17:11
916,570,4,2026-08-10 18:57:40
917,811,4,2026-08-15 06:24:14
917,415,1,2026-08-05 06:47:00
917,454,5,2026-08-07 16:50:29
917,450,5,2026-08-04 00:58:30
917,126,1,2026-08-09 16:27:20
917,702,5,2026-07-31 01:57:46
917,925,3,2026-07-20 15:39:14
917,135,1,2026-07-21 18:28:58
917,985,3,2026-08-07 13:35:48
917,333,1,2026-08-05 10:27:47
918,266,3,2026-07-30 11:46:08
918,504,4,2026-08-01 23:32:59
918,43,2,2026-08-13 06:41:40
918,168,3,2026-07-21 02:27:24
918,74,5,2026-07-18 15:24:06
918,166,4,2026-08-06 18:35:40
918,292,5,2026-07-21 03:01:19
918,318,4,2026-08-06 03:58:30
918,97,3,2026-07-25 10:43:33
918,369,5,2026-08-13 10:04:13
918,145,3,2026-07-31 20:35:38
918,496,2,2026-07-18 20:35:37
918,222,1,2026-07-19 02:32:19
918,389,2,2026-07-18 23:26:10
918,100,1,2026-08-14 13:19:46
918,555,1,2026-07-27 07:10:42
919,140,5,2026-08-14 22:19:36
919,591,5,2026-08-08 10:46:14
919,640,2,2026-07-28 18:41:31
919,431,4,2026-08-10 22:56:29
919,899,2,2026-08-03 21:31:18
919,300,3,2026-07-23 16:32:12
919,243,1,2026-07-20 09:08:19
919,230,3,2026-08-13 03:11:27
919,33,5,2026-07-18 07:23:13
919,894,2,2026-07-23 03:53:14
919,214,1,2026-08-02 01:25:51
919,642,4,2026-07-28 10:34:23
919,218,4,2026-08-01 16:03:26
919,707,1,2026-08-10 19:49:54
919,125,2,2026-08-03 19:07:52
919,94,3,2026-07-21 09:13:23
919,107,5,2026-08-15 10:10:28
920,458,4,2026-08-08 18:27:13
920,285,2,2026-07-29 14:16:46
920,254,1,2026-07-30 01:34:29
920,30,5,2026-08-08 12:33:57
920,317,1,2026-08-09 02:35:50
920,370,1,2026-08-05 17:38:03
920,427,1,2026-08-04 13:47:52
920,824,1,2026-08-10 06:26:11
920,830,2,2026-07-18 07:59:59
920,275,1,2026-07-20 14:36:31
920,487,5,2026-07-26 03:55:48
920,765,1,2026-08-03 03:32:48
920,919,1,2026-07-29 12:06:10
920,755,2,2026-07-20 13:26:01
920,131,2,2026-08-12 21:35:11
920,442,5,2026-07-17 12:24:57
921,692,1,2026-08-14 16:08:19
921,110,4,2026-07-21 03:18:49
921,82,2,2026-07-25 06:03:05
921,581,1,2026-08-12 12:21:57
921,295,4,2026-08-05 17:15:43
922,179,2,2026-07-24 08:31:05
922,344,1,2026-08-06 18:12:37
922,701,4,2026-08-04 15:15:36
922,251,2,2026-08-07 18:11:06
922,502,1,2026-08-04 14:16:57
922,739,1,2026-07-19 15:02:42
923,899,2,2026-07-28 01:29:42
923,118,2,2026-07-18 17:16:21
923,331,4,2026-08-02 12:10:42
923,433,3,2026-08-11 19:13:43
923,749,5,2026-08-08 07:46:36
923,700,2,2026-08-14 04:03:48
923,889,2,2026-07-23 17:27:38
923,964,2,2026-07-22 06:20:16
923,375,2,2026-07-22 18:03:17
923,104,3,2026-07-26 03:30:58
923,666,4,2026-08-09 11:00:44
923,588,1,2026-07-25 11:39:03
923,158,4,2026-07-31 16:43:42
923,116,2,2026-08-02 04:30:04
924,978,3,2026-08-15 15:33:10
924,35,2,2026-07-30 08:56:30
924,861,4,2026-07-31 22:57:27
924,500,2,2026-08-10 05:16:49
924,478,1,2026-07-27 02:13:48
924,527,5,2026-07-30 00:18:09
924,884,5,2026-08-04 01:37:36
924,690,2,2026-07-22 01:43:50
924,522,2,2026-07-30 16:59:17
924,773,4,2026-07-26 13:03:10
924,149,3,2026-07-21 19:40:29
924,58,1,2026-07-26 10:11:17
924,80,1,2026-08-02 20:16:26
924,390,3,2026-07-27 02:01:28
924,887,2,2026-08-13 04:51:20
924,290,1,2026-08-10 00:59:51
924,458,1,2026-08-05 20:37:23
924,210,5,2026-07-30 20:10:27
924,129,5,2026-08-04 12:30:20
924,63,5,2026-08-02 14:37:57
925,90,2,2026-08-14 20:22:09
925,996,5,2026-08-10 02:14:43
925,650,2,2026-07-26 05:45:25
925,47,1,2026-08-07 06:09:54
925,654,4,2026-07-17 18:30:28
925,179,1,2026-08-13 16:29:11
925,995,5,2026-08-04 05:32:23
925,614,3,2026-07-28 21:29:27
925,123,4,2026-08-04 05:11:42
925,704,5,2026-08-01 07:28:36
925,803,2,2026-08-12 07:22:38
925,437,5,2026-08-07 08:45:24
925,832,2,2026-08-10 20:37:28
925,337,3,2026-08-02 12:32:04
925,67,1,2026-08-09 10:58:10
925,652,2,2026-07-28 07:35:01
925,1,2,2026-08-08 19:50:22
926,469,5,2026-08-12 11:02:56
926,426,1,2026-07-24 06:04:18
926,837,3,2026-08-07 17:05:38
926,232,1,2026-08-03 23:22:27
926,462,4,2026-07-24 00:03:18
926,645,5,2026-07-30 21:46:44
926,273,3,2026-07-21 16:44:16
926,713,5,2026-08-05 14:59:05
926,838,1,2026-08-11 17:38:15
926,212,1,2026-08-04 03:31:46
926,295,2,2026-07-24 07:50:32
926,195,5,2026-08-02 01:31:05
926,351,2,2026-07-17 06:03:24
926,897,4,2026-07-19 00:28:05
926,500,5,2026-07-20 06:31:38
927,291,4,2026-08-03 01:06:40
927,808,2,2026-07-24 14:28:51
927,148,3,2026-08-02 12:04:06
927,423,4,2026-08-13 01:56:34
927,510,1,2026-07-17 20:53:27
927,557,3,2026-08-03 09:48:35
927,642,5,2026-08-08 16:43:22
927,140,3,2026-08-06 21:33:19
927,692,5,2026-07-21 05:55:24
927,269,1,2026-08-09 17:47:13
928,369,1,2026-08-15 00:40:23
928,66,4,2026-07-29 05:38:17
928,876,3,2026-08-02 20:39:30
928,721,2,2026-08-11 09:23:45
928,754,1,2026-08-15 02:57:57
928,630,1,2026-07-20 04:33:09
928,585,3,2026-08-04 03:21:40
928,756,2,2026-08-03 23:11:20
928,329,4,2026-07-21 19:47:22
928,112,2,2026-07-24 05:06:04
928,471,3,2026-07-26 22:00:48
928,694,1,2026-08-14 06:54:04
928,261,2,2026-07-21 12:51:08
928,292,3,2026-07-19 02:51:36
928,179,1,2026-07-24 21:40:18
928,991,3,2026-08-12 09:58:13
928,895,4,2026-08-01 19:45:47
928,55,4,2026-08-11 17:23:30
928,968,3,2026-08-04 23:09:32
928,946,4,2026-07-19 11:22:07
929,602,1,2026-07-16 22:28:00
929,684,5,2026-07-28 23:58:04
929,232,2,2026-07-22 20:51:38
929,531,5,2026-08-11 19:34:42
929,186,1,2026-08-10 02:11:06
929,60,4,2026-07-18 07:55:55
929,131,4,2026-07-28 14:25:05
929,423,2,2026-08-12 03:05:43
929,35,2,2026-07-24 05:28:01
929,277,1,2026-07-22 21:05:51
929,170,5,2026-07-19 10:14:37
929,147,1,2026-07-26 17:55:57
929,492,3,2026-07-28 23:43:53
929,153,1,2026-07-22 23:42:44
929,514,5,2026-08-05 22:21:48
929,114,2,2026-07-25 06:51:59
930,794,1,2026-08-02 21:36:36
930,214,3,2026-07-27 15:14:28
930,197,2,2026-07-24 03:09:54
930,392,4,2026-07-21 06:53:02
930,486,2,2026-07-25 15:23:21
930,765,3,2026-07-27 06:52:28
930,264,5,2026-08-10 13:48:12
930,695,5,2026-07-25 02:45:20
930,892,5,2026-08-01 04:02:45
931,203,1,2026-08-09 20:20:04
931,840,5,2026-07-22 07:37:02
931,102,2,2026-07-30 01:27:41
931,449,4,2026-07-25 08:25:55
931,406,2,2026-08-07 20:00:54
931,340,5,2026-07-16 23:56:19
931,344,2,2026-08-12 11:32:53
931,313,4,2026-07-26 13:16:50
931,772,5,2026-07-21 13:31:28
931,159,4,2026-08-07 08:49:32
931,666,1,2026-07-23 16:53:45
931,954,4,2026-07-21 18:01:46
931,768,1,2026-08-02 07:40:22
932,507,2,2026-07-20 06:30:30
932,746,4,2026-08-12 00:07:54
932,841,3,2026-07-20 14:16:05
932,807,4,2026-08-13 10:32:12
932,613,2,2026-08-15 12:05:39
933,136,1,2026-08-09 20:14:21
933,193,5,2026-07-17 14:54:26
933,87,2,2026-08-11 18:42:57
933,700,2,2026-08-09 07:21:50
933,106,3,2026-08-08 19:20:16
933,907,3,2026-07-29 05:41:58
933,148,1,2026-07-22 09:20:12
933,331,2,2026-07-27 04:12:13
933,295,3,2026-07-20 14:04:59
933,456,5,2026-07-31 11:39:23
933,283,2,2026-08-10 09:28:06
933,536,3,2026-07-26 07:26:22
933,956,4,2026-07-25 15:56:48
933,781,5,2026-08-04 09:42:31
933,130,2,2026-08-04 20:09:50
933,116,4,2026-08-08 08:06:30
933,533,1,2026-07-29 12:52:15
933,980,5,2026-07-31 09:19:26
933,974,5,2026-07-27 17:23:50
933,633,2,2026-07-26 19:23:12
934,329,5,2026-07-19 05:08:27
934,685,4,2026-08-02 11:37:43
934,950,5,2026-07-30 21:32:18
934,151,3,2026-08-13 19:01:53
934,107,2,2026-07-18 11:52:55
934,279,1,2026-08-10 00:38:06
934,753,2,2026-07-27 05:53:54
934,120,4,2026-08-04 04:12:34
934,967,1,2026-08-03 05:10:25
934,42,5,2026-07-24 19:45:15
934,301,3,2026-07-21 05:04:20
934,47,1,2026-07-20 21:44:43
934,299,5,2026-07-22 18:39:48
934,254,2,2026-08-10 11:00:44
934,827,4,2026-07-20 07:07:50
935,26,3,2026-08-08 10:32:58
935,224,4,2026-08-09 12:53:47
935,336,5,2026-07-22 15:25:16
935,904,1,2026-07-20 20:10:44
935,944,5,2026-08-01 11:50:25
935,761,1,2026-08-09 11:44:24
935,1000,2,2026-08-01 21:37:23
936,889,2,2026-07-26 15:29:26
936,638,3,2026-07-18 21:49:34
936,969,2,2026-08-11 22:59:37
936,220,1,2026-08-11 02:27:09
936,720,5,2026-08-07 21:05:13
936,610,4,2026-07-28 11:08:12
936,852,4,2026-07-25 18:11:45
936,291,3,2026-08-08 19:12:04
936,21,3,2026-08-13 05:37:37
936,404,3,2026-08-06 15:05:05
936,333,1,2026-07-23 04:17:10
936,769,4,2026-08-13 17:21:06
936,870,2,2026-07-27 03:46:27
936,653,1,2026-08-11 21:25:55
936,694,4,2026-08-14 12:53:19
937,34,1,2026-08-04 03:53:28
937,607,3,2026-07-26 01:05:27
937,977,4,2026-07-25 05:57:24
937,183,4,2026-08-15 05:33:19
937,577,3,2026-07-26 14:40:34
937,553,2,2026-07-25 14:31:54
937,670,1,2026-08-07 14:59:10
937,584,2,2026-07-30 22:18:37
937,159,3,2026-07-22 00:42:56
937,658,1,2026-08-02 03:11:30
937,349,1,2026-07-25 19:32:52
938,709,1,2026-07-30 17:52:37
938,930,3,2026-08-08 07:48:03
938,731,3,2026-08-03 23:16:29
938,84,3,2026-08-07 06:27:00
938,431,5,2026-07-23 01:09:43
938,283,3,2026-07-20 18:07:00
938,719,4,2026-07-30 09:17:04
938,241,4,2026-07-22 20:48:42
938,510,2,2026-08-03 10:02:43
938,273,3,2026-08-06 06:19:22
938,403,1,2026-07-24 22:16:59
938,737,5,2026-07-23 21:48:52
938,247,3,2026-08-11 09:54:42
938,409,2,2026-08-12 15:39:55
938,724,4,2026-07-18 05:36:57
938,524,5,2026-07-29 15:11:52
938,793,5,2026-07-21 19:07:13
939,425,4,2026-07-21 10:23:07
939,450,4,2026-08-08 19:30:04
939,710,2,2026-07-17 09:44:08
939,282,1,2026-08-09 07:02:27
939,37,1,2026-08-09 11:18:02
939,348,4,2026-08-12 17:01:49
939,75,3,2026-07-25 22:08:22
939,419,3,2026-08-12 17:54:14
939,34,5,2026-08-08 06:08:22
939,50,3,2026-08-01 07:35:02
939,504,3,2026-08-07 01:56:31
939,358,3,2026-07-29 10:16:52
939,80,1,2026-07-30 18:19:06
939,120,4,2026-07-23 00:21:39
939,448,1,2026-08-09 09:31:36
939,237,4,2026-08-12 04:53:35
939,856,4,2026-08-03 11:17:08
939,954,1,2026-07-28 19:08:58
939,969,4,2026-07-25 20:35:40
940,945,2,2026-07-28 16:22:16
940,754,1,2026-08-03 13:31:44
940,92,1,2026-08-15 09:23:29
940,34,3,2026-07-21 00:34:50
940,336,1,2026-07-28 22:05:46
940,986,2,2026-07-30 15:29:38
940,139,2,2026-07-20 20:00:55
940,649,2,2026-07-29 18:19:05
940,9,1,2026-07-29 14:01:52
940,926,1,2026-07-27 10:10:57
940,537,3,2026-07-25 11:46:56
940,730,1,2026-07-18 04:42:50
940,885,2,2026-07-26 01:58:50
940,128,4,2026-08-03 23:24:19
941,77,3,2026-07-26 06:13:30
941,914,1,2026-08-03 12:34:30
941,990,5,2026-08-03 08:04:27
941,342,5,2026-08-03 05:05:37
941,600,3,2026-08-15 12:20:21
941,947,2,2026-07-29 12:13:38
941,531,2,2026-08-11 11:53:10
941,212,2,2026-08-04 20:23:33
941,982,2,2026-08-11 16:05:22
941,105,4,2026-07-18 10:54:54
941,85,2,2026-07-27 03:03:44
941,563,5,2026-07-23 21:55:08
942,968,2,2026-07-24 10:23:56
942,635,3,2026-08-12 18:38:25
942,787,2,2026-08-11 09:02:24
942,494,5,2026-07-22 21:11:47
942,515,2,2026-08-02 20:18:18
942,984,2,2026-07-23 18:30:56
942,718,5,2026-07-21 22:14:31
942,474,4,2026-08-14 09:24:27
942,208,4,2026-08-08 05:48:34
942,250,5,2026-08-08 07:01:58
942,288,4,2026-07-21 14:28:27
942,301,3,2026-08-12 06:49:48
942,997,5,2026-07-19 17:13:38
942,819,4,2026-07-22 00:03:05
942,258,2,2026-07-25 07:43:31
942,584,1,2026-08-12 08:17:53
942,965,3,2026-07-29 09:55:46
942,210,4,2026-08-13 01:18:38
942,527,3,2026-07-31 12:31:34
942,13,4,2026-07-29 19:28:58
943,13,4,2026-08-04 10:56:24
943,972,5,2026-07-22 07:17:18
943,285,4,2026-07-26 05:38:41
943,422,2,2026-07-30 12:32:08
943,610,1,2026-07-31 09:47:18
943,580,1,2026-07-22 10:22:20
943,582,1,2026-08-05 16:27:30
943,893,4,2026-08-03 13:23:53
943,705,3,2026-08-10 18:04:50
943,499,1,2026-08-14 03:23:57
943,505,1,2026-08-03 20:19:47
944,890,5,2026-07-30 23:28:41
944,450,3,2026-07-22 18:41:42
944,380,3,2026-07-27 14:19:47
944,548,5,2026-08-05 15:27:33
944,883,1,2026-07-17 09:57:46
944,457,4,2026-08-06 12:38:09
944,71,5,2026-07-16 16:32:48
944,894,5,2026-07-22 17:09:50
944,54,1,2026-07-29 17:38:09
945,874,2,2026-08-08 11:40:18
945,953,2,2026-07-26 17:44:28
945,593,3,2026-07-26 22:51:55
945,243,5,2026-08-14 04:08:48
945,866,3,2026-07-25 08:49:51
945,554,3,2026-07-19 23:02:18
945,16,1,2026-07-27 11:03:39
945,357,4,2026-08-07 04:12:09
945,588,1,2026-08-15 02:44:33
945,223,1,2026-08-07 10:23:42
945,184,5,2026-07-22 10:46:00
945,561,5,2026-07-19 23:59:27
945,313,4,2026-08-07 19:05:59
945,163,5,2026-07-24 19:48:45
946,763,3,2026-08-03 19:26:23
946,440,5,2026-08-10 19:18:29
946,997,4,2026-07-29 23:42:38
946,830,2,2026-07-18 16:40:07
946,771,4,2026-08-13 16:54:15
946,999,2,2026-07-30 01:22:34
946,503,4,2026-07-22 11:12:50
946,918,5,2026-08-14 17:50:20
946,499,1,2026-07-22 21:30:38
946,962,4,2026-08-03 09:17:21
946,275,5,2026-08-13 21:55:19
946,38,2,2026-07-31 10:40:40
946,884,5,2026-07-30 06:07:05
946,471,5,2026-08-09 01:21:13
946,498,2,2026-07-28 16:17:12
946,660,2,2026-07-20 16:05:59
946,324,4,2026-08-02 11:03:49
946,744,2,2026-08-03 01:02:11
946,337,1,2026-08-07 19:01:50
947,473,2,2026-08-05 06:00:15
947,337,1,2026-08-02 09:51:52
947,177,4,2026-08-05 01:43:03
947,284,3,2026-08-12 00:14:21
947,678,1,2026-07-26 19:26:08
947,633,1,2026-07-19 02:49:05
947,166,4,2026-07-20 17:03:00
947,610,2,2026-08-01 05:53:25
947,685,2,2026-08-07 02:07:45
947,127,1,2026-08-05 07:18:57
947,972,2,2026-07-20 14:46:43
947,808,3,2026-08-04 10:30:26
947,506,5,2026-08-13 06:20:46
947,863,4,2026-08-03 03:34:10
947,984,1,2026-08-04 10:59:45
947,246,2,2026-07-18 10:11:16
947,144,2,2026-08-03 11:09:25
948,869,2,2026-07-24 03:24:13
948,415,3,2026-08-10 19:18:31
948,824,4,2026-07-27 04:16:59
948,731,3,2026-08-14 04:06:01
948,147,3,2026-08-06 03:49:43
948,347,1,2026-08-09 05:51:09
948,447,1,2026-08-15 11:42:03
948,936,5,2026-07-20 19:46:05
948,66,3,2026-08-04 22:23:50
948,835,3,2026-08-09 09:38:49
948,215,3,2026-07-31 17:23:20
948,514,1,2026-08-05 11:05:57
948,142,3,2026-08-06 17:04:07
948,233,1,2026-08-05 22:11:27
948,69,4,2026-08-07 16:36:06
948,139,4,2026-07-23 15:26:33
949,448,5,2026-07-19 09:07:28
949,387,3,2026-07-20 17:35:49
949,123,3,2026-07-26 13:18:23
949,605,2,2026-08-13 18:22:54
949,259,5,2026-08-08 07:06:16
949,462,3,2026-07-31 03:26:04
950,356,1,2026-08-13 08:42:47
950,584,4,2026-07-25 22:15:54
950,919,2,2026-08-06 00:01:48
950,857,4,2026-07-26 20:46:49
950,228,5,2026-07-30 16:30:17
950,125,4,2026-08-09 02:03:14
950,69,3,2026-08-07 02:22:28
950,810,2,2026-08-08 22:08:14
950,63,4,2026-08-12 00:05:37
950,504,1,2026-07-22 23:55:17
950,127,3,2026-07-26 09:02:35
950,555,3,2026-08-09 15:38:36
951,888,1,2026-08-08 03:20:43
951,518,1,2026-08-09 05:29:19
951,181,1,2026-07-23 03:42:56
951,211,5,2026-07-17 11:46:16
951,941,5,2026-07-31 17:06:17
951,784,2,2026-07-27 01:15:56
951,671,3,2026-07-29 10:10:39
951,448,2,2026-07-27 14:03:16
952,110,3,2026-07-18 18:52:05
952,268,5,2026-08-03 05:48:12
952,585,3,2026-07-31 17:33:33
952,836,4,2026-07-30 16:37:26
952,970,1,2026-07-31 11:04:35
952,270,5,2026-07-19 03:27:10
952,755,2,2026-08-07 14:02:24
952,631,1,2026-07-19 18:35:39
952,780,5,2026-08-01 21:23:12
952,991,4,2026-08-10 17:53:24
952,274,3,2026-08-15 03:44:58
952,552,2,2026-08-07 11:01:49
952,283,2,2026-07-27 03:45:07
952,862,2,2026-08-12 15:55:55
952,98,5,2026-07-28 06:55:35
952,650,4,2026-07-23 10:28:58
952,590,1,2026-07-18 06:18:28
952,627,2,2026-08-07 14:49:55
953,292,3,2026-08-14 08:21:13
953,84,4,2026-07-28 23:56:45
953,531,2,2026-08-11 03:59:24
953,28,2,2026-07-20 03:48:01
953,823,4,2026-08-13 05:14:58
953,164,3,2026-08-08 16:55:53
953,627,1,2026-08-15 00:01:47
953,481,3,2026-08-01 17:47:56
953,536,1,2026-08-11 16:48:45
953,189,2,2026-08-07 18:19:23
953,691,5,2026-08-02 17:27:41
954,266,1,2026-07-26 01:22:23
954,934,4,2026-08-01 10:50:16
954,859,5,2026-08-14 07:21:52
954,736,5,2026-08-02 09:33:31
954,351,2,2026-07-30 09:35:11
954,312,3,2026-08-13 05:45:18
954,502,2,2026-08-15 09:05:48
954,54,4,2026-07-20 02:52:57
954,120,2,2026-07-18 17:56:57
954,122,5,2026-08-01 23:26:03
954,914,3,2026-07-23 11:44:11
954,382,5,2026-08-03 23:01:39
954,662,5,2026-07-19 06:36:58
954,549,3,2026-08-10 10:33:01
954,2,4,2026-07-30 12:30:50
954,852,4,2026-08-09 03:31:05
954,152,3,2026-08-05 06:19:32
954,436,2,2026-07-23 14:27:51
955,110,3,2026-07-26 07:55:05
955,463,5,2026-08-07 22:25:47
955,311,3,2026-07-19 02:32:54
955,241,1,2026-08-05 19:48:53
955,476,5,2026-08-08 13:27:08
955,830,5,2026-08-13 10:23:45
956,36,3,2026-08-05 16:20:02
956,109,1,2026-07-22 03:29:08
956,636,5,2026-08-05 13:18:32
956,983,5,2026-08-05 18:20:02
956,546,5,2026-07-22 20:42:57
956,602,3,2026-08-08 10:24:47
956,514,3,2026-08-03 06:33:38
956,33,2,2026-07-30 00:45:13
956,567,4,2026-08-10 19:16:43
956,733,2,2026-08-14 06:44:59
956,56,1,2026-08-03 10:08:26
956,205,3,2026-08-10 07:34:16
956,322,3,2026-07-30 07:08:23
956,156,3,2026-08-12 08:52:50
956,235,2,2026-07-18 15:07:23
956,488,2,2026-08-10 17:48:44
957,865,3,2026-08-13 11:47:34
957,734,4,2026-07-27 15:27:54
957,675,4,2026-08-15 02:36:12
957,238,3,2026-08-14 00:11:31
957,428,4,2026-07-20 20:28:38
957,755,1,2026-08-04 23:01:51
957,500,4,2026-08-14 11:51:13
957,222,4,2026-08-11 15:08:56
957,556,2,2026-07-26 22:24:33
957,570,3,2026-08-06 18:10:10
957,114,5,2026-08-08 09:33:51
957,498,5,2026-08-10 01:43:02
957,765,1,2026-08-07 13:33:04
957,290,1,2026-07-22 21:22:13
957,26,4,2026-08-02 22:27:02
957,699,2,2026-08-15 00:53:18
957,333,1,2026-07-16 18:18:58
958,371,2,2026-07-21 19:05:12
958,72,3,2026-07-16 22:32:02
958,233,3,2026-07-28 23:27:01
958,359,3,2026-08-05 10:34:16
958,862,1,2026-07-19 14:48:37
958,826,1,2026-07-23 21:31:05
958,2,2,2026-07-30 13:02:20
958,445,2,2026-08-08 03:22:10
958,651,4,2026-08-07 23:08:36
958,11,4,2026-07-28 10:18:15
958,976,4,2026-08-13 14:31:00
959,902,5,2026-08-07 06:30:17
959,617,1,2026-08-11 02:54:57
959,213,4,2026-08-11 15:19:55
959,140,1,2026-07-16 21:41:25
959,669,1,2026-07-22 10:48:43
959,297,3,2026-08-01 00:48:08
959,754,1,2026-08-03 18:31:02
959,855,3,2026-08-09 18:45:22
959,931,5,2026-07-19 02:18:44
959,468,3,2026-07-29 07:35:56
959,985,3,2026-08-13 18:05:45
959,467,2,2026-07-28 12:36:26
959,457,3,2026-07-26 23:16:54
959,357,4,2026-07-29 13:46:36
960,241,3,2026-08-13 11:04:24
960,844,2,2026-08-11 01:08:50
960,105,3,2026-07-29 15:53:02
960,527,1,2026-07-18 05:07:07
960,190,1,2026-08-12 20:40:24
960,16,5,2026-07-20 14:08:51
961,721,1,2026-07-25 03:15:59
961,871,4,2026-07-29 11:32:03
961,398,1,2026-07-31 17:09:15
961,367,1,2026-08-05 14:32:51
961,281,2,2026-07-24 18:16:35
962,432,3,2026-07-28 13:44:51
962,857,5,2026-07-29 16:39:48
962,100,2,2026-07-27 06:12:13
962,696,5,2026-07-31 00:33:02
962,415,5,2026-07-24 20:07:23
962,642,1,2026-08-09 05:58:35
962,68,2,2026-08-11 12:42:55
962,385,2,2026-08-11 19:29:30
962,953,2,2026-08-10 15:15:18
962,992,3,2026-07-23 21:52:34
962,9,4,2026-07-25 08:13:43
963,673,3,2026-08-07 16:53:41
963,131,4,2026-07-26 06:22:22
963,651,5,2026-08-09 06:36:41
963,889,2,2026-07-29 12:18:19
963,555,5,2026-08-04 03:37:53
963,869,5,2026-08-06 20:15:18
963,862,3,2026-07-19 04:15:19
963,640,1,2026-07-22 03:18:02
964,764,2,2026-08-05 23:37:20
964,249,4,2026-08-05 18:41:42
964,965,1,2026-08-14 01:39:35
964,90,2,2026-07-31 07:38:31
964,351,1,2026-07-28 19:31:31
964,214,4,2026-07-30 17:49:49
964,689,4,2026-07-20 15:22:28
964,549,3,2026-08-04 13:14:43
964,701,4,2026-08-06 07:47:24
964,80,4,2026-07-26 10:36:01
964,387,3,2026-07-21 01:18:10
964,2,1,2026-07-25 05:10:33
964,523,3,2026-07-24 11:21:34
964,344,3,2026-07-28 07:18:41
964,892,5,2026-07-24 00:03:47
964,260,4,2026-08-06 06:03:59
964,588,4,2026-08-12 10:02:07
965,438,3,2026-08-10 09:32:49
965,387,1,2026-08-04 14:04:05
965,316,1,2026-07-24 06:53:10
965,886,3,2026-07-23 15:16:00
965,205,4,2026-07-16 19:19:40
965,6,4,2026-08-12 16:40:05
965,375,4,2026-07-30 19:35:48
965,342,1,2026-08-15 08:33:43
965,21,2,2026-08-13 19:21:17
965,986,2,2026-08-11 11:32:18
965,972,1,2026-07-20 02:44:16
965,423,2,2026-08-12 12:54:14
965,450,5,2026-07-20 08:19:04
965,723,5,2026-08-06 23:42:23
965,34,1,2026-07-21 13:33:13
965,384,3,2026-08-02 13:32:11
966,470,5,2026-07-29 23:47:58
966,545,2,2026-07-16 23:25:40
966,408,5,2026-07-28 23:51:39
966,806,2,2026-07-17 04:20:16
966,127,5,2026-07-21 16:52:55
966,970,5,2026-07-17 04:14:53
966,313,1,2026-08-08 09:25:04
966,473,2,2026-08-11 12:38:39
966,746,2,2026-07-24 23:28:30
966,361,5,2026-07-26 12:42:33
967,356,4,2026-08-08 14:53:15
967,703,3,2026-08-03 00:20:53
967,928,2,2026-08-02 09:03:40
967,897,4,2026-07-30 03:08:11
967,859,2,2026-08-14 10:27:12
967,357,1,2026-08-08 12:39:06
967,858,1,2026-07-18 10:52:03
967,399,5,2026-07-24 12:08:04
967,437,5,2026-08-02 17:15:47
967,724,5,2026-08-01 22:22:12
967,548,2,2026-07-19 17:03:10
967,578,5,2026-08-12 09:01:33
967,153,5,2026-07-31 09:39:24
967,163,4,2026-07-30 16:14:10
967,290,2,2026-08-11 22:14:34
968,401,1,2026-08-13 17:57:18
968,94,1,2026-07-26 11:38:26
968,633,2,2026-07-22 17:26:04
968,258,5,2026-08-09 09:14:44
968,656,4,2026-08-15 13:27:48
968,756,2,2026-08-14 06:21:50
968,945,5,2026-07-19 02:29:41
969,894,2,2026-08-09 00:50:56
969,732,2,2026-07-30 22:40:50
969,270,2,2026-07-29 10:22:02
969,252,3,2026-07-17 11:25:13
969,282,2,2026-07-31 12:18:10
969,748,5,2026-08-08 14:37:24
969,92,4,2026-08-01 12:18:44
969,168,3,2026-08-14 18:55:44
969,737,2,2026-07-18 03:31:59
969,923,5,2026-07-24 23:08:28
969,877,3,2026-07-28 10:34:04
969,119,1,2026-08-13 22:32:37
969,15,5,2026-08-01 10:54:57
969,906,3,2026-07-23 00:12:42
969,864,3,2026-07-23 20:55:47
969,225,2,2026-07-17 10:11:48
969,247,4,2026-07-31 20:28:25
969,378,3,2026-07-27 10:34:19
969,427,3,2026-08-09 08:23:21
969,843,2,2026-08-04 06:16:42
970,860,4,2026-08-15 15:18:05
970,117,3,2026-07-28 12:19:58
970,822,1,2026-08-11 10:56:49
970,448,3,2026-07-30 03:43:12
970,805,4,2026-07-22 00:06:45
970,409,5,2026-07-29 08:04:33
970,571,2,2026-07-16 18:05:23
970,554,3,2026-08-03 23:02:23
970,454,2,2026-07-18 05:56:45
970,121,4,2026-08-12 10:39:41
970,176,2,2026-07-31 00:29:25
970,913,4,2026-07-20 12:35:35
970,858,1,2026-08-05 17:01:14
970,372,2,2026-08-11 01:41:13
970,32,5,2026-07-23 06:49:49
970,542,5,2026-07-27 04:02:44
970,725,1,2026-08-11 14:23:13
970,394,1,2026-07-27 15:15:45
970,162,2,2026-07-22 14:27:07
971,602,5,2026-07-30 10:29:36
971,330,1,2026-08-06 19:02:57
971,976,1,2026-07-27 05:01:42
971,493,2,2026-08-03 20:10:13
971,922,4,2026-07-20 03:30:42
971,572,2,2026-08-09 12:30:05
971,185,4,2026-08-02 01:10:57
971,977,5,2026-07-26 09:20:34
971,558,5,2026-08-10 09:36:05
971,552,4,2026-08-09 08:28:16
971,702,5,2026-08-15 07:52:55
971,735,1,2026-07-31 12:43:07
972,740,2,2026-07-19 08:21:30
972,527,4,2026-07-19 08:42:26
972,944,1,2026-08-14 19:52:26
972,731,1,2026-07-27 18:32:00
972,337,3,2026-07-17 10:50:33
972,237,3,2026-07-17 11:50:00
972,68,4,2026-08-02 00:04:07
973,755,5,2026-07-30 18:53:56
973,288,5,2026-07-18 20:12:07
973,14,2,2026-07-28 14:30:34
973,259,5,2026-07-24 09:57:16
973,390,1,2026-08-11 12:28:53
973,951,1,2026-08-11 02:33:26
973,231,5,2026-07-19 10:10:28
974,687,3,2026-08-08 22:43:35
974,679,5,2026-08-03 09:15:14
974,748,4,2026-07-29 14:30:53
974,106,3,2026-07-24 23:50:30
974,604,2,2026-08-02 13:08:34
974,931,3,2026-07-18 12:25:58
974,877,3,2026-07-26 08:13:13
974,981,4,2026-07-24 03:40:59
974,941,4,2026-08-09 12:55:42
974,624,4,2026-07-31 05:48:12
974,355,4,2026-08-05 05:07:26
974,973,4,2026-08-07 04:05:56
974,980,4,2026-07-27 01:45:32
974,458,1,2026-07-19 13:50:02
974,300,1,2026-08-15 09:54:18
974,853,4,2026-07-20 07:06:05
975,378,4,2026-08-10 05:55:07
975,559,5,2026-08-09 19:04:20
975,83,3,2026-08-03 05:24:31
975,406,2,2026-08-10 00:18:41
975,208,2,2026-08-02 21:25:19
975,142,3,2026-07-27 06:21:28
975,411,2,2026-08-10 21:18:51
975,171,1,2026-07-16 21:16:50
975,396,4,2026-08-08 04:58:18
975,925,1,2026-07-29 13:26:55
975,460,5,2026-08-02 06:11:03
975,703,1,2026-08-04 13:50:04
975,489,5,2026-08-01 15:20:00
975,870,3,2026-08-06 20:29:36
975,906,3,2026-08-05 07:23:32
976,15,1,2026-07-23 13:18:50
976,80,5,2026-08-01 14:04:43
976,267,2,2026-08-02 06:30:17
976,374,2,2026-08-11 17:10:49
976,686,1,2026-07-18 23:27:15
976,689,5,2026-07-18 14:03:31
976,772,4,2026-07-27 07:20:47
976,739,1,2026-07-25 19:24:51
976,691,3,2026-07-29 11:44:01
976,723,4,2026-07-18 15:07:59
976,898,2,2026-08-13 03:38:03
976,942,3,2026-07-30 21:57:14
976,22,1,2026-07-29 16:01:25
976,591,4,2026-07-22 15:14:31
976,882,2,2026-07-28 22:07:44
977,327,4,2026-07-31 05:43:40
977,902,1,2026-08-03 01:03:02
977,843,3,2026-07-30 23:16:28
977,422,3,2026-07-20 06:40:37
977,316,1,2026-07-18 05:30:46
977,600,1,2026-07-23 11:59:24
978,812,2,2026-07-21 16:53:20
978,233,5,2026-07-24 03:23:58
978,842,2,2026-08-14 19:13:59
978,417,1,2026-07-25 02:14:48
978,345,3,2026-07-31 13:14:20
978,278,2,2026-08-03 12:46:13
978,549,3,2026-07-24 00:26:54
978,572,4,2026-08-08 18:43:43
978,876,3,2026-08-04 18:27:11
979,334,2,2026-07-30 19:01:55
979,106,3,2026-08-09 18:40:10
979,834,3,2026-07-27 01:39:17
979,714,1,2026-08-03 03:55:32
979,73,2,2026-08-02 09:46:57
979,687,5,2026-07-21 02:56:02
979,215,4,2026-08-01 21:34:49
979,785,3,2026-07-27 02:08:15
979,701,2,2026-08-09 09:41:07
979,470,3,2026-08-10 20:23:53
979,970,1,2026-08-04 10:58:44
979,64,5,2026-08-04 19:12:25
979,367,5,2026-07-29 12:50:14
980,41,5,2026-08-13 18:20:55
980,291,2,2026-08-02 06:56:45
980,562,2,2026-07-28 09:25:01
980,651,5,2026-07-19 18:30:42
980,537,1,2026-08-01 08:33:57
980,99,4,2026-07-30 20:26:38
980,745,1,2026-08-15 05:54:28
980,360,5,2026-08-02 23:48:57
980,249,4,2026-08-07 04:09:53
980,442,1,2026-08-15 02:05:43
980,152,3,2026-07-29 17:57:38
980,647,5,2026-07-19 14:08:53
980,370,2,2026-07-24 23:06:20
980,408,4,2026-07-29 15:58:38
980,629,3,2026-07-18 16:00:38
981,838,4,2026-08-09 08:42:09
981,885,2,2026-07-24 02:48:01
981,732,1,2026-07-20 02:39:53
981,102,3,2026-07-23 22:01:17
981,997,1,2026-08-12 18:44:35
981,789,2,2026-08-01 21:18:27
981,436,2,2026-08-12 07:34:26
981,125,3,2026-07-17 12:37:01
981,290,2,2026-08-06 05:12:49
981,382,1,2026-08-01 02:59:02
981,179,5,2026-07-26 07:35:43
981,553,3,2026-08-13 06:40:34
981,51,2,2026-08-02 13:47:37
981,704,3,2026-07-16 17:39:47
981,570,1,2026-07-28 03:03:18
981,387,2,2026-07-30 04:13:21
981,240,1,2026-08-09 04:53:29
981,146,5,2026-08-03 13:00:00
981,618,5,2026-08-01 07:46:01
981,160,1,2026-08-12 22:05:12
982,97,3,2026-07-22 17:30:42
982,598,5,2026-08-11 13:11:53
982,178,4,2026-08-05 09:20:06
982,222,2,2026-07-23 09:31:26
982,139,2,2026-08-15 09:45:17
982,172,4,2026-07-31 11:48:42
982,736,2,2026-08-07 02:27:08
982,339,2,2026-08-04 16:09:57
982,557,1,2026-07-29 07:40:57
983,334,5,2026-08-14 21:22:36
983,322,2,2026-08-06 17:08:49
983,835,2,2026-07-20 03:13:29
983,749,5,2026-08-01 21:11:15
983,407,4,2026-08-07 02:44:45
983,144,5,2026-07-18 15:25:32
983,183,2,2026-08-13 12:46:57
983,397,2,2026-07-19 08:00:31
983,767,5,2026-07-26 05:37:55
983,437,2,2026-07-29 08:59:47
983,585,3,2026-07-23 09:03:50
983,234,4,2026-07-23 21:57:53
983,405,1,2026-07-29 08:28:39
983,854,3,2026-08-12 22:48:09
983,398,4,2026-08-04 15:33:27
983,643,3,2026-08-10 16:21:28
983,198,3,2026-08-13 14:46:17
983,340,1,2026-08-10 02:41:51
983,928,2,2026-08-10 18:03:24
984,784,4,2026-08-07 08:00:52
984,598,3,2026-07-20 21:44:51
984,125,3,2026-07-25 20:22:23
984,774,1,2026-07-18 02:04:55
984,645,3,2026-07-23 17:24:49
984,913,1,2026-07-17 06:48:46
984,109,4,2026-08-03 11:48:23
984,563,3,2026-08-05 06:42:23
984,86,1,2026-08-04 05:28:51
984,275,3,2026-08-13 04:30:59
984,763,5,2026-07-25 21:10:59
984,536,5,2026-08-09 11:27:06
984,543,3,2026-08-04 15:08:17
984,89,1,2026-08-01 05:00:15
984,150,2,2026-07-26 01:14:47
985,631,2,2026-07-18 23:57:17
985,869,3,2026-08-05 21:29:51
985,198,5,2026-08-11 06:35:39
985,703,3,2026-08-10 10:00:15
985,487,4,2026-08-12 09:00:12
986,45,3,2026-07-31 18:38:24
986,480,5,2026-08-05 16:26:14
986,508,1,2026-07-31 17:44:53
986,897,1,2026-07-20 06:15:32
986,453,2,2026-07-18 14:00:10
986,379,3,2026-08-08 12:40:01
986,659,4,2026-07-26 09:55:17
986,541,2,2026-07-27 03:53:09
987,464,2,2026-08-03 03:49:25
987,613,2,2026-07-28 18:01:40
987,7,1,2026-07-24 23:28:17
987,37,4,2026-08-12 01:30:26
987,287,2,2026-08-08 00:26:18
987,122,1,2026-07-27 00:56:15
987,929,5,2026-07-17 10:19:13
987,677,4,2026-07-22 20:21:04
987,309,3,2026-08-14 15:43:24
987,494,3,2026-07-26 12:40:00
987,710,1,2026-08-10 14:04:46
987,291,1,2026-07-31 21:13:16
987,810,5,2026-07-21 14:07:18
987,960,3,2026-07-23 05:51:54
987,212,4,2026-07-24 04:11:27
987,497,4,2026-08-10 20:31:25
987,510,3,2026-08-13 10:30:29
987,552,3,2026-07-23 23:42:55
987,755,1,2026-07-30 20:08:37
988,128,5,2026-08-06 06:47:21
988,99,2,2026-07-31 11:13:43
988,840,3,2026-08-09 11:35:58
988,670,1,2026-08-03 00:52:47
988,654,1,2026-07-17 20:14:43
988,202,4,2026-08-09 23:32:49
988,163,2,2026-08-04 08:13:41
988,225,5,2026-07-26 13:23:38
988,126,5,2026-07-25 07:22:25
988,727,2,2026-08-08 06:39:13
988,455,2,2026-07-30 15:37:58
988,278,3,2026-08-14 07:39:16
988,284,5,2026-07-31 10:21:06
988,138,5,2026-08-08 14:21:24
988,289,1,2026-07-18 01:41:09
988,101,2,2026-07-29 08:31:43
988,243,4,2026-07-29 00:44:55
988,27,3,2026-07-24 03:21:42
989,942,3,2026-08-14 13:17:24
989,790,3,2026-07-26 20:56:39
989,516,4,2026-08-03 07:35:48
989,509,2,2026-08-09 18:52:48
989,403,3,2026-07-27 01:09:58
989,261,4,2026-08-11 05:50:45
990,685,2,2026-07-29 01:52:14
990,384,1,2026-07-18 11:52:55
990,969,3,2026-07-20 00:34:27
990,398,3,2026-07-21 15:34:46
990,225,2,2026-07-29 22:32:51
990,51,3,2026-08-02 04:34:18
990,935,2,2026-07-20 12:56:58
990,320,1,2026-07-27 10:57:14
990,185,3,2026-08-12 14:29:44
990,431,1,2026-07-21 17:14:38
990,944,5,2026-08-02 15:51:00
990,657,4,2026-07-31 15:48:46
990,370,1,2026-07-28 01:50:03
990,875,4,2026-08-04 15:06:07
990,627,4,2026-07-19 01:55:40
990,851,5,2026-08-11 17:59:34
990,438,1,2026-07-18 11:49:21
990,725,4,2026-08-06 06:22:04
991,218,5,2026-08-15 08:35:42
991,724,2,2026-08-13 19:47:40
991,405,1,2026-08-11 05:02:03
991,229,3,2026-08-14 12:27:12
991,332,3,2026-08-05 01:27:22
991,564,3,2026-08-07 00:02:26
991,997,2,2026-08-04 22:04:16
991,563,3,2026-08-08 09:27:57
991,21,4,2026-07-21 00:03:34
991,828,4,2026-08-13 08:46:07
991,777,5,2026-08-01 03:57:20
991,127,2,2026-08-13 01:37:13
991,826,4,2026-07-22 14:27:11
992,182,3,2026-08-03 22:17:58
992,991,1,2026-08-02 05:04:27
992,294,1,2026-08-05 02:22:39
992,153,4,2026-07-24 16:16:20
992,790,3,2026-07-30 05:21:29
992,430,5,2026-07-16 23:50:40
993,231,4,2026-08-14 13:40:15
993,530,4,2026-07-28 23:53:56
993,391,1,2026-08-07 07:25:31
993,994,2,2026-07-27 09:18:19
993,88,3,2026-07-17 09:32:42
993,558,1,2026-07-23 13:29:32
994,211,5,2026-07-17 23:36:36
994,950,2,2026-07-27 10:15:57
994,208,4,2026-07-22 08:23:34
994,282,1,2026-08-09 12:06:01
994,20,1,2026-08-03 01:39:48
994,978,5,2026-08-05 05:53:27
994,645,3,2026-07-22 23:22:59
994,11,4,2026-07-26 07:11:38
994,58,2,2026-08-07 18:20:23
994,711,3,2026-08-01 04:37:00
994,499,4,2026-07-24 06:45:25
994,800,2,2026-07-30 09:42:41
995,975,4,2026-07-28 19:52:45
995,471,5,2026-08-08 06:22:41
995,207,3,2026-08-13 15:53:30
995,984,4,2026-08-10 10:11:09
995,238,4,2026-07-22 16:15:57
995,618,3,2026-07-25 05:40:08
995,606,2,2026-08-12 20:38:07
995,382,1,2026-08-12 05:12:43
995,188,3,2026-07-23 13:17:30
995,963,1,2026-07-20 23:57:51
995,829,5,2026-07-27 01:41:35
995,527,2,2026-07-27 07:13:44
995,745,1,2026-08-13 13:17:36
996,998,1,2026-08-06 12:05:09
996,644,3,2026-07-24 06:16:28
996,901,4,2026-07-27 09:20:29
996,948,5,2026-07-20 05:58:34
996,759,1,2026-08-14 10:01:34
996,707,3,2026-07-22 19:43:31
996,583,2,2026-08-11 23:17:26
997,801,2,2026-08-14 13:35:44
997,768,2,2026-07-28 09:15:50
997,272,2,2026-08-01 00:39:16
997,321,1,2026-07-17 15:12:21
997,968,5,2026-08-08 08:45:00
997,841,2,2026-07-21 09:00:47
997,869,1,2026-07-28 13:06:19
997,703,1,2026-07-19 06:41:54
997,220,1,2026-08-12 07:03:08
997,515,3,2026-08-12 15:08:55
997,255,5,2026-08-15 08:30:31
997,426,2,2026-07-23 21:53:00
997,553,1,2026-08-10 07:22:34
997,41,1,2026-08-02 12:16:53
997,87,5,2026-07-21 10:31:53
998,467,1,2026-07-23 16:38:49
998,287,2,2026-07-22 20:41:10
998,339,1,2026-08-14 09:37:43
998,318,5,2026-07-17 07:37:14
998,669,3,2026-07-26 09:30:06
998,618,5,2026-08-09 20:38:28
998,834,3,2026-07-28 21:08:28
998,982,5,2026-08-04 02:51:38
998,595,2,2026-07-19 17:42:54
998,681,2,2026-08-03 16:48:22
998,29,2,2026-08-02 22:19:05
998,983,2,2026-08-10 12:48:15
998,466,3,2026-07-26 05:45:22
998,125,3,2026-07-22 11:54:03
998,858,4,2026-08-08 17:26:18
998,17,1,2026-08-02 20:48:52
998,169,3,2026-08-14 09:48:40
999,819,3,2026-08-01 22:32:20
999,303,1,2026-07-24 23:56:10
999,140,5,2026-07-19 12:23:08
999,575,3,2026-07-27 21:32:57
999,352,4,2026-08-07 04:56:01
999,943,2,2026-08-03 12:05:06
999,383,5,2026-08-01 21:44:43
999,757,1,2026-07-23 07:25:57
1000,893,4,2026-07-24 22:25:53
1000,923,1,2026-08-04 13:58:52
1000,722,5,2026-07-20 19:26:46
1000,960,4,2026-08-01 21:49:16
1000,145,1,2026-08-04 17:02:20
1000,49,2,2026-07-18 12:44:58
1000,404,3,2026-07-19 20:50:24
1000,795,2,2026-08-14 23:41:19
1000,800,2,2026-07-18 12:59:18
1000,220,4,2026-08-02 16:05:29
1000,249,2,2026-08-01 17:50:50
1000,713,1,2026-08-12 11:34:32
1000,496,5,2026-08-06 15:17:57
1000,917,3,2026-08-10 01:54:25
