user_id,movie_id,rating_user,rating_movie,votes,runtime,release_year,revenue,genre
1,128,4,1.19,18008,84,2017,488.75,Action
1,308,2,4.09,90928,135,2011,484.1,Comedy
1,953,2,4.19,92588,170,2001,232.49,Sci-Fi
1,641,2,7.75,17215,142,2002,222.44,Sci-Fi
1,150,5,4.74,53119,103,2019,138.6,Comedy
2,344,4,6.93,31645,116,2020,407.34,Comedy
2,169,3,6.56,46778,162,2015,236.13,Drama
2,935,3,8.94,64847,104,2002,184.65,Sci-Fi
2,365,2,2.38,58862,176,2023,21.36,Drama
2,738,1,7.14,30548,106,2008,374.07,Comedy
2,644,2,1.96,55263,162,2017,337.9,Drama
2,875,5,8.37,15013,135,2012,181.81,Action
2,647,5,9.36,33176,93,2025,125.85,Sci-Fi
2,903,3,1.94,81926,135,2005,421.75,Sci-Fi
2,694,3,1.06,73142,168,2021,313.93,Horror
2,86,5,8.59,23654,105,2010,341.58,Action
2,898,3,4.34,65213,171,2006,226.51,Comedy
2,981,5,1.96,93419,151,2012,240.82,Sci-Fi
2,646,4,6.21,36767,147,2013,214.83,Sci-Fi
2,333,5,7.58,70874,154,2014,399.59,Action
2,622,2,1.61,90974,157,2024,411.14,Comedy
2,287,1,5.31,74630,175,2012,380.09,Horror
2,421,2,6.58,83233,112,2010,130.67,Sci-Fi
2,684,1,8.22,12769,136,2004,342.51,Sci-Fi
3,772,2,7.87,41799,83,2025,86.38,Drama
3,647,5,9.36,33176,93,2025,125.85,Sci-Fi
3,10,4,1.34,70647,116,2019,258.58,Drama
3,713,3,1.79,84819,102,2014,207.56,Action
3,858,3,6.33,53810,99,2000,213.14,Sci-Fi
3,19,3,4.72,11987,174,2015,341.33,Horror
3,463,2,4.05,43827,152,2024,205.66,Action
3,131,5,9.46,35844,151,2000,314.03,Drama
3,501,2,7.18,64430,125,2004,194.5,Horror
3,843,4,3.65,2925,157,2003,279.3,Comedy
3,644,4,1.96,55263,162,2017,337.9,Drama
3,449,4,5.48,59019,154,2023,170.66,Horror
3,672,2,2.7,40024,148,2011,452.93,Drama
3,155,2,4.39,32376,86,2002,71.63,Drama
3,688,2,8.08,66761,177,2016,257.66,Action
3,553,3,8.31,2505,170,2001,97.02,Horror
3,977,5,1.2,8624,158,2012,17.31,Comedy
4,221,4,6.09,5342,82,2024,23.29,Comedy
4,451,2,8.76,98049,146,2024,61.43,Sci-Fi
4,196,1,4.53,15059,132,2020,7.01,Horror
4,676,1,3.26,10833,108,2008,414.41,Sci-Fi
4,476,2,6.41,74520,151,2014,269.98,Comedy
4,611,4,1.6,32205,114,2004,246.52,Action
5,498,1,2.82,55173,109,2003,401.26,Sci-Fi
5,108,4,3.76,50110,107,2006,308.63,Comedy
5,570,3,1.08,11746,102,2012,338.45,Sci-Fi
5,561,4,8.33,80287,177,2023,431.01,Drama
5,55,3,9.79,18604,117,2012,118.49,Comedy
5,365,5,2.38,58862,176,2023,21.36,Drama
5,798,1,2.22,71093,164,2021,10.86,Action
5,732,2,8.25,26445,129,2018,294.31,Drama
5,998,1,7.16,44459,107,2008,298.06,Action
5,716,4,3.21,53768,120,2004,149.43,Action
5,248,1,3.57,78249,118,2010,443.37,Action
5,483,3,9.11,71533,177,2010,150.06,Drama
5,581,3,4.61,98121,95,2007,375.58,Action
5,937,4,6.12,92703,112,2021,118.98,Sci-Fi
5,872,5,7.64,27488,121,2011,128.35,Sci-Fi
5,718,1,2.52,41871,103,2006,162.38,Drama
5,103,1,9.8,92693,159,2003,444.24,Horror
5,924,5,8.08,38938,167,2000,38.8,Drama
5,773,5,7.88,57203,176,2012,394.42,Action
5,901,2,9.14,58728,86,2012,283.54,Horror
6,458,3,6.05,71201,123,2013,162.74,Horror
6,792,2,4.64,3756,82,2005,296.37,Sci-Fi
6,21,3,8.77,91672,120,2010,9.71,Drama
6,372,2,3.6,79355,160,2004,137.05,Sci-Fi
6,618,2,2.15,24619,163,2024,24.27,Action
6,573,2,8.16,57502,167,2013,268.95,Action
6,317,3,1.26,47758,147,2000,491.31,Action
6,368,4,8.13,30318,120,2010,101.24,Horror
6,975,5,4.24,23410,144,2002,84.14,Horror
6,205,4,9.25,3989,125,2005,38.39,Sci-Fi
6,671,2,1.82,12733,143,2018,287.42,Horror
6,832,3,1.75,51782,110,2016,246.05,Horror
6,744,1,7.7,30842,173,2013,490.92,Horror
6,466,4,2.77,57353,91,2009,339.74,Comedy
6,648,1,8.4,73521,98,2014,446.14,Comedy
6,358,4,6.62,76538,157,2012,264.9,Sci-Fi
7,408,5,7.08,38067,123,2011,200.19,Sci-Fi
7,389,4,7.34,96328,145,2019,209.73,Horror
7,455,3,4.49,9111,120,2003,302.36,Sci-Fi
7,732,2,8.25,26445,129,2018,294.31,Drama
7,539,4,7.02,92906,158,2019,318.63,Sci-Fi
7,332,5,4.79,63329,165,2008,16.06,Sci-Fi
7,503,4,9.19,39995,120,2016,462.55,Comedy
7,893,4,1.76,50909,116,2005,298.6,Horror
7,14,5,3.85,87855,82,2019,165.71,Drama
8,636,5,6.24,52730,142,2000,232.06,Sci-Fi
8,166,3,2.83,912,139,2004,359.99,Comedy
8,867,2,9.84,60774,97,2000,379.63,Horror
8,14,4,3.85,87855,82,2019,165.71,Drama
8,594,1,1.57,21327,177,2003,369.21,Drama
8,965,1,3.7,26025,146,2000,10.94,Sci-Fi
8,964,2,7.36,66769,142,2001,313.57,Horror
8,720,1,3.35,3362,87,2016,276.99,Drama
9,355,5,3.39,714,103,2012,413.83,Action
9,67,3,6.61,86508,180,2003,493.47,Comedy
9,144,5,9.05,60297,99,2003,475.81,Horror
9,180,5,5.32,6140,96,2010,165.88,Sci-Fi
9,731,3,1.68,90075,140,2010,472.1,Comedy
9,6,2,2.42,15530,84,2011,37.21,Comedy
9,66,5,3.4,19875,176,2020,83.72,Action
9,715,3,8.07,64781,176,2010,340.08,Action
9,485,2,2.45,42515,100,2015,150.04,Comedy
9,1000,4,1.05,54257,129,2007,363.36,Sci-Fi
9,624,1,3.2,41552,153,2012,243.27,Horror
10,759,4,6.36,99083,176,2003,378.71,Comedy
10,373,4,7.04,26014,165,2011,417.81,Horror
10,91,3,2.36,32471,100,2025,97.26,Horror
10,585,4,2.85,11672,83,2001,77.16,Horror
10,773,5,7.88,57203,176,2012,394.42,Action
10,696,1,1.89,26495,98,2001,449.03,Comedy
10,313,4,4.52,70842,89,2015,82.29,Drama
10,903,1,1.94,81926,135,2005,421.75,Sci-Fi
10,68,5,5.07,84734,152,2006,413.9,Sci-Fi
10,278,5,8.77,1239,119,2006,286.72,Action
10,314,5,3.61,71587,106,2011,312.95,Action
10,327,1,2.09,68843,154,2014,131.86,Action
10,590,5,7.58,43288,117,2019,44.25,Drama
10,122,5,3.46,36870,132,2011,499.47,Action
11,489,4,7.02,42440,108,2015,482.79,Horror
11,948,1,7.35,33766,158,2025,53.46,Sci-Fi
11,42,3,3.36,15816,100,2015,385.27,Action
11,821,3,8.49,22979,178,2017,212.43,Comedy
11,938,2,1.86,45274,147,2008,394.49,Action
12,586,5,5.71,39977,170,2015,371.14,Comedy
12,7,5,6.06,54592,161,2018,431.3,Action
12,155,3,4.39,32376,86,2002,71.63,Drama
12,432,5,9.33,93221,160,2001,172.39,Sci-Fi
12,957,4,3.8,69194,123,2007,287.95,Sci-Fi
12,844,2,4.51,31995,137,2023,16.2,Drama
12,680,5,2.96,71122,133,2014,404.31,Comedy
13,927,2,3.23,26566,147,2025,311.01,Comedy
13,697,5,7.12,26673,81,2009,125.34,Horror
13,581,4,4.61,98121,95,2007,375.58,Action
13,690,1,6.01,40715,86,2025,19.86,Horror
13,51,4,4.71,26392,95,2018,389.54,Sci-Fi
14,929,1,2.64,61077,150,2024,354.93,Drama
14,523,3,8.4,5989,107,2004,281.78,Action
14,485,1,2.45,42515,100,2015,150.04,Comedy
14,596,3,3.08,51778,85,2023,196.18,Sci-Fi
14,640,5,7.69,72540,97,2019,398.94,Action
14,726,1,7.04,97921,158,2012,29.31,Action
14,513,2,6.61,61767,131,2000,136.1,Comedy
14,554,2,2.8,89037,146,2004,450.94,Comedy
14,496,4,4.78,69787,146,2020,187.73,Comedy
14,389,2,7.34,96328,145,2019,209.73,Horror
14,783,2,1.24,31737,160,2010,123.41,Comedy
14,730,3,1.76,91682,166,2017,237.37,Drama
14,960,1,1.56,52459,127,2000,92.35,Action
14,565,3,4.9,3488,93,2025,179.93,Sci-Fi
14,798,4,2.22,71093,164,2021,10.86,Action
14,243,5,4.15,27887,163,2000,497.35,Comedy
14,969,4,4.25,70855,102,2024,486.27,Horror
15,280,1,7.51,53033,97,2016,303.32,Sci-Fi
15,504,2,3.88,79745,134,2015,355.54,Sci-Fi
15,275,1,9.93,19551,158,2001,265.96,Sci-Fi
15,365,5,2.38,58862,176,2023,21.36,Drama
15,444,3,1.42,26408,118,2025,69.18,Sci-Fi
15,887,2,3.41,2152,170,2020,327.14,Horror
15,990,2,3.02,58840,108,2005,307.53,Comedy
15,671,5,1.82,12733,143,2018,287.42,Horror
15,200,2,3.82,90946,107,2006,111.99,Drama
15,534,5,9.22,29740,98,2013,129.47,Drama
15,32,4,8.56,33775,148,2012,331.43,Action
15,435,5,7.62,93493,113,2008,431.56,Action
15,411,4,3.36,59097,154,2012,68.32,Comedy
15,660,2,4.42,28472,115,2011,49.74,Sci-Fi
15,192,3,4.69,95544,180,2024,146.0,Action
15,194,3,8.8,44337,180,2004,164.3,Action
15,791,1,6.39,59649,132,2023,470.8,Action
15,944,4,1.14,26463,175,2018,264.83,Horror
15,588,2,8.13,47748,129,2023,101.31,Comedy
15,55,2,9.79,18604,117,2012,118.49,Comedy
16,620,4,1.09,43077,168,2002,398.58,Action
16,730,4,1.76,91682,166,2017,237.37,Drama
16,647,1,9.36,33176,93,2025,125.85,Sci-Fi
16,889,3,1.18,81276,123,2020,469.33,Action
16,22,1,2.86,65286,133,2018,253.08,Action
16,820,2,7.23,71604,120,2005,294.29,Drama
16,898,3,4.34,65213,171,2006,226.51,Comedy
16,468,3,5.48,47993,148,2022,124.79,Horror
16,297,4,3.31,61997,155,2010,446.15,Horror
16,696,4,1.89,26495,98,2001,449.03,Comedy
16,684,5,8.22,12769,136,2004,342.51,Sci-Fi
16,951,4,7.82,43204,164,2013,495.29,Action
16,39,2,9.34,24862,124,2023,234.75,Sci-Fi
16,70,3,3.19,90158,163,2023,183.97,Sci-Fi
16,758,3,7.8,26077,125,2001,402.33,Horror
16,717,5,4.95,64875,130,2000,188.24,Comedy
16,610,4,9.83,86013,124,2001,225.99,Sci-Fi
16,8,5,5.75,18558,176,2004,113.77,Sci-Fi
17,390,2,9.22,91305,118,2020,59.42,Sci-Fi
17,84,1,4.3,56465,148,2008,47.03,Action
17,437,3,5.35,39997,123,2007,430.92,Action
17,54,1,7.21,56948,161,2013,220.28,Horror
17,561,4,8.33,80287,177,2023,431.01,Drama
17,509,4,9.2,38901,127,2015,151.15,Drama
17,483,2,9.11,71533,177,2010,150.06,Drama
17,131,4,9.46,35844,151,2000,314.03,Drama
17,454,1,6.53,12450,158,2022,49.48,Horror
17,905,1,1.53,22375,95,2009,373.34,Action
17,625,2,6.58,29443,86,2000,150.83,Action
17,770,5,8.26,10079,131,2000,33.84,Horror
17,524,1,9.53,92448,94,2004,8.95,Sci-Fi
18,346,4,4.28,45275,90,2023,58.72,Sci-Fi
18,271,2,2.31,52133,119,2001,461.05,Drama
18,913,2,2.82,61811,138,2023,482.49,Horror
18,551,4,2.74,68494,133,2013,175.16,Action
18,757,4,1.78,79722,81,2016,125.35,Action
18,228,5,4.13,72068,106,2020,98.28,Drama
18,238,3,5.89,83992,180,2022,8.94,Drama
18,362,5,3.21,88480,80,2015,479.86,Drama
18,286,5,5.63,83291,162,2002,259.86,Sci-Fi
18,355,3,3.39,714,103,2012,413.83,Action
18,870,1,7.6,16428,119,2011,8.27,Drama
18,930,5,8.36,69428,81,2000,443.81,Horror
19,922,5,8.42,89513,139,2014,395.33,Sci-Fi
19,677,4,6.88,43538,175,2014,81.17,Action
19,635,4,3.17,17449,81,2017,431.16,Drama
19,599,3,7.07,78511,167,2023,31.42,Sci-Fi
19,564,3,3.8,90003,97,2023,484.69,Drama
19,55,1,9.79,18604,117,2012,118.49,Comedy
19,633,2,5.7,71329,123,2024,448.39,Horror
20,442,4,5.96,46466,170,2022,317.54,Horror
20,277,3,8.36,93504,89,2024,302.8,Comedy
20,313,1,4.52,70842,89,2015,82.29,Drama
20,996,2,7.17,42251,177,2010,166.47,Sci-Fi
20,61,4,2.4,33957,143,2013,167.78,Sci-Fi
21,971,4,4.99,32952,132,2004,180.09,Drama
21,555,3,1.52,78254,141,2002,107.08,Drama
21,948,1,7.35,33766,158,2025,53.46,Sci-Fi
21,288,2,6.04,9779,155,2025,498.07,Horror
21,322,5,1.32,40061,107,2011,460.36,Action
22,399,1,9.48,41081,113,2014,481.78,Drama
22,57,4,7.56,87413,93,2007,309.2,Action
22,317,3,1.26,47758,147,2000,491.31,Action
22,182,5,3.09,92147,88,2009,434.23,Action
22,398,1,2.76,70800,98,2023,282.94,Comedy
22,738,5,7.14,30548,106,2008,374.07,Comedy
22,531,3,6.18,56109,161,2010,198.33,Drama
22,530,1,6.61,64206,170,2004,175.97,Action
22,924,3,8.08,38938,167,2000,38.8,Drama
22,817,2,2.4,91802,140,2006,470.97,Sci-Fi
22,9,5,2.75,57485,179,2024,397.22,Comedy
22,701,3,9.07,4375,147,2012,480.64,Action
22,232,2,5.07,37648,97,2012,416.63,Sci-Fi
23,542,4,4.59,68455,81,2000,217.18,Drama
23,47,2,9.96,63782,175,2021,397.34,Action
23,139,4,3.07,12994,107,2016,426.63,Comedy
23,708,5,9.64,12107,156,2003,95.57,Action
23,137,2,2.34,5619,100,2011,307.38,Drama
23,933,2,6.97,84340,141,2009,102.59,Comedy
23,860,1,5.62,87466,138,2016,108.45,Horror
23,817,1,2.4,91802,140,2006,470.97,Sci-Fi
23,164,2,9.82,85832,179,2023,426.46,Horror
23,298,2,7.78,38539,165,2015,291.77,Comedy
23,795,1,1.16,44081,137,2009,305.77,Action
23,986,5,9.95,50646,158,2017,440.95,Action
23,532,1,7.05,17506,100,2018,211.6,Action
24,875,3,8.37,15013,135,2012,181.81,Action
24,795,3,1.16,44081,137,2009,305.77,Action
24,699,1,3.73,36279,131,2011,124.53,Sci-Fi
24,228,2,4.13,72068,106,2020,98.28,Drama
24,840,3,9.92,81743,116,2011,356.81,Action
24,512,3,7.51,64447,164,2017,468.67,Drama
24,410,5,1.99,76037,175,2005,121.71,Drama
24,748,1,8.77,36521,95,2009,446.46,Sci-Fi
24,705,4,6.14,81261,120,2016,86.04,Sci-Fi
25,973,2,5.43,9551,125,2012,244.78,Comedy
25,98,4,2.96,39667,117,2006,396.76,Drama
25,971,5,4.99,32952,132,2004,180.09,Drama
25,153,3,2.83,43032,174,2009,218.68,Horror
25,764,4,5.68,64108,155,2004,474.48,Action
25,531,2,6.18,56109,161,2010,198.33,Drama
25,394,5,9.61,81472,156,2005,103.05,Comedy
25,526,5,2.22,85928,103,2020,440.58,Comedy
25,46,3,7.67,91008,92,2002,477.3,Action
25,989,5,3.55,2095,95,2023,189.17,Horror
25,383,4,3.15,95255,88,2005,167.8,Horror
26,197,2,1.45,3644,112,2001,125.16,Horror
26,229,2,6.48,56113,140,2006,289.67,Action
26,481,1,5.38,27157,121,2004,268.79,Drama
26,667,2,3.84,82538,112,2005,458.45,Sci-Fi
26,683,4,9.2,1211,100,2021,461.46,Comedy
26,697,2,7.12,26673,81,2009,125.34,Horror
26,663,3,2.24,90467,147,2016,410.22,Drama
26,693,1,6.75,94532,138,2018,333.2,Sci-Fi
26,465,3,6.61,27650,177,2009,65.4,Action
26,410,4,1.99,76037,175,2005,121.71,Drama
26,131,2,9.46,35844,151,2000,314.03,Drama
26,257,4,1.54,40835,113,2022,241.54,Drama
26,598,2,1.99,2634,81,2006,415.53,Sci-Fi
27,372,1,3.6,79355,160,2004,137.05,Sci-Fi
27,742,2,4.87,1175,99,2005,29.68,Horror
27,271,2,2.31,52133,119,2001,461.05,Drama
27,72,4,2.36,73204,135,2012,70.55,Horror
27,259,2,9.99,10868,132,2005,364.34,Drama
27,928,3,6.27,4593,133,2006,352.48,Sci-Fi
27,454,4,6.53,12450,158,2022,49.48,Horror
27,987,4,3.46,23901,102,2016,83.49,Drama
27,486,5,3.96,76012,124,2007,113.38,Drama
27,704,3,4.77,85510,176,2013,330.46,Horror
27,585,4,2.85,11672,83,2001,77.16,Horror
27,365,1,2.38,58862,176,2023,21.36,Drama
27,402,4,8.44,7134,156,2016,263.41,Comedy
27,513,1,6.61,61767,131,2000,136.1,Comedy
27,702,1,6.32,42434,107,2023,97.37,Drama
27,930,4,8.36,69428,81,2000,443.81,Horror
27,962,2,4.78,92837,123,2007,345.0,Action
27,841,2,8.7,43842,156,2012,56.1,Action
27,939,4,6.99,46882,153,2023,272.52,Horror
28,1,4,8.9,50325,127,2016,332.62,Horror
28,451,4,8.76,98049,146,2024,61.43,Sci-Fi
28,875,1,8.37,15013,135,2012,181.81,Action
28,378,1,3.67,13659,125,2022,136.87,Action
28,181,5,3.8,92597,167,2004,10.55,Sci-Fi
28,762,5,4.43,95947,91,2025,266.09,Comedy
28,897,4,4.21,86179,165,2000,13.44,Comedy
28,74,1,3.26,91915,148,2011,169.31,Sci-Fi
28,312,2,9.75,44565,114,2021,309.8,Sci-Fi
28,323,1,2.96,73333,120,2020,433.16,Drama
28,522,3,6.44,11859,145,2022,70.66,Comedy
28,473,2,4.16,30020,88,2019,432.07,Comedy
28,49,3,7.79,6744,172,2010,167.94,Sci-Fi
28,273,5,3.13,91452,113,2003,11.58,Sci-Fi
28,38,4,8.86,24712,151,2003,461.24,Action
28,89,4,3.22,22791,112,2004,446.59,Horror
28,253,5,3.19,48607,161,2005,480.77,Horror
29,860,1,5.62,87466,138,2016,108.45,Horror
29,866,1,5.96,30418,178,2015,213.55,Drama
29,946,3,6.69,56771,168,2022,405.12,Horror
29,634,2,1.59,36019,176,2020,239.05,Comedy
29,379,5,5.81,89228,93,2000,57.43,Comedy
29,392,1,4.42,25874,174,2016,14.14,Comedy
29,221,3,6.09,5342,82,2024,23.29,Comedy
29,105,5,8.73,76162,147,2021,138.89,Comedy
29,633,2,5.7,71329,123,2024,448.39,Horror
29,857,3,6.37,56372,159,2022,241.98,Drama
29,330,3,1.62,50453,134,2011,368.22,Drama
29,671,1,1.82,12733,143,2018,287.42,Horror
29,627,2,8.66,25209,101,2004,255.2,Action
29,659,2,1.53,60110,103,2024,408.18,Action
29,497,3,1.15,19039,139,2002,120.55,Drama
30,144,5,9.05,60297,99,2003,475.81,Horror
30,496,2,4.78,69787,146,2020,187.73,Comedy
30,98,4,2.96,39667,117,2006,396.76,Drama
30,226,4,1.94,59250,84,2010,8.84,Horror
30,955,4,6.51,20594,178,2023,106.79,Sci-Fi
30,792,5,4.64,3756,82,2005,296.37,Sci-Fi
30,913,3,2.82,61811,138,2023,482.49,Horror
30,73,5,2.77,77415,110,2003,181.86,Comedy
30,470,4,3.1,2082,142,2012,109.84,Action
30,596,1,3.08,51778,85,2023,196.18,Sci-Fi
30,997,2,9.38,45004,167,2019,423.27,Sci-Fi
30,856,5,1.57,45832,110,2000,241.71,Comedy
30,330,5,1.62,50453,134,2011,368.22,Drama
30,664,2,4.57,95853,95,2000,421.63,Action
30,42,3,3.36,15816,100,2015,385.27,Action
30,566,5,5.29,24787,162,2014,301.99,Sci-Fi
30,708,4,9.64,12107,156,2003,95.57,Action
30,250,3,4.54,3706,140,2010,138.55,Action
31,908,4,4.44,88574,99,2002,52.23,Sci-Fi
31,225,3,3.27,53496,173,2020,261.7,Comedy
31,631,4,1.11,7599,136,2011,211.9,Drama
31,92,4,7.41,41646,169,2025,190.39,Comedy
31,633,3,5.7,71329,123,2024,448.39,Horror
31,313,5,4.52,70842,89,2015,82.29,Drama
31,155,3,4.39,32376,86,2002,71.63,Drama
31,647,4,9.36,33176,93,2025,125.85,Sci-Fi
31,854,4,2.14,25103,175,2018,363.58,Sci-Fi
31,691,3,7.1,41629,130,2022,104.39,Drama
32,427,3,7.63,12062,103,2021,235.42,Drama
32,974,5,6.02,67474,176,2017,455.13,Comedy
32,626,2,5.42,73753,134,2018,132.26,Drama
32,464,1,2.98,85928,178,2023,356.33,Action
32,409,4,3.94,76523,92,2009,439.75,Sci-Fi
32,822,1,5.99,68188,172,2025,239.07,Comedy
32,951,3,7.82,43204,164,2013,495.29,Action
32,801,4,4.32,7291,88,2011,33.9,Action
32,844,2,4.51,31995,137,2023,16.2,Drama
32,362,2,3.21,88480,80,2015,479.86,Drama
32,477,4,9.88,55707,160,2012,28.86,Horror
32,253,3,3.19,48607,161,2005,480.77,Horror
32,654,2,8.44,10870,106,2023,5.23,Horror
32,635,5,3.17,17449,81,2017,431.16,Drama
32,234,1,7.93,68179,133,2025,179.42,Comedy
32,455,2,4.49,9111,120,2003,302.36,Sci-Fi
32,40,1,5.27,66477,124,2000,19.82,Drama
33,747,4,7.14,64585,86,2007,218.75,Action
33,216,5,5.4,37078,119,2018,336.44,Comedy
33,370,5,6.8,45998,135,2000,89.79,Sci-Fi
33,741,4,6.24,18207,152,2000,323.25,Drama
33,284,4,1.24,4404,150,2011,95.24,Sci-Fi
33,592,3,6.0,65571,90,2014,410.55,Drama
33,394,1,9.61,81472,156,2005,103.05,Comedy
33,346,5,4.28,45275,90,2023,58.72,Sci-Fi
33,258,5,1.43,55821,102,2001,95.64,Comedy
33,118,3,2.66,26085,95,2014,446.75,Comedy
33,837,5,1.17,18370,171,2017,388.14,Action
33,527,3,4.63,51584,175,2021,162.1,Drama
33,389,5,7.34,96328,145,2019,209.73,Horror
33,609,4,6.41,7360,96,2005,81.26,Sci-Fi
33,514,5,2.45,61762,171,2018,476.47,Action
33,26,1,8.98,75281,125,2013,244.91,Comedy
33,256,4,2.73,84742,137,2006,219.44,Drama
33,507,2,4.68,67944,81,2025,429.68,Sci-Fi
33,664,1,4.57,95853,95,2000,421.63,Action
33,206,5,7.54,29513,143,2009,265.59,Comedy
34,811,3,2.81,76982,80,2020,429.77,Comedy
34,623,3,5.56,82398,115,2020,338.43,Drama
34,212,4,4.75,12534,100,2007,240.29,Drama
34,749,4,1.16,45327,139,2000,467.85,Comedy
34,612,2,6.59,2854,166,2012,75.64,Sci-Fi
34,147,3,5.83,89198,86,2004,87.22,Drama
34,326,3,5.09,3775,153,2005,315.78,Drama
34,28,2,9.47,49524,150,2022,37.47,Sci-Fi
34,344,1,6.93,31645,116,2020,407.34,Comedy
35,775,5,1.45,47731,154,2004,189.17,Drama
35,250,2,4.54,3706,140,2010,138.55,Action
35,822,3,5.99,68188,172,2025,239.07,Comedy
35,120,1,3.19,75376,138,2001,408.56,Sci-Fi
35,573,3,8.16,57502,167,2013,268.95,Action
35,856,5,1.57,45832,110,2000,241.71,Comedy
35,602,5,4.2,84860,167,2017,124.1,Action
36,811,3,2.81,76982,80,2020,429.77,Comedy
36,192,2,4.69,95544,180,2024,146.0,Action
36,199,3,5.67,24561,108,2004,321.3,Comedy
36,447,5,4.62,46222,125,2014,357.93,Action
36,585,4,2.85,11672,83,2001,77.16,Horror
36,436,5,9.03,10031,89,2004,428.41,Horror
36,442,4,5.96,46466,170,2022,317.54,Horror
36,328,3,9.87,74905,147,2012,222.22,Sci-Fi
36,196,4,4.53,15059,132,2020,7.01,Horror
36,308,5,4.09,90928,135,2011,484.1,Comedy
36,178,5,5.37,23495,94,2019,424.66,Action
36,789,5,1.91,60846,172,2004,159.97,Horror
36,404,5,3.47,22306,162,2012,417.09,Sci-Fi
37,233,1,7.41,84108,123,2006,207.68,Comedy
37,868,2,5.19,87184,99,2003,377.54,Drama
37,3,1,7.43,36207,135,2018,218.06,Horror
37,988,4,9.01,39640,142,2000,190.61,Drama
37,644,2,1.96,55263,162,2017,337.9,Drama
37,253,1,3.19,48607,161,2005,480.77,Horror
37,424,1,6.27,26185,95,2016,155.34,Comedy
37,304,3,4.82,65425,99,2004,433.65,Horror
37,366,1,5.02,45869,173,2002,446.23,Action
38,200,4,3.82,90946,107,2006,111.99,Drama
38,662,4,7.44,96530,141,2009,177.54,Comedy
38,883,4,2.88,44764,108,2001,338.12,Comedy
38,520,2,2.9,71459,160,2022,346.05,Sci-Fi
38,415,3,5.8,70426,161,2002,146.88,Sci-Fi
38,375,4,8.8,16617,167,2009,159.29,Horror
39,228,5,4.13,72068,106,2020,98.28,Drama
39,274,4,3.19,37071,84,2023,160.36,Drama
39,68,4,5.07,84734,152,2006,413.9,Sci-Fi
39,941,5,6.69,41364,121,2002,120.68,Horror
39,407,3,5.15,2369,166,2018,282.96,Action
39,850,2,9.11,36762,151,2022,196.11,Drama
39,270,5,1.06,63500,110,2019,307.45,Comedy
39,651,1,3.86,42073,120,2002,200.04,Drama
39,587,2,1.65,98381,165,2009,467.62,Drama
39,956,1,8.78,19852,97,2007,495.78,Sci-Fi
39,796,4,7.09,55245,129,2024,67.12,Horror
39,866,4,5.96,30418,178,2015,213.55,Drama
39,406,2,8.02,49702,90,2006,444.04,Action
39,548,2,8.2,20271,168,2006,375.9,Comedy
40,239,1,8.65,18205,176,2009,88.13,Horror
40,70,3,3.19,90158,163,2023,183.97,Sci-Fi
40,748,2,8.77,36521,95,2009,446.46,Sci-Fi
40,823,2,2.18,43954,94,2001,418.85,Sci-Fi
40,168,4,2.73,83702,100,2023,447.0,Action
40,53,1,1.0,93204,158,2006,73.02,Comedy
40,971,3,4.99,32952,132,2004,180.09,Drama
40,328,2,9.87,74905,147,2012,222.22,Sci-Fi
40,668,2,3.14,24072,81,2018,258.19,Drama
40,272,5,3.95,47440,171,2007,191.98,Action
40,136,3,3.76,14002,124,2012,209.37,Horror
40,291,3,8.24,27127,142,2010,497.62,Sci-Fi
41,760,4,4.29,37897,138,2021,351.74,Comedy
41,171,2,3.42,10857,137,2002,348.98,Comedy
41,859,3,3.4,29069,166,2000,239.74,Sci-Fi
41,631,4,1.11,7599,136,2011,211.9,Drama
41,340,3,4.09,85272,119,2002,464.82,Horror
41,19,4,4.72,11987,174,2015,341.33,Horror
41,784,1,2.64,2654,137,2021,225.41,Horror
41,112,4,8.58,42298,145,2024,255.56,Horror
42,906,2,4.39,56166,166,2007,197.04,Sci-Fi
42,805,1,6.79,35610,99,2020,499.68,Action
42,170,1,9.3,66754,135,2001,186.22,Sci-Fi
42,354,5,9.77,10261,138,2004,279.66,Comedy
42,220,4,5.14,6131,113,2016,137.22,Horror
42,690,3,6.01,40715,86,2025,19.86,Horror
42,801,3,4.32,7291,88,2011,33.9,Action
43,903,5,1.94,81926,135,2005,421.75,Sci-Fi
43,576,5,7.95,10171,90,2014,353.27,Drama
43,425,3,8.58,92039,95,2020,138.42,Horror
43,463,3,4.05,43827,152,2024,205.66,Action
43,453,3,4.75,85047,148,2012,230.66,Action
43,419,3,1.15,99453,80,2011,182.7,Action
43,349,3,9.49,7838,96,2014,473.2,Sci-Fi
43,405,3,9.94,79758,127,2023,450.76,Action
43,223,4,3.85,57509,166,2013,246.16,Horror
43,439,1,6.1,26868,156,2023,229.31,Horror
43,867,3,9.84,60774,97,2000,379.63,Horror
43,121,5,9.21,45062,161,2006,330.64,Sci-Fi
43,50,4,1.61,98674,177,2011,434.99,Action
43,554,1,2.8,89037,146,2004,450.94,Comedy
43,76,2,5.78,39297,169,2014,59.12,Horror
43,861,2,1.24,78417,97,2001,270.55,Action
43,660,3,4.42,28472,115,2011,49.74,Sci-Fi
43,638,2,9.88,47522,129,2006,151.73,Comedy
44,108,5,3.76,50110,107,2006,308.63,Comedy
44,55,1,9.79,18604,117,2012,118.49,Comedy
44,751,2,3.62,2410,142,2022,135.36,Horror
44,662,5,7.44,96530,141,2009,177.54,Comedy
44,334,3,1.09,32623,145,2024,252.54,Sci-Fi
44,612,2,6.59,2854,166,2012,75.64,Sci-Fi
44,2,2,2.72,79940,83,2019,181.28,Horror
44,681,2,9.65,20204,144,2025,399.7,Action
45,783,2,1.24,31737,160,2010,123.41,Comedy
45,352,5,8.87,44665,90,2020,234.89,Horror
45,49,1,7.79,6744,172,2010,167.94,Sci-Fi
45,698,5,3.09,17021,141,2011,406.81,Action
45,290,4,6.65,57610,100,2023,317.18,Sci-Fi
45,578,4,2.68,15228,113,2006,287.88,Horror
45,519,3,2.54,16335,126,2000,207.51,Drama
45,183,2,2.01,26813,176,2013,32.19,Horror
45,647,2,9.36,33176,93,2025,125.85,Sci-Fi
45,993,4,5.11,69113,139,2011,221.36,Drama
45,103,4,9.8,92693,159,2003,444.24,Horror
45,456,1,6.3,42470,106,2015,15.1,Drama
45,749,3,1.16,45327,139,2000,467.85,Comedy
45,686,5,5.91,17006,107,2017,151.41,Comedy
45,271,5,2.31,52133,119,2001,461.05,Drama
45,375,4,8.8,16617,167,2009,159.29,Horror
45,260,4,5.4,71909,102,2024,113.42,Comedy
45,912,2,7.78,40795,118,2019,171.16,Drama
45,922,5,8.42,89513,139,2014,395.33,Sci-Fi
46,505,5,3.75,73561,113,2020,122.21,Sci-Fi
46,209,2,3.21,14591,128,2025,454.02,Sci-Fi
46,496,1,4.78,69787,146,2020,187.73,Comedy
46,694,2,1.06,73142,168,2021,313.93,Horror
46,197,2,1.45,3644,112,2001,125.16,Horror
46,369,4,9.69,63113,173,2011,128.78,Horror
46,460,5,4.41,55921,174,2019,123.11,Comedy
46,727,3,9.93,54137,167,2016,414.73,Action
46,138,2,5.28,94078,145,2023,151.58,Action
46,2,1,2.72,79940,83,2019,181.28,Horror
46,941,3,6.69,41364,121,2002,120.68,Horror
46,963,1,9.42,29251,139,2010,450.39,Action
47,802,5,1.21,26630,178,2003,140.79,Horror
47,596,2,3.08,51778,85,2023,196.18,Sci-Fi
47,679,4,4.63,87477,120,2000,390.95,Action
47,514,2,2.45,61762,171,2018,476.47,Action
47,301,3,3.93,69620,165,2013,483.47,Horror
47,124,2,9.14,6101,86,2021,159.1,Drama
47,997,5,9.38,45004,167,2019,423.27,Sci-Fi
47,800,4,3.13,19731,103,2008,361.84,Sci-Fi
47,835,1,2.66,70480,96,2007,158.45,Sci-Fi
47,4,1,1.13,37539,166,2020,391.75,Action
47,57,1,7.56,87413,93,2007,309.2,Action
47,302,1,9.9,2104,155,2015,496.71,Action
48,277,2,8.36,93504,89,2024,302.8,Comedy
48,846,4,2.72,33592,143,2001,161.21,Action
48,340,2,4.09,85272,119,2002,464.82,Horror
48,772,2,7.87,41799,83,2025,86.38,Drama
48,933,3,6.97,84340,141,2009,102.59,Comedy
48,719,2,5.4,24263,125,2003,170.92,Sci-Fi
48,998,4,7.16,44459,107,2008,298.06,Action
48,370,1,6.8,45998,135,2000,89.79,Sci-Fi
48,153,5,2.83,43032,174,2009,218.68,Horror
48,542,4,4.59,68455,81,2000,217.18,Drama
48,839,4,5.47,66733,123,2003,270.83,Horror
48,996,2,7.17,42251,177,2010,166.47,Sci-Fi
48,262,3,9.88,50514,92,2019,199.89,Horror
48,206,3,7.54,29513,143,2009,265.59,Comedy
48,326,5,5.09,3775,153,2005,315.78,Drama
49,314,2,3.61,71587,106,2011,312.95,Action
49,116,2,5.35,71734,87,2018,199.33,Comedy
49,334,4,1.09,32623,145,2024,252.54,Sci-Fi
49,403,5,3.17,70883,151,2021,53.89,Action
49,280,5,7.51,53033,97,2016,303.32,Sci-Fi
49,319,4,3.18,73807,104,2006,95.39,Drama
49,707,2,2.68,70948,95,2000,364.15,Comedy
49,94,3,6.86,71778,131,2014,490.37,Drama
49,583,4,9.97,40723,177,2008,268.01,Drama
49,621,2,1.07,1151,174,2003,6.5,Drama
49,541,1,4.11,31857,153,2021,210.57,Comedy
49,947,1,4.06,85728,176,2019,40.31,Sci-Fi
49,251,3,9.01,36847,103,2013,399.76,Sci-Fi
49,448,4,2.37,70071,109,2003,199.88,Sci-Fi
49,272,4,3.95,47440,171,2007,191.98,Action
49,590,4,7.58,43288,117,2019,44.25,Drama
50,226,5,1.94,59250,84,2010,8.84,Horror
50,585,3,2.85,11672,83,2001,77.16,Horror
50,615,5,5.52,10735,160,2012,6.13,Horror
50,400,2,9.03,27328,124,2003,272.8,Comedy
50,366,4,5.02,45869,173,2002,446.23,Action
50,775,2,1.45,47731,154,2004,189.17,Drama
50,58,2,9.73,13304,149,2019,219.19,Horror
50,788,2,5.58,45119,102,2010,176.93,Action
50,851,5,2.28,69328,83,2011,445.7,Action
50,237,2,4.12,18822,110,2019,337.36,Drama
51,100,5,9.2,23024,177,2009,4.28,Sci-Fi
51,412,4,3.28,41093,161,2009,19.66,Horror
51,883,3,2.88,44764,108,2001,338.12,Comedy
51,224,5,7.09,26078,90,2006,176.0,Action
51,137,2,2.34,5619,100,2011,307.38,Drama
51,858,1,6.33,53810,99,2000,213.14,Sci-Fi
51,797,4,3.84,80631,157,2012,353.45,Horror
51,390,5,9.22,91305,118,2020,59.42,Sci-Fi
51,638,3,9.88,47522,129,2006,151.73,Comedy
51,292,1,8.56,88144,155,2015,17.06,Sci-Fi
51,843,4,3.65,2925,157,2003,279.3,Comedy
51,263,1,1.24,20166,171,2012,60.33,Sci-Fi
51,856,2,1.57,45832,110,2000,241.71,Comedy
51,67,5,6.61,86508,180,2003,493.47,Comedy
51,21,5,8.77,91672,120,2010,9.71,Drama
51,889,2,1.18,81276,123,2020,469.33,Action
51,285,1,4.96,58469,120,2011,18.42,Action
52,204,1,2.92,2495,120,2002,290.58,Sci-Fi
52,450,3,8.4,92540,93,2004,350.68,Drama
52,140,5,2.0,51404,108,2022,20.28,Horror
52,57,5,7.56,87413,93,2007,309.2,Action
52,959,5,9.89,822,113,2024,484.94,Action
52,447,4,4.62,46222,125,2014,357.93,Action
52,820,1,7.23,71604,120,2005,294.29,Drama
52,268,2,6.05,91815,120,2019,22.36,Comedy
52,506,1,3.31,66681,143,2005,122.63,Action
52,668,2,3.14,24072,81,2018,258.19,Drama
52,899,4,2.65,5209,105,2023,280.34,Comedy
52,940,3,2.13,61163,116,2019,101.56,Action
53,155,3,4.39,32376,86,2002,71.63,Drama
53,785,5,1.42,88806,96,2007,70.11,Comedy
53,547,1,9.24,49636,170,2000,146.51,Comedy
53,815,4,8.24,90909,86,2007,400.91,Horror
53,408,2,7.08,38067,123,2011,200.19,Sci-Fi
53,380,5,9.48,4242,152,2007,30.0,Drama
53,460,3,4.41,55921,174,2019,123.11,Comedy
53,982,4,6.91,85155,178,2012,61.74,Horror
53,561,3,8.33,80287,177,2023,431.01,Drama
53,522,3,6.44,11859,145,2022,70.66,Comedy
53,901,5,9.14,58728,86,2012,283.54,Horror
53,704,4,4.77,85510,176,2013,330.46,Horror
53,570,3,1.08,11746,102,2012,338.45,Sci-Fi
53,88,2,9.53,11883,178,2016,153.49,Action
53,990,2,3.02,58840,108,2005,307.53,Comedy
53,724,5,1.82,19709,100,2017,84.17,Drama
53,822,3,5.99,68188,172,2025,239.07,Comedy
53,843,4,3.65,2925,157,2003,279.3,Comedy
54,966,5,9.41,22447,82,2013,401.31,Comedy
54,197,4,1.45,3644,112,2001,125.16,Horror
54,269,2,5.97,87306,163,2013,94.78,Comedy
54,906,5,4.39,56166,166,2007,197.04,Sci-Fi
54,262,4,9.88,50514,92,2019,199.89,Horror
54,96,1,7.66,28997,104,2007,134.27,Comedy
54,979,2,7.16,22343,121,2012,487.1,Horror
54,533,1,1.74,48058,138,2004,209.98,Action
54,290,2,6.65,57610,100,2023,317.18,Sci-Fi
54,144,1,9.05,60297,99,2003,475.81,Horror
54,362,1,3.21,88480,80,2015,479.86,Drama
55,243,5,4.15,27887,163,2000,497.35,Comedy
55,320,4,7.79,29293,110,2019,78.23,Drama
55,540,3,6.81,20077,135,2023,72.08,Sci-Fi
55,44,5,1.45,18008,160,2001,264.4,Comedy
55,741,5,6.24,18207,152,2000,323.25,Drama
55,993,4,5.11,69113,139,2011,221.36,Drama
55,503,4,9.19,39995,120,2016,462.55,Comedy
55,435,3,7.62,93493,113,2008,431.56,Action
56,844,3,4.51,31995,137,2023,16.2,Drama
56,957,2,3.8,69194,123,2007,287.95,Sci-Fi
56,419,2,1.15,99453,80,2011,182.7,Action
56,467,4,1.35,9133,129,2008,299.21,Comedy
56,461,4,3.34,48242,133,2014,17.23,Action
56,101,2,2.47,93064,80,2001,115.52,Drama
56,640,2,7.69,72540,97,2019,398.94,Action
56,511,2,5.35,16669,159,2000,127.75,Horror
56,353,3,6.72,27067,139,2016,172.24,Sci-Fi
56,774,1,4.9,19363,103,2001,217.05,Horror
56,687,4,4.46,73322,149,2015,35.45,Horror
56,179,2,2.68,80168,163,2000,15.4,Sci-Fi
56,596,4,3.08,51778,85,2023,196.18,Sci-Fi
56,414,4,4.99,99295,112,2024,488.92,Drama
56,754,4,5.08,28794,118,2019,217.48,Horror
56,521,4,8.21,62102,103,2018,67.46,Horror
56,977,5,1.2,8624,158,2012,17.31,Comedy
56,988,1,9.01,39640,142,2000,190.61,Drama
57,407,5,5.15,2369,166,2018,282.96,Action
57,98,2,2.96,39667,117,2006,396.76,Drama
57,174,3,5.67,75593,114,2017,326.12,Horror
57,701,3,9.07,4375,147,2012,480.64,Action
57,513,2,6.61,61767,131,2000,136.1,Comedy
57,829,1,8.73,97987,103,2008,153.07,Sci-Fi
57,682,3,9.85,31487,160,2008,46.38,Sci-Fi
57,223,1,3.85,57509,166,2013,246.16,Horror
57,13,1,9.33,81747,121,2015,234.07,Comedy
57,401,2,9.6,49419,100,2003,460.68,Action
57,690,2,6.01,40715,86,2025,19.86,Horror
57,529,2,6.0,27718,175,2018,34.45,Action
58,692,2,6.79,46747,170,2003,79.31,Sci-Fi
58,382,1,6.33,83895,93,2015,475.43,Sci-Fi
58,527,3,4.63,51584,175,2021,162.1,Drama
58,244,3,8.36,81392,178,2003,289.85,Horror
58,270,1,1.06,63500,110,2019,307.45,Comedy
59,782,3,4.64,70405,88,2002,59.36,Action
59,792,1,4.64,3756,82,2005,296.37,Sci-Fi
59,628,3,5.14,17014,90,2022,206.62,Sci-Fi
59,858,1,6.33,53810,99,2000,213.14,Sci-Fi
59,731,1,1.68,90075,140,2010,472.1,Comedy
59,561,5,8.33,80287,177,2023,431.01,Drama
59,764,4,5.68,64108,155,2004,474.48,Action
59,492,5,5.37,49812,96,2024,298.23,Horror
59,741,5,6.24,18207,152,2000,323.25,Drama
59,475,1,2.83,7034,93,2019,481.66,Horror
59,344,4,6.93,31645,116,2020,407.34,Comedy
59,954,4,6.71,40191,137,2020,133.07,Comedy
59,23,2,8.94,89492,86,2008,162.23,Comedy
59,90,2,1.27,40203,160,2009,455.96,Action
60,176,5,4.46,33840,97,2016,37.6,Comedy
60,350,3,9.0,29125,91,2014,241.7,Horror
60,915,5,8.72,18791,156,2024,397.31,Drama
60,499,3,5.27,84037,170,2018,328.66,Comedy
60,452,5,5.2,85817,165,2007,491.24,Sci-Fi
60,603,5,8.37,45849,147,2010,67.16,Horror
60,993,3,5.11,69113,139,2011,221.36,Drama
60,45,3,1.53,94599,104,2014,112.65,Horror
60,962,1,4.78,92837,123,2007,345.0,Action
60,945,2,2.05,23226,85,2014,369.52,Sci-Fi
60,662,4,7.44,96530,141,2009,177.54,Comedy
60,633,1,5.7,71329,123,2024,448.39,Horror
60,924,1,8.08,38938,167,2000,38.8,Drama
60,762,4,4.43,95947,91,2025,266.09,Comedy
60,257,1,1.54,40835,113,2022,241.54,Drama
60,813,1,4.19,17161,127,2019,116.49,Comedy
60,267,5,4.15,80297,128,2016,291.96,Drama
60,704,1,4.77,85510,176,2013,330.46,Horror
60,265,2,4.25,20866,142,2024,155.31,Horror
60,944,2,1.14,26463,175,2018,264.83,Horror
61,92,1,7.41,41646,169,2025,190.39,Comedy
61,51,1,4.71,26392,95,2018,389.54,Sci-Fi
61,538,4,7.53,30148,114,2020,114.76,Comedy
61,303,4,9.25,60116,98,2018,495.39,Drama
61,638,2,9.88,47522,129,2006,151.73,Comedy
61,632,1,8.85,29726,169,2015,1.64,Action
61,669,2,8.27,74828,139,2020,76.19,Drama
61,281,1,8.97,95657,94,2025,488.23,Horror
61,872,5,7.64,27488,121,2011,128.35,Sci-Fi
62,136,1,3.76,14002,124,2012,209.37,Horror
62,152,5,4.03,31325,135,2019,81.37,Horror
62,788,2,5.58,45119,102,2010,176.93,Action
62,198,4,5.48,634,116,2005,116.52,Drama
62,525,5,4.03,40334,118,2001,363.22,Action
62,449,5,5.48,59019,154,2023,170.66,Horror
62,806,5,3.5,38984,139,2011,323.01,Sci-Fi
62,748,3,8.77,36521,95,2009,446.46,Sci-Fi
62,211,3,5.02,71522,113,2019,74.05,Drama
62,617,1,1.11,20931,87,2000,352.44,Horror
62,725,3,5.75,2501,169,2002,319.52,Sci-Fi
62,463,4,4.05,43827,152,2024,205.66,Action
62,526,2,2.22,85928,103,2020,440.58,Comedy
62,804,4,9.23,70128,89,2002,232.0,Horror
62,45,5,1.53,94599,104,2014,112.65,Horror
62,764,2,5.68,64108,155,2004,474.48,Action
62,726,5,7.04,97921,158,2012,29.31,Action
62,627,2,8.66,25209,101,2004,255.2,Action
62,126,3,5.11,24173,158,2001,13.64,Action
63,787,5,1.23,43591,152,2002,206.56,Comedy
63,802,2,1.21,26630,178,2003,140.79,Horror
63,315,4,1.1,32606,136,2023,277.41,Sci-Fi
63,999,4,8.28,84936,85,2018,272.14,Action
63,563,1,1.64,67428,95,2000,458.69,Sci-Fi
63,424,2,6.27,26185,95,2016,155.34,Comedy
63,98,3,2.96,39667,117,2006,396.76,Drama
63,520,5,2.9,71459,160,2022,346.05,Sci-Fi
63,529,2,6.0,27718,175,2018,34.45,Action
63,674,3,5.86,79276,113,2020,235.42,Drama
64,1,1,8.9,50325,127,2016,332.62,Horror
64,176,5,4.46,33840,97,2016,37.6,Comedy
64,780,3,9.01,83260,92,2011,325.55,Horror
64,765,4,1.22,42188,174,2013,234.53,Horror
64,815,3,8.24,90909,86,2007,400.91,Horror
64,105,5,8.73,76162,147,2021,138.89,Comedy
64,150,1,4.74,53119,103,2019,138.6,Comedy
64,357,1,9.65,32875,107,2025,358.23,Horror
65,752,2,5.55,73479,178,2010,416.1,Action
65,755,3,6.36,44297,133,2002,68.33,Action
65,769,3,5.47,22660,123,2003,336.15,Sci-Fi
65,841,4,8.7,43842,156,2012,56.1,Action
65,961,1,8.74,4618,138,2016,447.99,Sci-Fi
65,484,2,8.08,702,167,2012,470.12,Sci-Fi
65,544,2,2.53,35259,127,2008,83.19,Sci-Fi
65,825,2,6.24,12402,89,2021,65.47,Action
65,245,5,7.74,63538,85,2018,361.44,Action
65,604,4,7.14,98508,137,2016,338.97,Drama
65,874,1,1.85,74870,164,2015,265.44,Horror
65,818,3,3.0,64087,165,2010,361.27,Action
65,966,5,9.41,22447,82,2013,401.31,Comedy
65,151,3,2.27,67558,150,2021,324.07,Drama
65,596,5,3.08,51778,85,2023,196.18,Sci-Fi
66,189,5,2.47,24141,158,2023,176.27,Comedy
66,276,4,1.12,6389,101,2006,287.54,Sci-Fi
66,161,2,8.08,27281,81,2009,478.36,Action
66,582,4,4.01,59881,142,2010,402.94,Action
66,405,2,9.94,79758,127,2023,450.76,Action
66,88,3,9.53,11883,178,2016,153.49,Action
66,443,5,3.95,11806,143,2008,428.8,Comedy
66,69,4,9.98,70228,143,2020,77.72,Horror
66,14,4,3.85,87855,82,2019,165.71,Drama
66,470,5,3.1,2082,142,2012,109.84,Action
66,828,1,6.43,56744,163,2007,324.25,Horror
66,507,3,4.68,67944,81,2025,429.68,Sci-Fi
66,74,4,3.26,91915,148,2011,169.31,Sci-Fi
66,852,1,4.3,98101,110,2011,498.22,Comedy
66,556,1,9.96,85044,153,2024,104.02,Comedy
66,858,1,6.33,53810,99,2000,213.14,Sci-Fi
66,609,3,6.41,7360,96,2005,81.26,Sci-Fi
66,989,5,3.55,2095,95,2023,189.17,Horror
67,695,2,3.77,37793,88,2015,28.21,Action
67,342,3,5.65,81897,156,2012,39.87,Sci-Fi
67,47,4,9.96,63782,175,2021,397.34,Action
67,938,3,1.86,45274,147,2008,394.49,Action
67,82,5,1.17,80722,136,2006,204.9,Drama
67,321,1,3.05,73138,129,2010,206.83,Action
67,474,4,6.72,44352,124,2023,464.66,Drama
67,751,4,3.62,2410,142,2022,135.36,Horror
67,834,3,8.67,54291,92,2021,100.9,Horror
67,203,2,6.03,13869,162,2024,467.76,Horror
67,46,2,7.67,91008,92,2002,477.3,Action
67,420,3,3.92,87954,144,2006,387.48,Drama
67,570,5,1.08,11746,102,2012,338.45,Sci-Fi
67,842,2,3.24,1085,109,2013,283.62,Sci-Fi
67,883,3,2.88,44764,108,2001,338.12,Comedy
67,103,1,9.8,92693,159,2003,444.24,Horror
67,717,4,4.95,64875,130,2000,188.24,Comedy
68,484,5,8.08,702,167,2012,470.12,Sci-Fi
68,428,2,6.17,89580,130,2004,318.77,Action
68,302,2,9.9,2104,155,2015,496.71,Action
68,737,4,5.21,84487,105,2005,118.14,Comedy
68,321,5,3.05,73138,129,2010,206.83,Action
68,780,5,9.01,83260,92,2011,325.55,Horror
68,541,1,4.11,31857,153,2021,210.57,Comedy
68,359,2,6.96,27567,136,2007,66.16,Comedy
68,628,2,5.14,17014,90,2022,206.62,Sci-Fi
68,797,4,3.84,80631,157,2012,353.45,Horror
68,507,4,4.68,67944,81,2025,429.68,Sci-Fi
68,441,5,3.26,60167,144,2022,82.31,Horror
68,227,5,7.08,39839,107,2000,189.71,Comedy
68,97,2,6.55,43732,143,2003,233.6,Comedy
69,485,5,2.45,42515,100,2015,150.04,Comedy
69,457,5,2.41,64071,111,2010,55.8,Action
69,362,1,3.21,88480,80,2015,479.86,Drama
69,863,3,9.54,94280,178,2012,40.81,Horror
69,375,5,8.8,16617,167,2009,159.29,Horror
69,732,3,8.25,26445,129,2018,294.31,Drama
69,506,5,3.31,66681,143,2005,122.63,Action
70,327,1,2.09,68843,154,2014,131.86,Action
70,630,4,6.84,58001,91,2001,18.58,Drama
70,712,1,4.19,67136,153,2017,66.92,Sci-Fi
70,611,1,1.6,32205,114,2004,246.52,Action
70,804,1,9.23,70128,89,2002,232.0,Horror
71,343,3,3.18,484,87,2015,28.2,Drama
71,239,2,8.65,18205,176,2009,88.13,Horror
71,420,3,3.92,87954,144,2006,387.48,Drama
71,987,4,3.46,23901,102,2016,83.49,Drama
71,1000,1,1.05,54257,129,2007,363.36,Sci-Fi
71,723,3,2.6,72422,158,2001,101.29,Horror
71,921,4,6.43,84191,80,2000,96.05,Horror
71,247,4,5.01,52072,116,2001,189.93,Action
71,202,5,3.0,25873,144,2023,208.88,Action
71,737,1,5.21,84487,105,2005,118.14,Comedy
71,409,2,3.94,76523,92,2009,439.75,Sci-Fi
71,277,5,8.36,93504,89,2024,302.8,Comedy
71,133,1,7.37,97865,130,2001,262.76,Sci-Fi
71,143,5,9.16,86016,98,2024,375.78,Sci-Fi
71,280,3,7.51,53033,97,2016,303.32,Sci-Fi
71,304,2,4.82,65425,99,2004,433.65,Horror
71,68,5,5.07,84734,152,2006,413.9,Sci-Fi
71,320,3,7.79,29293,110,2019,78.23,Drama
71,253,1,3.19,48607,161,2005,480.77,Horror
72,460,2,4.41,55921,174,2019,123.11,Comedy
72,437,3,5.35,39997,123,2007,430.92,Action
72,177,5,8.6,1850,133,2016,435.45,Drama
72,406,1,8.02,49702,90,2006,444.04,Action
72,705,1,6.14,81261,120,2016,86.04,Sci-Fi
72,124,4,9.14,6101,86,2021,159.1,Drama
72,351,5,3.66,45541,83,2008,402.94,Comedy
72,477,3,9.88,55707,160,2012,28.86,Horror
72,773,2,7.88,57203,176,2012,394.42,Action
72,577,2,2.21,70053,114,2022,443.01,Action
72,476,5,6.41,74520,151,2014,269.98,Comedy
72,520,1,2.9,71459,160,2022,346.05,Sci-Fi
72,677,5,6.88,43538,175,2014,81.17,Action
72,513,5,6.61,61767,131,2000,136.1,Comedy
72,529,2,6.0,27718,175,2018,34.45,Action
72,887,1,3.41,2152,170,2020,327.14,Horror
73,610,5,9.83,86013,124,2001,225.99,Sci-Fi
73,380,5,9.48,4242,152,2007,30.0,Drama
73,579,4,8.16,48731,154,2015,445.64,Drama
73,987,2,3.46,23901,102,2016,83.49,Drama
73,664,4,4.57,95853,95,2000,421.63,Action
73,723,2,2.6,72422,158,2001,101.29,Horror
73,398,4,2.76,70800,98,2023,282.94,Comedy
73,435,2,7.62,93493,113,2008,431.56,Action
73,242,3,7.68,17618,137,2016,233.71,Drama
73,865,1,9.02,18913,142,2002,369.68,Action
73,649,2,9.26,80946,127,2016,49.9,Comedy
73,122,5,3.46,36870,132,2011,499.47,Action
73,811,5,2.81,76982,80,2020,429.77,Comedy
73,676,2,3.26,10833,108,2008,414.41,Sci-Fi
73,689,3,5.58,27678,165,2019,112.84,Sci-Fi
74,675,1,2.99,9535,153,2009,485.84,Drama
74,844,1,4.51,31995,137,2023,16.2,Drama
74,77,2,4.45,89693,103,2025,400.06,Sci-Fi
74,897,3,4.21,86179,165,2000,13.44,Comedy
74,111,1,1.16,95508,117,2005,451.54,Action
74,98,5,2.96,39667,117,2006,396.76,Drama
74,932,3,5.09,55874,130,2023,80.27,Sci-Fi
74,522,2,6.44,11859,145,2022,70.66,Comedy
75,163,5,8.25,23602,107,2020,307.57,Action
75,757,1,1.78,79722,81,2016,125.35,Action
75,579,3,8.16,48731,154,2015,445.64,Drama
75,970,5,6.87,83003,180,2004,297.95,Sci-Fi
75,704,3,4.77,85510,176,2013,330.46,Horror
75,297,4,3.31,61997,155,2010,446.15,Horror
75,151,3,2.27,67558,150,2021,324.07,Drama
75,879,4,9.51,4225,170,2022,149.09,Comedy
75,483,1,9.11,71533,177,2010,150.06,Drama
75,467,1,1.35,9133,129,2008,299.21,Comedy
75,794,2,1.69,79594,178,2015,309.73,Drama
75,530,3,6.61,64206,170,2004,175.97,Action
75,593,5,4.11,17141,171,2013,27.47,Sci-Fi
75,473,1,4.16,30020,88,2019,432.07,Comedy
75,710,4,9.99,42880,137,2023,207.3,Comedy
75,353,2,6.72,27067,139,2016,172.24,Sci-Fi
75,594,5,1.57,21327,177,2003,369.21,Drama
75,252,1,8.15,97196,177,2000,269.63,Comedy
76,335,4,6.8,73279,173,2004,101.29,Action
76,280,2,7.51,53033,97,2016,303.32,Sci-Fi
76,549,2,7.37,17345,118,2011,447.54,Comedy
76,559,2,8.07,41430,143,2006,132.37,Comedy
76,51,2,4.71,26392,95,2018,389.54,Sci-Fi
76,398,3,2.76,70800,98,2023,282.94,Comedy
76,508,5,4.84,42748,96,2003,306.23,Sci-Fi
76,572,2,5.85,47602,80,2005,128.1,Action
76,750,2,3.65,97999,153,2023,56.78,Drama
76,723,3,2.6,72422,158,2001,101.29,Horror
76,961,5,8.74,4618,138,2016,447.99,Sci-Fi
76,534,5,9.22,29740,98,2013,129.47,Drama
76,79,1,3.6,58314,106,2008,432.1,Horror
76,987,3,3.46,23901,102,2016,83.49,Drama
76,130,4,8.9,23520,152,2013,44.64,Sci-Fi
76,659,5,1.53,60110,103,2024,408.18,Action
77,159,4,8.22,42088,158,2023,52.03,Comedy
77,441,2,3.26,60167,144,2022,82.31,Horror
77,167,4,3.62,96326,116,2019,426.05,Drama
77,900,2,1.78,6123,172,2015,76.37,Horror
77,615,4,5.52,10735,160,2012,6.13,Horror
77,269,2,5.97,87306,163,2013,94.78,Comedy
77,28,2,9.47,49524,150,2022,37.47,Sci-Fi
77,555,5,1.52,78254,141,2002,107.08,Drama
77,696,4,1.89,26495,98,2001,449.03,Comedy
77,506,3,3.31,66681,143,2005,122.63,Action
77,582,2,4.01,59881,142,2010,402.94,Action
77,334,3,1.09,32623,145,2024,252.54,Sci-Fi
78,793,2,7.83,10542,177,2012,482.9,Action
78,674,4,5.86,79276,113,2020,235.42,Drama
78,813,5,4.19,17161,127,2019,116.49,Comedy
78,433,1,2.53,65278,138,2019,121.69,Comedy
78,612,4,6.59,2854,166,2012,75.64,Sci-Fi
78,200,5,3.82,90946,107,2006,111.99,Drama
78,102,3,5.07,440,83,2010,255.18,Comedy
78,587,2,1.65,98381,165,2009,467.62,Drama
78,271,4,2.31,52133,119,2001,461.05,Drama
78,713,4,1.79,84819,102,2014,207.56,Action
78,541,1,4.11,31857,153,2021,210.57,Comedy
78,139,5,3.07,12994,107,2016,426.63,Comedy
78,889,4,1.18,81276,123,2020,469.33,Action
78,330,5,1.62,50453,134,2011,368.22,Drama
78,164,3,9.82,85832,179,2023,426.46,Horror
78,516,3,1.58,31126,137,2015,245.98,Sci-Fi
78,558,5,4.03,20855,129,2021,394.46,Sci-Fi
78,77,3,4.45,89693,103,2025,400.06,Sci-Fi
78,627,5,8.66,25209,101,2004,255.2,Action
78,47,4,9.96,63782,175,2021,397.34,Action
79,122,5,3.46,36870,132,2011,499.47,Action
79,615,5,5.52,10735,160,2012,6.13,Horror
79,542,4,4.59,68455,81,2000,217.18,Drama
79,841,2,8.7,43842,156,2012,56.1,Action
79,933,4,6.97,84340,141,2009,102.59,Comedy
79,270,1,1.06,63500,110,2019,307.45,Comedy
79,809,3,9.96,68074,94,2019,377.72,Drama
79,149,1,7.13,22903,91,2013,199.65,Action
79,687,2,4.46,73322,149,2015,35.45,Horror
80,991,5,6.38,93745,95,2022,121.14,Comedy
80,782,1,4.64,70405,88,2002,59.36,Action
80,887,1,3.41,2152,170,2020,327.14,Horror
80,112,3,8.58,42298,145,2024,255.56,Horror
80,346,4,4.28,45275,90,2023,58.72,Sci-Fi
80,107,5,9.07,57679,151,2018,180.76,Comedy
80,675,4,2.99,9535,153,2009,485.84,Drama
80,75,1,4.16,47174,153,2009,496.72,Sci-Fi
80,635,2,3.17,17449,81,2017,431.16,Drama
80,173,3,3.94,71439,112,2017,139.2,Drama
80,113,4,3.3,73085,179,2000,154.46,Sci-Fi
80,427,2,7.63,12062,103,2021,235.42,Drama
80,797,3,3.84,80631,157,2012,353.45,Horror
81,72,2,2.36,73204,135,2012,70.55,Horror
81,604,2,7.14,98508,137,2016,338.97,Drama
81,8,5,5.75,18558,176,2004,113.77,Sci-Fi
81,4,4,1.13,37539,166,2020,391.75,Action
81,334,3,1.09,32623,145,2024,252.54,Sci-Fi
81,222,4,8.91,33322,116,2013,332.48,Sci-Fi
82,801,3,4.32,7291,88,2011,33.9,Action
82,290,1,6.65,57610,100,2023,317.18,Sci-Fi
82,426,1,1.78,4981,168,2008,255.41,Comedy
82,631,4,1.11,7599,136,2011,211.9,Drama
82,827,1,4.94,91022,163,2003,185.23,Comedy
82,158,4,8.22,4346,107,2002,449.08,Drama
82,647,2,9.36,33176,93,2025,125.85,Sci-Fi
82,740,3,6.21,8833,119,2016,10.08,Sci-Fi
82,629,2,2.92,25536,86,2006,38.19,Drama
82,782,5,4.64,70405,88,2002,59.36,Action
82,54,5,7.21,56948,161,2013,220.28,Horror
82,331,3,5.81,64265,92,2004,277.0,Comedy
82,733,5,2.03,59930,178,2011,7.92,Horror
82,664,2,4.57,95853,95,2000,421.63,Action
82,338,4,1.33,82969,88,2004,94.46,Comedy
82,326,4,5.09,3775,153,2005,315.78,Drama
82,164,2,9.82,85832,179,2023,426.46,Horror
82,560,5,2.3,12617,158,2014,325.81,Sci-Fi
82,845,5,9.21,61599,114,2011,135.05,Comedy
83,628,1,5.14,17014,90,2022,206.62,Sci-Fi
83,281,1,8.97,95657,94,2025,488.23,Horror
83,358,1,6.62,76538,157,2012,264.9,Sci-Fi
83,97,1,6.55,43732,143,2003,233.6,Comedy
83,348,2,8.25,74900,107,2016,249.14,Drama
83,109,4,7.98,92174,136,2005,28.71,Sci-Fi
83,658,2,5.48,72956,137,2012,490.73,Comedy
83,571,2,5.72,95304,163,2014,115.56,Horror
83,385,3,5.35,87970,124,2016,342.74,Horror
83,204,4,2.92,2495,120,2002,290.58,Sci-Fi
83,840,2,9.92,81743,116,2011,356.81,Action
83,989,1,3.55,2095,95,2023,189.17,Horror
83,772,1,7.87,41799,83,2025,86.38,Drama
83,467,4,1.35,9133,129,2008,299.21,Comedy
83,25,4,4.03,68555,139,2021,344.84,Drama
84,501,5,7.18,64430,125,2004,194.5,Horror
84,256,2,2.73,84742,137,2006,219.44,Drama
84,331,4,5.81,64265,92,2004,277.0,Comedy
84,513,2,6.61,61767,131,2000,136.1,Comedy
84,552,1,7.04,92587,151,2017,354.57,Sci-Fi
84,194,4,8.8,44337,180,2004,164.3,Action
84,279,1,4.42,33539,119,2021,320.6,Horror
85,138,1,5.28,94078,145,2023,151.58,Action
85,328,5,9.87,74905,147,2012,222.22,Sci-Fi
85,297,3,3.31,61997,155,2010,446.15,Horror
85,658,2,5.48,72956,137,2012,490.73,Comedy
85,29,2,1.84,31448,95,2023,366.31,Horror
86,787,3,1.23,43591,152,2002,206.56,Comedy
86,914,5,3.88,35491,137,2013,470.66,Comedy
86,984,2,3.31,32539,144,2014,276.9,Comedy
86,633,5,5.7,71329,123,2024,448.39,Horror
86,73,3,2.77,77415,110,2003,181.86,Comedy
86,452,1,5.2,85817,165,2007,491.24,Sci-Fi
87,840,2,9.92,81743,116,2011,356.81,Action
87,28,2,9.47,49524,150,2022,37.47,Sci-Fi
87,273,5,3.13,91452,113,2003,11.58,Sci-Fi
87,715,4,8.07,64781,176,2010,340.08,Action
87,658,1,5.48,72956,137,2012,490.73,Comedy
87,565,2,4.9,3488,93,2025,179.93,Sci-Fi
87,564,3,3.8,90003,97,2023,484.69,Drama
87,657,3,3.61,66040,95,2006,390.07,Sci-Fi
87,183,2,2.01,26813,176,2013,32.19,Horror
87,286,5,5.63,83291,162,2002,259.86,Sci-Fi
87,422,2,6.58,77203,178,2012,10.38,Horror
87,668,4,3.14,24072,81,2018,258.19,Drama
87,215,4,1.32,3654,169,2025,16.63,Drama
87,170,4,9.3,66754,135,2001,186.22,Sci-Fi
87,904,1,6.3,2322,147,2017,180.08,Action
87,527,5,4.63,51584,175,2021,162.1,Drama
88,784,4,2.64,2654,137,2021,225.41,Horror
88,158,5,8.22,4346,107,2002,449.08,Drama
88,149,2,7.13,22903,91,2013,199.65,Action
88,896,4,3.19,73721,178,2014,235.73,Drama
88,962,3,4.78,92837,123,2007,345.0,Action
88,220,4,5.14,6131,113,2016,137.22,Horror
89,87,1,8.35,72060,124,2009,181.4,Horror
89,263,3,1.24,20166,171,2012,60.33,Sci-Fi
89,485,5,2.45,42515,100,2015,150.04,Comedy
89,339,3,5.68,74820,104,2010,248.89,Sci-Fi
89,241,5,1.7,33378,98,2004,176.64,Action
89,319,1,3.18,73807,104,2006,95.39,Drama
89,149,5,7.13,22903,91,2013,199.65,Action
89,15,4,2.7,50047,137,2000,141.61,Sci-Fi
89,127,5,4.68,85641,101,2025,291.73,Horror
89,730,4,1.76,91682,166,2017,237.37,Drama
89,810,3,6.74,92177,102,2006,8.07,Action
89,123,2,1.68,78173,93,2017,318.79,Comedy
89,717,4,4.95,64875,130,2000,188.24,Comedy
90,651,1,3.86,42073,120,2002,200.04,Drama
90,494,1,6.48,63787,83,2012,380.46,Action
90,512,4,7.51,64447,164,2017,468.67,Drama
90,222,4,8.91,33322,116,2013,332.48,Sci-Fi
90,180,4,5.32,6140,96,2010,165.88,Sci-Fi
90,350,1,9.0,29125,91,2014,241.7,Horror
90,504,2,3.88,79745,134,2015,355.54,Sci-Fi
90,359,1,6.96,27567,136,2007,66.16,Comedy
90,612,2,6.59,2854,166,2012,75.64,Sci-Fi
90,502,4,6.4,74976,136,2007,210.11,Comedy
90,316,3,3.33,58946,159,2020,30.68,Horror
90,851,5,2.28,69328,83,2011,445.7,Action
90,618,1,2.15,24619,163,2024,24.27,Action
90,117,4,8.26,40757,161,2020,268.46,Action
90,963,3,9.42,29251,139,2010,450.39,Action
90,987,1,3.46,23901,102,2016,83.49,Drama
91,186,1,6.01,77584,104,2014,185.0,Drama
91,335,5,6.8,73279,173,2004,101.29,Action
91,608,4,4.18,62105,148,2018,183.3,Comedy
91,634,5,1.59,36019,176,2020,239.05,Comedy
91,289,2,8.16,15005,127,2002,56.19,Drama
91,600,2,7.22,98609,140,2004,369.68,Drama
91,284,5,1.24,4404,150,2011,95.24,Sci-Fi
91,271,3,2.31,52133,119,2001,461.05,Drama
91,848,5,6.22,38911,150,2014,260.7,Action
91,830,3,2.86,93154,86,2007,54.87,Horror
91,252,4,8.15,97196,177,2000,269.63,Comedy
91,222,3,8.91,33322,116,2013,332.48,Sci-Fi
91,836,2,7.12,27441,162,2006,284.32,Sci-Fi
91,510,4,8.95,25384,83,2023,69.73,Comedy
91,76,5,5.78,39297,169,2014,59.12,Horror
91,38,5,8.86,24712,151,2003,461.24,Action
91,914,2,3.88,35491,137,2013,470.66,Comedy
91,298,1,7.78,38539,165,2015,291.77,Comedy
91,279,3,4.42,33539,119,2021,320.6,Horror
91,816,3,7.94,40594,165,2009,49.88,Action
92,715,4,8.07,64781,176,2010,340.08,Action
92,761,3,7.47,26346,113,2016,332.03,Horror
92,303,4,9.25,60116,98,2018,495.39,Drama
92,282,1,5.74,7407,132,2013,490.16,Sci-Fi
92,673,1,1.01,24127,100,2019,247.96,Sci-Fi
92,939,2,6.99,46882,153,2023,272.52,Horror
92,908,2,4.44,88574,99,2002,52.23,Sci-Fi
92,568,1,7.79,9589,128,2001,454.36,Drama
93,709,2,1.75,50969,170,2005,397.32,Comedy
93,266,5,2.13,91066,151,2025,385.23,Action
93,575,4,1.84,43051,130,2012,171.28,Comedy
93,587,3,1.65,98381,165,2009,467.62,Drama
93,807,1,3.11,80643,89,2000,463.71,Action
93,931,4,5.27,48159,120,2019,301.15,Horror
93,945,3,2.05,23226,85,2014,369.52,Sci-Fi
93,786,5,5.98,85209,111,2001,331.63,Action
93,146,1,4.53,69804,119,2022,467.07,Sci-Fi
93,149,5,7.13,22903,91,2013,199.65,Action
94,819,2,1.72,85411,91,2017,157.9,Sci-Fi
94,45,5,1.53,94599,104,2014,112.65,Horror
94,433,2,2.53,65278,138,2019,121.69,Comedy
94,675,1,2.99,9535,153,2009,485.84,Drama
94,426,3,1.78,4981,168,2008,255.41,Comedy
94,728,4,9.13,15706,102,2009,327.08,Action
94,414,3,4.99,99295,112,2024,488.92,Drama
94,215,2,1.32,3654,169,2025,16.63,Drama
94,780,1,9.01,83260,92,2011,325.55,Horror
94,935,3,8.94,64847,104,2002,184.65,Sci-Fi
94,46,3,7.67,91008,92,2002,477.3,Action
94,812,3,8.43,56127,131,2008,146.46,Horror
94,332,4,4.79,63329,165,2008,16.06,Sci-Fi
94,296,5,3.27,38068,127,2015,327.52,Action
94,235,3,4.69,13489,98,2025,31.94,Action
94,694,3,1.06,73142,168,2021,313.93,Horror
94,398,1,2.76,70800,98,2023,282.94,Comedy
94,804,4,9.23,70128,89,2002,232.0,Horror
94,449,5,5.48,59019,154,2023,170.66,Horror
95,537,5,8.77,88973,136,2019,460.87,Comedy
95,81,2,1.66,99147,101,2005,271.88,Drama
95,529,4,6.0,27718,175,2018,34.45,Action
95,489,5,7.02,42440,108,2015,482.79,Horror
95,309,5,2.82,72774,174,2016,61.07,Sci-Fi
95,85,5,2.29,328,123,2008,87.29,Drama
96,771,2,6.82,69570,113,2002,370.97,Action
96,208,1,2.69,60937,139,2023,220.15,Drama
96,704,1,4.77,85510,176,2013,330.46,Horror
96,232,1,5.07,37648,97,2012,416.63,Sci-Fi
96,480,2,7.78,94156,162,2008,35.58,Drama
96,962,5,4.78,92837,123,2007,345.0,Action
96,439,1,6.1,26868,156,2023,229.31,Horror
96,170,3,9.3,66754,135,2001,186.22,Sci-Fi
96,765,3,1.22,42188,174,2013,234.53,Horror
96,678,1,8.04,93969,95,2000,90.65,Drama
96,663,3,2.24,90467,147,2016,410.22,Drama
96,407,3,5.15,2369,166,2018,282.96,Action
96,45,3,1.53,94599,104,2014,112.65,Horror
96,695,5,3.77,37793,88,2015,28.21,Action
96,320,1,7.79,29293,110,2019,78.23,Drama
97,809,5,9.96,68074,94,2019,377.72,Drama
97,523,5,8.4,5989,107,2004,281.78,Action
97,464,3,2.98,85928,178,2023,356.33,Action
97,686,3,5.91,17006,107,2017,151.41,Comedy
97,292,5,8.56,88144,155,2015,17.06,Sci-Fi
97,650,2,3.22,49269,89,2013,74.97,Action
97,561,4,8.33,80287,177,2023,431.01,Drama
97,579,3,8.16,48731,154,2015,445.64,Drama
97,417,5,7.34,260,180,2016,299.17,Comedy
97,460,4,4.41,55921,174,2019,123.11,Comedy
97,113,3,3.3,73085,179,2000,154.46,Sci-Fi
97,515,5,4.55,13864,173,2010,74.73,Horror
97,430,4,2.11,36875,83,2012,258.94,Action
97,749,5,1.16,45327,139,2000,467.85,Comedy
97,488,5,2.22,53472,123,2024,160.58,Action
97,9,5,2.75,57485,179,2024,397.22,Comedy
97,202,4,3.0,25873,144,2023,208.88,Action
97,220,3,5.14,6131,113,2016,137.22,Horror
98,613,2,7.73,74123,172,2009,285.11,Horror
98,707,5,2.68,70948,95,2000,364.15,Comedy
98,158,2,8.22,4346,107,2002,449.08,Drama
98,633,1,5.7,71329,123,2024,448.39,Horror
98,549,1,7.37,17345,118,2011,447.54,Comedy
98,878,3,3.19,93967,84,2015,453.72,Sci-Fi
98,378,4,3.67,13659,125,2022,136.87,Action
98,107,5,9.07,57679,151,2018,180.76,Comedy
99,38,1,8.86,24712,151,2003,461.24,Action
99,303,2,9.25,60116,98,2018,495.39,Drama
99,975,4,4.24,23410,144,2002,84.14,Horror
99,2,3,2.72,79940,83,2019,181.28,Horror
99,290,4,6.65,57610,100,2023,317.18,Sci-Fi
99,605,1,3.9,35008,168,2011,420.72,Comedy
99,216,2,5.4,37078,119,2018,336.44,Comedy
99,514,5,2.45,61762,171,2018,476.47,Action
99,979,2,7.16,22343,121,2012,487.1,Horror
99,448,3,2.37,70071,109,2003,199.88,Sci-Fi
99,87,4,8.35,72060,124,2009,181.4,Horror
99,647,2,9.36,33176,93,2025,125.85,Sci-Fi
99,480,2,7.78,94156,162,2008,35.58,Drama
99,1,1,8.9,50325,127,2016,332.62,Horror
99,934,5,1.07,53410,98,2000,361.76,Action
99,939,2,6.99,46882,153,2023,272.52,Horror
100,665,4,9.17,40363,86,2017,381.75,Drama
100,432,3,9.33,93221,160,2001,172.39,Sci-Fi
100,490,3,8.15,60011,115,2000,73.26,Sci-Fi
100,86,1,8.59,23654,105,2010,341.58,Action
100,396,1,8.31,82834,121,2004,168.25,Horror
100,693,5,6.75,94532,138,2018,333.2,Sci-Fi
100,384,3,8.11,90074,106,2020,385.42,Comedy
100,770,1,8.26,10079,131,2000,33.84,Horror
100,343,2,3.18,484,87,2015,28.2,Drama
100,239,3,8.65,18205,176,2009,88.13,Horror
100,313,5,4.52,70842,89,2015,82.29,Drama
100,821,3,8.49,22979,178,2017,212.43,Comedy
100,111,3,1.16,95508,117,2005,451.54,Action
100,66,5,3.4,19875,176,2020,83.72,Action
100,182,4,3.09,92147,88,2009,434.23,Action
100,547,2,9.24,49636,170,2000,146.51,Comedy
100,587,2,1.65,98381,165,2009,467.62,Drama
101,628,5,5.14,17014,90,2022,206.62,Sci-Fi
101,692,3,6.79,46747,170,2003,79.31,Sci-Fi
101,149,4,7.13,22903,91,2013,199.65,Action
101,142,3,5.21,45471,129,2018,295.35,Action
101,905,4,1.53,22375,95,2009,373.34,Action
101,47,4,9.96,63782,175,2021,397.34,Action
101,856,1,1.57,45832,110,2000,241.71,Comedy
101,179,2,2.68,80168,163,2000,15.4,Sci-Fi
101,211,3,5.02,71522,113,2019,74.05,Drama
101,947,3,4.06,85728,176,2019,40.31,Sci-Fi
101,193,5,3.3,39372,147,2006,128.91,Horror
101,832,4,1.75,51782,110,2016,246.05,Horror
101,718,4,2.52,41871,103,2006,162.38,Drama
101,36,4,7.29,58229,112,2009,151.09,Sci-Fi
101,665,3,9.17,40363,86,2017,381.75,Drama
101,154,4,4.91,10769,138,2010,341.07,Sci-Fi
101,609,3,6.41,7360,96,2005,81.26,Sci-Fi
102,160,3,3.04,35728,99,2006,6.23,Horror
102,113,4,3.3,73085,179,2000,154.46,Sci-Fi
102,867,1,9.84,60774,97,2000,379.63,Horror
102,572,5,5.85,47602,80,2005,128.1,Action
102,365,2,2.38,58862,176,2023,21.36,Drama
102,510,1,8.95,25384,83,2023,69.73,Comedy
102,941,2,6.69,41364,121,2002,120.68,Horror
102,827,1,4.94,91022,163,2003,185.23,Comedy
102,781,4,6.06,5805,174,2025,175.6,Drama
102,35,3,6.36,30140,157,2002,115.88,Action
102,461,5,3.34,48242,133,2014,17.23,Action
102,544,1,2.53,35259,127,2008,83.19,Sci-Fi
102,508,5,4.84,42748,96,2003,306.23,Sci-Fi
102,665,5,9.17,40363,86,2017,381.75,Drama
102,693,4,6.75,94532,138,2018,333.2,Sci-Fi
103,118,2,2.66,26085,95,2014,446.75,Comedy
103,767,2,5.57,96171,137,2012,38.83,Sci-Fi
103,895,4,2.74,82117,167,2002,498.92,Horror
103,873,5,1.23,51620,156,2003,452.06,Action
103,43,4,5.91,86088,102,2012,123.05,Horror
103,999,3,8.28,84936,85,2018,272.14,Action
103,730,2,1.76,91682,166,2017,237.37,Drama
103,106,4,6.46,96903,156,2024,443.8,Action
103,359,3,6.96,27567,136,2007,66.16,Comedy
103,461,2,3.34,48242,133,2014,17.23,Action
103,430,4,2.11,36875,83,2012,258.94,Action
103,591,2,2.2,56670,170,2009,363.39,Drama
103,161,5,8.08,27281,81,2009,478.36,Action
103,788,5,5.58,45119,102,2010,176.93,Action
103,627,1,8.66,25209,101,2004,255.2,Action
104,832,2,1.75,51782,110,2016,246.05,Horror
104,779,1,5.36,51438,88,2003,163.55,Comedy
104,191,1,3.28,81673,160,2005,372.45,Sci-Fi
104,415,5,5.8,70426,161,2002,146.88,Sci-Fi
104,739,4,7.65,71044,133,2009,323.69,Sci-Fi
104,154,5,4.91,10769,138,2010,341.07,Sci-Fi
104,86,1,8.59,23654,105,2010,341.58,Action
105,802,1,1.21,26630,178,2003,140.79,Horror
105,293,5,8.18,60661,168,2013,433.2,Comedy
105,306,2,1.26,89051,145,2001,59.32,Action
105,661,5,6.58,57205,80,2025,97.86,Horror
105,150,1,4.74,53119,103,2019,138.6,Comedy
105,493,1,8.08,59731,99,2014,73.29,Drama
105,429,1,5.87,56039,95,2013,253.5,Sci-Fi
105,828,1,6.43,56744,163,2007,324.25,Horror
105,43,5,5.91,86088,102,2012,123.05,Horror
105,296,1,3.27,38068,127,2015,327.52,Action
105,490,4,8.15,60011,115,2000,73.26,Sci-Fi
105,108,1,3.76,50110,107,2006,308.63,Comedy
105,245,1,7.74,63538,85,2018,361.44,Action
105,554,4,2.8,89037,146,2004,450.94,Comedy
105,792,1,4.64,3756,82,2005,296.37,Sci-Fi
106,173,2,3.94,71439,112,2017,139.2,Drama
106,780,1,9.01,83260,92,2011,325.55,Horror
106,986,2,9.95,50646,158,2017,440.95,Action
106,813,5,4.19,17161,127,2019,116.49,Comedy
106,190,1,4.53,83320,124,2014,369.37,Horror
106,372,4,3.6,79355,160,2004,137.05,Sci-Fi
106,771,1,6.82,69570,113,2002,370.97,Action
106,86,2,8.59,23654,105,2010,341.58,Action
106,539,4,7.02,92906,158,2019,318.63,Sci-Fi
106,334,4,1.09,32623,145,2024,252.54,Sci-Fi
106,385,2,5.35,87970,124,2016,342.74,Horror
106,427,4,7.63,12062,103,2021,235.42,Drama
106,90,4,1.27,40203,160,2009,455.96,Action
106,144,1,9.05,60297,99,2003,475.81,Horror
107,34,4,1.94,93098,176,2011,391.48,Horror
107,157,5,8.1,11643,127,2007,155.52,Comedy
107,894,2,3.87,83376,82,2008,480.08,Action
107,965,3,3.7,26025,146,2000,10.94,Sci-Fi
107,357,4,9.65,32875,107,2025,358.23,Horror
107,811,3,2.81,76982,80,2020,429.77,Comedy
107,279,5,4.42,33539,119,2021,320.6,Horror
107,328,5,9.87,74905,147,2012,222.22,Sci-Fi
107,553,1,8.31,2505,170,2001,97.02,Horror
107,825,3,6.24,12402,89,2021,65.47,Action
107,271,3,2.31,52133,119,2001,461.05,Drama
108,100,4,9.2,23024,177,2009,4.28,Sci-Fi
108,463,4,4.05,43827,152,2024,205.66,Action
108,832,4,1.75,51782,110,2016,246.05,Horror
108,320,1,7.79,29293,110,2019,78.23,Drama
108,114,5,1.86,32342,105,2023,4.8,Action
108,683,3,9.2,1211,100,2021,461.46,Comedy
108,373,3,7.04,26014,165,2011,417.81,Horror
108,33,1,7.52,87662,85,2011,64.04,Comedy
108,582,5,4.01,59881,142,2010,402.94,Action
108,871,2,3.01,82326,142,2015,267.58,Drama
108,537,5,8.77,88973,136,2019,460.87,Comedy
108,922,4,8.42,89513,139,2014,395.33,Sci-Fi
108,746,4,8.82,81051,114,2004,283.12,Sci-Fi
108,121,2,9.21,45062,161,2006,330.64,Sci-Fi
108,72,1,2.36,73204,135,2012,70.55,Horror
108,408,5,7.08,38067,123,2011,200.19,Sci-Fi
108,374,3,5.33,83073,136,2009,37.19,Drama
108,345,3,2.2,27687,138,2001,138.14,Sci-Fi
108,628,5,5.14,17014,90,2022,206.62,Sci-Fi
108,552,5,7.04,92587,151,2017,354.57,Sci-Fi
109,353,4,6.72,27067,139,2016,172.24,Sci-Fi
109,334,1,1.09,32623,145,2024,252.54,Sci-Fi
109,262,4,9.88,50514,92,2019,199.89,Horror
109,266,4,2.13,91066,151,2025,385.23,Action
109,851,1,2.28,69328,83,2011,445.7,Action
109,830,3,2.86,93154,86,2007,54.87,Horror
109,329,2,8.95,54412,129,2000,92.94,Sci-Fi
109,277,4,8.36,93504,89,2024,302.8,Comedy
109,925,3,8.6,92541,92,2023,21.13,Comedy
109,719,5,5.4,24263,125,2003,170.92,Sci-Fi
110,981,4,1.96,93419,151,2012,240.82,Sci-Fi
110,838,2,8.35,81985,180,2012,4.02,Drama
110,503,4,9.19,39995,120,2016,462.55,Comedy
110,575,1,1.84,43051,130,2012,171.28,Comedy
110,612,2,6.59,2854,166,2012,75.64,Sci-Fi
110,798,5,2.22,71093,164,2021,10.86,Action
110,36,5,7.29,58229,112,2009,151.09,Sci-Fi
110,475,1,2.83,7034,93,2019,481.66,Horror
110,916,1,9.44,12241,176,2024,87.09,Horror
111,198,4,5.48,634,116,2005,116.52,Drama
111,45,4,1.53,94599,104,2014,112.65,Horror
111,374,3,5.33,83073,136,2009,37.19,Drama
111,784,4,2.64,2654,137,2021,225.41,Horror
111,493,4,8.08,59731,99,2014,73.29,Drama
111,129,1,4.21,91894,95,2022,469.44,Drama
111,912,2,7.78,40795,118,2019,171.16,Drama
111,951,4,7.82,43204,164,2013,495.29,Action
111,375,5,8.8,16617,167,2009,159.29,Horror
111,214,1,1.29,30380,109,2018,63.67,Horror
111,890,5,1.35,33049,82,2019,28.56,Horror
111,205,5,9.25,3989,125,2005,38.39,Sci-Fi
112,924,2,8.08,38938,167,2000,38.8,Drama
112,776,3,3.17,4806,177,2007,453.69,Action
112,76,4,5.78,39297,169,2014,59.12,Horror
112,292,2,8.56,88144,155,2015,17.06,Sci-Fi
112,63,2,1.1,8094,146,2015,432.69,Action
112,758,5,7.8,26077,125,2001,402.33,Horror
112,836,1,7.12,27441,162,2006,284.32,Sci-Fi
112,986,5,9.95,50646,158,2017,440.95,Action
112,429,3,5.87,56039,95,2013,253.5,Sci-Fi
112,357,4,9.65,32875,107,2025,358.23,Horror
112,915,5,8.72,18791,156,2024,397.31,Drama
112,306,2,1.26,89051,145,2001,59.32,Action
112,153,3,2.83,43032,174,2009,218.68,Horror
112,9,3,2.75,57485,179,2024,397.22,Comedy
112,307,5,3.84,74945,129,2003,100.52,Comedy
112,302,3,9.9,2104,155,2015,496.71,Action
113,111,2,1.16,95508,117,2005,451.54,Action
113,344,1,6.93,31645,116,2020,407.34,Comedy
113,629,3,2.92,25536,86,2006,38.19,Drama
113,284,5,1.24,4404,150,2011,95.24,Sci-Fi
113,664,5,4.57,95853,95,2000,421.63,Action
113,613,2,7.73,74123,172,2009,285.11,Horror
113,878,4,3.19,93967,84,2015,453.72,Sci-Fi
113,891,2,5.56,57951,160,2018,149.83,Action
113,765,4,1.22,42188,174,2013,234.53,Horror
113,287,4,5.31,74630,175,2012,380.09,Horror
113,518,1,3.53,62771,174,2011,340.87,Action
113,55,5,9.79,18604,117,2012,118.49,Comedy
113,317,2,1.26,47758,147,2000,491.31,Action
113,614,5,3.54,24141,116,2014,426.18,Horror
113,779,3,5.36,51438,88,2003,163.55,Comedy
113,714,4,4.85,52167,177,2009,411.4,Action
113,105,5,8.73,76162,147,2021,138.89,Comedy
113,428,2,6.17,89580,130,2004,318.77,Action
113,630,1,6.84,58001,91,2001,18.58,Drama
114,405,5,9.94,79758,127,2023,450.76,Action
114,942,1,4.35,97091,156,2013,79.25,Sci-Fi
114,388,3,6.85,56306,147,2024,208.52,Comedy
114,107,2,9.07,57679,151,2018,180.76,Comedy
114,839,4,5.47,66733,123,2003,270.83,Horror
114,920,5,6.59,95905,116,2024,446.71,Horror
114,576,5,7.95,10171,90,2014,353.27,Drama
114,447,1,4.62,46222,125,2014,357.93,Action
114,535,1,1.38,99982,139,2020,420.54,Sci-Fi
114,389,5,7.34,96328,145,2019,209.73,Horror
115,860,3,5.62,87466,138,2016,108.45,Horror
115,355,4,3.39,714,103,2012,413.83,Action
115,62,3,6.57,4296,88,2009,337.48,Comedy
115,260,2,5.4,71909,102,2024,113.42,Comedy
115,697,1,7.12,26673,81,2009,125.34,Horror
116,78,4,3.55,51420,95,2020,198.44,Horror
116,399,1,9.48,41081,113,2014,481.78,Drama
116,386,2,8.75,97941,155,2013,486.2,Comedy
116,939,5,6.99,46882,153,2023,272.52,Horror
116,374,3,5.33,83073,136,2009,37.19,Drama
116,572,5,5.85,47602,80,2005,128.1,Action
116,44,4,1.45,18008,160,2001,264.4,Comedy
116,381,5,3.12,97967,87,2007,156.04,Sci-Fi
116,251,2,9.01,36847,103,2013,399.76,Sci-Fi
116,35,3,6.36,30140,157,2002,115.88,Action
116,596,2,3.08,51778,85,2023,196.18,Sci-Fi
116,46,1,7.67,91008,92,2002,477.3,Action
116,164,2,9.82,85832,179,2023,426.46,Horror
116,252,5,8.15,97196,177,2000,269.63,Comedy
116,453,5,4.75,85047,148,2012,230.66,Action
116,62,2,6.57,4296,88,2009,337.48,Comedy
116,880,5,5.08,14236,166,2020,164.15,Horror
116,237,5,4.12,18822,110,2019,337.36,Drama
116,427,1,7.63,12062,103,2021,235.42,Drama
117,634,5,1.59,36019,176,2020,239.05,Comedy
117,39,2,9.34,24862,124,2023,234.75,Sci-Fi
117,410,4,1.99,76037,175,2005,121.71,Drama
117,477,3,9.88,55707,160,2012,28.86,Horror
117,874,3,1.85,74870,164,2015,265.44,Horror
117,618,1,2.15,24619,163,2024,24.27,Action
118,267,2,4.15,80297,128,2016,291.96,Drama
118,11,3,9.67,42303,136,2014,203.92,Drama
118,255,2,9.75,86396,163,2003,55.95,Horror
118,106,5,6.46,96903,156,2024,443.8,Action
118,288,2,6.04,9779,155,2025,498.07,Horror
118,861,5,1.24,78417,97,2001,270.55,Action
118,397,1,9.22,52584,167,2002,33.48,Horror
118,816,5,7.94,40594,165,2009,49.88,Action
118,837,3,1.17,18370,171,2017,388.14,Action
118,684,5,8.22,12769,136,2004,342.51,Sci-Fi
118,523,2,8.4,5989,107,2004,281.78,Action
118,964,4,7.36,66769,142,2001,313.57,Horror
118,925,3,8.6,92541,92,2023,21.13,Comedy
118,153,3,2.83,43032,174,2009,218.68,Horror
118,465,1,6.61,27650,177,2009,65.4,Action
119,272,4,3.95,47440,171,2007,191.98,Action
119,149,2,7.13,22903,91,2013,199.65,Action
119,325,3,2.8,65662,163,2020,365.16,Drama
119,633,4,5.7,71329,123,2024,448.39,Horror
119,219,5,9.29,5861,148,2025,248.03,Action
119,685,4,1.79,22019,157,2018,359.04,Comedy
119,24,2,2.83,22538,101,2022,273.9,Horror
119,454,5,6.53,12450,158,2022,49.48,Horror
119,127,3,4.68,85641,101,2025,291.73,Horror
119,952,1,2.24,14941,151,2000,213.77,Comedy
119,495,4,8.81,6533,100,2021,78.71,Comedy
119,200,5,3.82,90946,107,2006,111.99,Drama
119,762,1,4.43,95947,91,2025,266.09,Comedy
119,787,4,1.23,43591,152,2002,206.56,Comedy
119,287,2,5.31,74630,175,2012,380.09,Horror
119,227,5,7.08,39839,107,2000,189.71,Comedy
119,964,2,7.36,66769,142,2001,313.57,Horror
119,563,4,1.64,67428,95,2000,458.69,Sci-Fi
119,240,1,5.51,11885,168,2011,429.9,Sci-Fi
119,579,1,8.16,48731,154,2015,445.64,Drama
120,556,3,9.96,85044,153,2024,104.02,Comedy
120,554,1,2.8,89037,146,2004,450.94,Comedy
120,464,4,2.98,85928,178,2023,356.33,Action
120,571,2,5.72,95304,163,2014,115.56,Horror
120,565,2,4.9,3488,93,2025,179.93,Sci-Fi
120,921,4,6.43,84191,80,2000,96.05,Horror
120,979,1,7.16,22343,121,2012,487.1,Horror
120,152,1,4.03,31325,135,2019,81.37,Horror
120,826,4,6.73,3290,164,2016,290.45,Horror
120,205,2,9.25,3989,125,2005,38.39,Sci-Fi
120,800,3,3.13,19731,103,2008,361.84,Sci-Fi
120,614,5,3.54,24141,116,2014,426.18,Horror
120,200,4,3.82,90946,107,2006,111.99,Drama
120,700,2,5.55,21264,145,2025,451.22,Drama
120,307,2,3.84,74945,129,2003,100.52,Comedy
120,376,3,6.78,2241,119,2024,356.0,Horror
120,292,3,8.56,88144,155,2015,17.06,Sci-Fi
120,365,5,2.38,58862,176,2023,21.36,Drama
121,724,1,1.82,19709,100,2017,84.17,Drama
121,850,5,9.11,36762,151,2022,196.11,Drama
121,327,5,2.09,68843,154,2014,131.86,Action
121,945,4,2.05,23226,85,2014,369.52,Sci-Fi
121,429,4,5.87,56039,95,2013,253.5,Sci-Fi
121,775,1,1.45,47731,154,2004,189.17,Drama
121,576,5,7.95,10171,90,2014,353.27,Drama
121,216,3,5.4,37078,119,2018,336.44,Comedy
121,698,5,3.09,17021,141,2011,406.81,Action
121,594,3,1.57,21327,177,2003,369.21,Drama
121,973,3,5.43,9551,125,2012,244.78,Comedy
121,219,1,9.29,5861,148,2025,248.03,Action
121,869,1,2.31,70416,133,2016,268.57,Horror
121,565,5,4.9,3488,93,2025,179.93,Sci-Fi
121,42,4,3.36,15816,100,2015,385.27,Action
121,168,3,2.73,83702,100,2023,447.0,Action
122,892,4,5.64,32894,167,2011,337.23,Horror
122,967,5,9.2,44094,134,2000,293.17,Drama
122,806,2,3.5,38984,139,2011,323.01,Sci-Fi
122,708,2,9.64,12107,156,2003,95.57,Action
122,634,5,1.59,36019,176,2020,239.05,Comedy
122,450,4,8.4,92540,93,2004,350.68,Drama
122,150,1,4.74,53119,103,2019,138.6,Comedy
122,605,1,3.9,35008,168,2011,420.72,Comedy
123,505,3,3.75,73561,113,2020,122.21,Sci-Fi
123,270,5,1.06,63500,110,2019,307.45,Comedy
123,621,4,1.07,1151,174,2003,6.5,Drama
123,339,3,5.68,74820,104,2010,248.89,Sci-Fi
123,679,1,4.63,87477,120,2000,390.95,Action
123,181,4,3.8,92597,167,2004,10.55,Sci-Fi
123,787,2,1.23,43591,152,2002,206.56,Comedy
123,802,3,1.21,26630,178,2003,140.79,Horror
123,932,1,5.09,55874,130,2023,80.27,Sci-Fi
123,882,4,7.18,48934,106,2022,379.27,Comedy
123,202,1,3.0,25873,144,2023,208.88,Action
123,640,2,7.69,72540,97,2019,398.94,Action
123,370,2,6.8,45998,135,2000,89.79,Sci-Fi
123,207,3,6.86,27673,157,2005,410.03,Action
123,394,3,9.61,81472,156,2005,103.05,Comedy
123,404,3,3.47,22306,162,2012,417.09,Sci-Fi
123,231,1,1.45,69817,91,2008,326.06,Sci-Fi
123,123,1,1.68,78173,93,2017,318.79,Comedy
123,780,4,9.01,83260,92,2011,325.55,Horror
123,687,4,4.46,73322,149,2015,35.45,Horror
124,736,4,2.36,37181,94,2005,480.94,Action
124,916,4,9.44,12241,176,2024,87.09,Horror
124,426,2,1.78,4981,168,2008,255.41,Comedy
124,62,1,6.57,4296,88,2009,337.48,Comedy
124,770,5,8.26,10079,131,2000,33.84,Horror
124,236,4,6.31,26562,136,2018,371.21,Sci-Fi
124,612,4,6.59,2854,166,2012,75.64,Sci-Fi
124,139,5,3.07,12994,107,2016,426.63,Comedy
125,263,1,1.24,20166,171,2012,60.33,Sci-Fi
125,159,4,8.22,42088,158,2023,52.03,Comedy
125,518,3,3.53,62771,174,2011,340.87,Action
125,197,2,1.45,3644,112,2001,125.16,Horror
125,581,2,4.61,98121,95,2007,375.58,Action
125,699,2,3.73,36279,131,2011,124.53,Sci-Fi
125,415,1,5.8,70426,161,2002,146.88,Sci-Fi
125,253,1,3.19,48607,161,2005,480.77,Horror
125,900,4,1.78,6123,172,2015,76.37,Horror
125,993,3,5.11,69113,139,2011,221.36,Drama
125,847,1,8.69,78973,107,2011,303.53,Action
126,423,3,4.54,43044,101,2012,154.5,Horror
126,230,5,1.28,71253,153,2015,398.36,Drama
126,417,4,7.34,260,180,2016,299.17,Comedy
126,74,5,3.26,91915,148,2011,169.31,Sci-Fi
126,741,2,6.24,18207,152,2000,323.25,Drama
126,280,5,7.51,53033,97,2016,303.32,Sci-Fi
126,807,3,3.11,80643,89,2000,463.71,Action
126,45,3,1.53,94599,104,2014,112.65,Horror
126,978,4,9.93,23235,175,2015,460.74,Sci-Fi
126,551,3,2.74,68494,133,2013,175.16,Action
126,391,5,8.09,88110,113,2017,166.22,Action
126,931,2,5.27,48159,120,2019,301.15,Horror
126,250,4,4.54,3706,140,2010,138.55,Action
126,452,5,5.2,85817,165,2007,491.24,Sci-Fi
126,535,2,1.38,99982,139,2020,420.54,Sci-Fi
126,749,4,1.16,45327,139,2000,467.85,Comedy
126,835,2,2.66,70480,96,2007,158.45,Sci-Fi
126,248,5,3.57,78249,118,2010,443.37,Action
127,746,2,8.82,81051,114,2004,283.12,Sci-Fi
127,258,2,1.43,55821,102,2001,95.64,Comedy
127,305,3,5.5,11357,136,2011,305.63,Action
127,423,5,4.54,43044,101,2012,154.5,Horror
127,205,1,9.25,3989,125,2005,38.39,Sci-Fi
127,893,4,1.76,50909,116,2005,298.6,Horror
127,748,3,8.77,36521,95,2009,446.46,Sci-Fi
127,320,5,7.79,29293,110,2019,78.23,Drama
127,902,1,3.38,24483,101,2019,82.65,Drama
127,731,1,1.68,90075,140,2010,472.1,Comedy
127,27,1,5.55,20440,90,2006,497.82,Comedy
127,585,1,2.85,11672,83,2001,77.16,Horror
127,291,4,8.24,27127,142,2010,497.62,Sci-Fi
127,706,4,5.66,94977,89,2013,470.36,Horror
127,663,2,2.24,90467,147,2016,410.22,Drama
127,549,2,7.37,17345,118,2011,447.54,Comedy
127,979,3,7.16,22343,121,2012,487.1,Horror
127,811,3,2.81,76982,80,2020,429.77,Comedy
128,187,2,5.23,80449,82,2008,142.22,Action
128,429,3,5.87,56039,95,2013,253.5,Sci-Fi
128,676,4,3.26,10833,108,2008,414.41,Sci-Fi
128,875,1,8.37,15013,135,2012,181.81,Action
128,270,5,1.06,63500,110,2019,307.45,Comedy
128,421,3,6.58,83233,112,2010,130.67,Sci-Fi
128,292,1,8.56,88144,155,2015,17.06,Sci-Fi
128,38,5,8.86,24712,151,2003,461.24,Action
128,364,2,7.76,79712,113,2011,382.93,Drama
128,346,3,4.28,45275,90,2023,58.72,Sci-Fi
128,674,3,5.86,79276,113,2020,235.42,Drama
128,503,2,9.19,39995,120,2016,462.55,Comedy
128,231,4,1.45,69817,91,2008,326.06,Sci-Fi
128,581,3,4.61,98121,95,2007,375.58,Action
128,942,1,4.35,97091,156,2013,79.25,Sci-Fi
128,455,5,4.49,9111,120,2003,302.36,Sci-Fi
128,146,1,4.53,69804,119,2022,467.07,Sci-Fi
129,156,5,3.14,53338,84,2001,288.87,Drama
129,807,3,3.11,80643,89,2000,463.71,Action
129,54,3,7.21,56948,161,2013,220.28,Horror
129,79,2,3.6,58314,106,2008,432.1,Horror
129,527,3,4.63,51584,175,2021,162.1,Drama
129,782,2,4.64,70405,88,2002,59.36,Action
129,526,5,2.22,85928,103,2020,440.58,Comedy
129,707,4,2.68,70948,95,2000,364.15,Comedy
129,705,2,6.14,81261,120,2016,86.04,Sci-Fi
129,198,3,5.48,634,116,2005,116.52,Drama
129,751,2,3.62,2410,142,2022,135.36,Horror
129,739,5,7.65,71044,133,2009,323.69,Sci-Fi
129,756,5,3.09,69709,128,2023,239.29,Horror
129,652,3,1.86,90366,91,2005,157.31,Drama
130,62,3,6.57,4296,88,2009,337.48,Comedy
130,131,5,9.46,35844,151,2000,314.03,Drama
130,498,2,2.82,55173,109,2003,401.26,Sci-Fi
130,202,5,3.0,25873,144,2023,208.88,Action
130,340,4,4.09,85272,119,2002,464.82,Horror
130,448,5,2.37,70071,109,2003,199.88,Sci-Fi
130,114,5,1.86,32342,105,2023,4.8,Action
130,923,1,3.54,86445,110,2015,398.82,Comedy
130,56,1,7.84,40133,111,2013,406.83,Drama
130,204,3,2.92,2495,120,2002,290.58,Sci-Fi
130,960,3,1.56,52459,127,2000,92.35,Action
131,466,5,2.77,57353,91,2009,339.74,Comedy
131,401,3,9.6,49419,100,2003,460.68,Action
131,954,2,6.71,40191,137,2020,133.07,Comedy
131,176,1,4.46,33840,97,2016,37.6,Comedy
131,684,5,8.22,12769,136,2004,342.51,Sci-Fi
131,555,3,1.52,78254,141,2002,107.08,Drama
131,740,2,6.21,8833,119,2016,10.08,Sci-Fi
131,862,2,8.6,54386,162,2014,4.9,Drama
131,395,4,4.83,82972,113,2024,220.74,Action
131,75,1,4.16,47174,153,2009,496.72,Sci-Fi
131,675,1,2.99,9535,153,2009,485.84,Drama
131,405,4,9.94,79758,127,2023,450.76,Action
131,717,4,4.95,64875,130,2000,188.24,Comedy
131,565,2,4.9,3488,93,2025,179.93,Sci-Fi
131,324,3,6.6,31955,124,2018,31.98,Action
131,361,5,2.98,36499,160,2010,127.14,Action
131,662,2,7.44,96530,141,2009,177.54,Comedy
132,223,3,3.85,57509,166,2013,246.16,Horror
132,396,5,8.31,82834,121,2004,168.25,Horror
132,668,5,3.14,24072,81,2018,258.19,Drama
132,823,5,2.18,43954,94,2001,418.85,Sci-Fi
132,6,1,2.42,15530,84,2011,37.21,Comedy
132,541,2,4.11,31857,153,2021,210.57,Comedy
132,576,2,7.95,10171,90,2014,353.27,Drama
132,205,3,9.25,3989,125,2005,38.39,Sci-Fi
132,673,4,1.01,24127,100,2019,247.96,Sci-Fi
133,615,4,5.52,10735,160,2012,6.13,Horror
133,617,1,1.11,20931,87,2000,352.44,Horror
133,829,2,8.73,97987,103,2008,153.07,Sci-Fi
133,723,2,2.6,72422,158,2001,101.29,Horror
133,873,3,1.23,51620,156,2003,452.06,Action
133,685,5,1.79,22019,157,2018,359.04,Comedy
133,846,2,2.72,33592,143,2001,161.21,Action
133,554,3,2.8,89037,146,2004,450.94,Comedy
134,168,2,2.73,83702,100,2023,447.0,Action
134,377,1,5.56,19771,147,2023,361.59,Sci-Fi
134,352,1,8.87,44665,90,2020,234.89,Horror
134,570,3,1.08,11746,102,2012,338.45,Sci-Fi
134,216,1,5.4,37078,119,2018,336.44,Comedy
134,956,5,8.78,19852,97,2007,495.78,Sci-Fi
134,435,3,7.62,93493,113,2008,431.56,Action
134,467,2,1.35,9133,129,2008,299.21,Comedy
134,957,4,3.8,69194,123,2007,287.95,Sci-Fi
134,537,1,8.77,88973,136,2019,460.87,Comedy
134,29,2,1.84,31448,95,2023,366.31,Horror
134,116,2,5.35,71734,87,2018,199.33,Comedy
134,399,4,9.48,41081,113,2014,481.78,Drama
134,469,1,5.9,88797,168,2001,59.59,Action
134,447,1,4.62,46222,125,2014,357.93,Action
134,408,2,7.08,38067,123,2011,200.19,Sci-Fi
134,32,4,8.56,33775,148,2012,331.43,Action
134,478,3,7.33,79690,119,2013,227.92,Action
134,291,5,8.24,27127,142,2010,497.62,Sci-Fi
134,740,4,6.21,8833,119,2016,10.08,Sci-Fi
135,222,5,8.91,33322,116,2013,332.48,Sci-Fi
135,672,5,2.7,40024,148,2011,452.93,Drama
135,214,3,1.29,30380,109,2018,63.67,Horror
135,820,1,7.23,71604,120,2005,294.29,Drama
135,739,5,7.65,71044,133,2009,323.69,Sci-Fi
135,106,4,6.46,96903,156,2024,443.8,Action
135,777,2,6.96,56048,156,2017,3.23,Action
135,826,4,6.73,3290,164,2016,290.45,Horror
135,315,1,1.1,32606,136,2023,277.41,Sci-Fi
135,592,2,6.0,65571,90,2014,410.55,Drama
135,801,3,4.32,7291,88,2011,33.9,Action
136,183,3,2.01,26813,176,2013,32.19,Horror
136,756,4,3.09,69709,128,2023,239.29,Horror
136,995,4,4.33,93606,141,2006,155.54,Drama
136,574,5,3.14,36560,106,2019,193.58,Comedy
136,412,4,3.28,41093,161,2009,19.66,Horror
136,439,4,6.1,26868,156,2023,229.31,Horror
136,285,1,4.96,58469,120,2011,18.42,Action
136,281,1,8.97,95657,94,2025,488.23,Horror
136,868,2,5.19,87184,99,2003,377.54,Drama
136,887,5,3.41,2152,170,2020,327.14,Horror
136,2,5,2.72,79940,83,2019,181.28,Horror
136,112,1,8.58,42298,145,2024,255.56,Horror
136,893,1,1.76,50909,116,2005,298.6,Horror
136,82,1,1.17,80722,136,2006,204.9,Drama
136,604,2,7.14,98508,137,2016,338.97,Drama
136,957,4,3.8,69194,123,2007,287.95,Sci-Fi
136,699,3,3.73,36279,131,2011,124.53,Sci-Fi
137,410,5,1.99,76037,175,2005,121.71,Drama
137,468,3,5.48,47993,148,2022,124.79,Horror
137,94,5,6.86,71778,131,2014,490.37,Drama
137,201,4,4.5,86095,129,2017,477.93,Sci-Fi
137,27,1,5.55,20440,90,2006,497.82,Comedy
137,674,4,5.86,79276,113,2020,235.42,Drama
137,154,4,4.91,10769,138,2010,341.07,Sci-Fi
137,472,3,8.9,77424,133,2011,397.97,Sci-Fi
137,206,3,7.54,29513,143,2009,265.59,Comedy
138,915,3,8.72,18791,156,2024,397.31,Drama
138,423,3,4.54,43044,101,2012,154.5,Horror
138,897,5,4.21,86179,165,2000,13.44,Comedy
138,721,2,6.73,95594,151,2019,464.09,Action
138,51,3,4.71,26392,95,2018,389.54,Sci-Fi
138,123,3,1.68,78173,93,2017,318.79,Comedy
138,832,2,1.75,51782,110,2016,246.05,Horror
138,975,4,4.24,23410,144,2002,84.14,Horror
139,705,3,6.14,81261,120,2016,86.04,Sci-Fi
139,242,3,7.68,17618,137,2016,233.71,Drama
139,170,4,9.3,66754,135,2001,186.22,Sci-Fi
139,136,1,3.76,14002,124,2012,209.37,Horror
139,935,3,8.94,64847,104,2002,184.65,Sci-Fi
139,501,1,7.18,64430,125,2004,194.5,Horror
140,896,2,3.19,73721,178,2014,235.73,Drama
140,979,2,7.16,22343,121,2012,487.1,Horror
140,507,2,4.68,67944,81,2025,429.68,Sci-Fi
140,186,3,6.01,77584,104,2014,185.0,Drama
140,30,1,5.22,27809,167,2006,142.13,Horror
140,329,2,8.95,54412,129,2000,92.94,Sci-Fi
140,509,3,9.2,38901,127,2015,151.15,Drama
140,774,4,4.9,19363,103,2001,217.05,Horror
140,344,2,6.93,31645,116,2020,407.34,Comedy
140,684,3,8.22,12769,136,2004,342.51,Sci-Fi
141,491,4,1.33,72066,118,2015,99.84,Sci-Fi
141,125,1,2.74,84189,180,2014,202.51,Action
141,227,1,7.08,39839,107,2000,189.71,Comedy
141,814,1,5.77,1945,103,2005,69.34,Drama
141,697,4,7.12,26673,81,2009,125.34,Horror
141,176,4,4.46,33840,97,2016,37.6,Comedy
141,255,5,9.75,86396,163,2003,55.95,Horror
141,567,3,5.24,41558,144,2022,489.96,Horror
141,743,3,9.45,53320,139,2011,320.58,Comedy
141,317,3,1.26,47758,147,2000,491.31,Action
141,989,1,3.55,2095,95,2023,189.17,Horror
141,365,4,2.38,58862,176,2023,21.36,Drama
141,969,3,4.25,70855,102,2024,486.27,Horror
141,966,2,9.41,22447,82,2013,401.31,Comedy
141,828,4,6.43,56744,163,2007,324.25,Horror
141,262,5,9.88,50514,92,2019,199.89,Horror
141,386,2,8.75,97941,155,2013,486.2,Comedy
142,347,5,8.29,59456,171,2014,321.46,Horror
142,323,5,2.96,73333,120,2020,433.16,Drama
142,636,4,6.24,52730,142,2000,232.06,Sci-Fi
142,590,3,7.58,43288,117,2019,44.25,Drama
142,435,5,7.62,93493,113,2008,431.56,Action
142,541,3,4.11,31857,153,2021,210.57,Comedy
142,655,3,9.1,56508,100,2005,301.74,Action
142,641,5,7.75,17215,142,2002,222.44,Sci-Fi
143,638,4,9.88,47522,129,2006,151.73,Comedy
143,496,5,4.78,69787,146,2020,187.73,Comedy
143,513,5,6.61,61767,131,2000,136.1,Comedy
143,566,5,5.29,24787,162,2014,301.99,Sci-Fi
143,793,5,7.83,10542,177,2012,482.9,Action
143,379,4,5.81,89228,93,2000,57.43,Comedy
143,650,3,3.22,49269,89,2013,74.97,Action
143,681,2,9.65,20204,144,2025,399.7,Action
143,920,2,6.59,95905,116,2024,446.71,Horror
143,335,5,6.8,73279,173,2004,101.29,Action
143,11,2,9.67,42303,136,2014,203.92,Drama
143,93,5,3.83,80292,156,2015,472.0,Horror
144,385,1,5.35,87970,124,2016,342.74,Horror
144,546,1,9.88,72294,168,2011,20.67,Drama
144,545,1,7.2,6655,133,2008,412.05,Horror
144,407,3,5.15,2369,166,2018,282.96,Action
144,54,4,7.21,56948,161,2013,220.28,Horror
144,596,1,3.08,51778,85,2023,196.18,Sci-Fi
144,82,2,1.17,80722,136,2006,204.9,Drama
144,850,3,9.11,36762,151,2022,196.11,Drama
144,929,4,2.64,61077,150,2024,354.93,Drama
144,371,1,7.39,96838,101,2019,357.44,Sci-Fi
144,991,4,6.38,93745,95,2022,121.14,Comedy
144,647,2,9.36,33176,93,2025,125.85,Sci-Fi
144,880,5,5.08,14236,166,2020,164.15,Horror
144,512,2,7.51,64447,164,2017,468.67,Drama
144,174,1,5.67,75593,114,2017,326.12,Horror
144,754,3,5.08,28794,118,2019,217.48,Horror
145,411,3,3.36,59097,154,2012,68.32,Comedy
145,692,1,6.79,46747,170,2003,79.31,Sci-Fi
145,909,1,3.21,29367,171,2015,362.06,Comedy
145,62,5,6.57,4296,88,2009,337.48,Comedy
145,219,5,9.29,5861,148,2025,248.03,Action
145,409,5,3.94,76523,92,2009,439.75,Sci-Fi
145,771,5,6.82,69570,113,2002,370.97,Action
145,170,1,9.3,66754,135,2001,186.22,Sci-Fi
145,763,1,1.13,89973,172,2022,425.05,Drama
145,37,1,3.79,32335,109,2021,296.45,Drama
145,95,1,8.2,52317,138,2012,96.37,Sci-Fi
145,469,3,5.9,88797,168,2001,59.59,Action
145,106,5,6.46,96903,156,2024,443.8,Action
145,294,5,3.06,41792,123,2024,13.12,Comedy
145,165,4,4.6,92185,87,2020,473.9,Sci-Fi
145,583,5,9.97,40723,177,2008,268.01,Drama
146,669,3,8.27,74828,139,2020,76.19,Drama
146,98,1,2.96,39667,117,2006,396.76,Drama
146,329,2,8.95,54412,129,2000,92.94,Sci-Fi
146,549,4,7.37,17345,118,2011,447.54,Comedy
146,325,5,2.8,65662,163,2020,365.16,Drama
146,701,3,9.07,4375,147,2012,480.64,Action
146,396,1,8.31,82834,121,2004,168.25,Horror
146,574,3,3.14,36560,106,2019,193.58,Comedy
146,868,3,5.19,87184,99,2003,377.54,Drama
146,239,5,8.65,18205,176,2009,88.13,Horror
146,153,2,2.83,43032,174,2009,218.68,Horror
147,344,4,6.93,31645,116,2020,407.34,Comedy
147,421,1,6.58,83233,112,2010,130.67,Sci-Fi
147,156,2,3.14,53338,84,2001,288.87,Drama
147,461,4,3.34,48242,133,2014,17.23,Action
147,158,2,8.22,4346,107,2002,449.08,Drama
147,266,3,2.13,91066,151,2025,385.23,Action
147,946,5,6.69,56771,168,2022,405.12,Horror
147,258,4,1.43,55821,102,2001,95.64,Comedy
147,45,3,1.53,94599,104,2014,112.65,Horror
147,33,3,7.52,87662,85,2011,64.04,Comedy
148,317,5,1.26,47758,147,2000,491.31,Action
148,80,3,9.63,57833,100,2017,116.87,Comedy
148,605,1,3.9,35008,168,2011,420.72,Comedy
148,327,3,2.09,68843,154,2014,131.86,Action
148,495,1,8.81,6533,100,2021,78.71,Comedy
148,653,4,1.37,18636,115,2013,385.98,Drama
148,230,1,1.28,71253,153,2015,398.36,Drama
148,672,2,2.7,40024,148,2011,452.93,Drama
148,890,1,1.35,33049,82,2019,28.56,Horror
148,811,5,2.81,76982,80,2020,429.77,Comedy
149,997,1,9.38,45004,167,2019,423.27,Sci-Fi
149,675,4,2.99,9535,153,2009,485.84,Drama
149,734,1,2.4,84384,100,2007,99.23,Action
149,527,5,4.63,51584,175,2021,162.1,Drama
149,757,1,1.78,79722,81,2016,125.35,Action
149,160,2,3.04,35728,99,2006,6.23,Horror
149,459,1,3.29,82262,107,2019,92.97,Sci-Fi
149,57,4,7.56,87413,93,2007,309.2,Action
149,336,3,3.99,56385,148,2002,375.53,Sci-Fi
149,245,2,7.74,63538,85,2018,361.44,Action
150,893,4,1.76,50909,116,2005,298.6,Horror
150,962,1,4.78,92837,123,2007,345.0,Action
150,510,2,8.95,25384,83,2023,69.73,Comedy
150,375,5,8.8,16617,167,2009,159.29,Horror
150,997,3,9.38,45004,167,2019,423.27,Sci-Fi
150,536,5,4.21,4145,106,2002,261.44,Drama
150,437,5,5.35,39997,123,2007,430.92,Action
150,937,2,6.12,92703,112,2021,118.98,Sci-Fi
150,333,2,7.58,70874,154,2014,399.59,Action
150,457,3,2.41,64071,111,2010,55.8,Action
150,947,2,4.06,85728,176,2019,40.31,Sci-Fi
150,75,3,4.16,47174,153,2009,496.72,Sci-Fi
150,18,5,4.04,13427,88,2005,442.32,Drama
150,462,3,1.54,50183,105,2017,259.14,Action
150,361,1,2.98,36499,160,2010,127.14,Action
151,279,1,4.42,33539,119,2021,320.6,Horror
151,74,5,3.26,91915,148,2011,169.31,Sci-Fi
151,907,3,3.67,44489,134,2018,242.36,Sci-Fi
151,787,5,1.23,43591,152,2002,206.56,Comedy
151,568,5,7.79,9589,128,2001,454.36,Drama
151,250,5,4.54,3706,140,2010,138.55,Action
151,775,2,1.45,47731,154,2004,189.17,Drama
151,305,5,5.5,11357,136,2011,305.63,Action
151,184,2,1.6,10118,167,2012,26.61,Horror
151,374,2,5.33,83073,136,2009,37.19,Drama
151,697,1,7.12,26673,81,2009,125.34,Horror
151,413,5,4.66,93265,156,2020,449.83,Sci-Fi
151,947,3,4.06,85728,176,2019,40.31,Sci-Fi
151,969,5,4.25,70855,102,2024,486.27,Horror
151,909,3,3.21,29367,171,2015,362.06,Comedy
151,572,3,5.85,47602,80,2005,128.1,Action
151,600,2,7.22,98609,140,2004,369.68,Drama
152,990,5,3.02,58840,108,2005,307.53,Comedy
152,949,1,8.95,74777,119,2010,273.21,Sci-Fi
152,433,2,2.53,65278,138,2019,121.69,Comedy
152,399,5,9.48,41081,113,2014,481.78,Drama
152,439,3,6.1,26868,156,2023,229.31,Horror
153,742,2,4.87,1175,99,2005,29.68,Horror
153,996,5,7.17,42251,177,2010,166.47,Sci-Fi
153,351,5,3.66,45541,83,2008,402.94,Comedy
153,333,4,7.58,70874,154,2014,399.59,Action
153,335,3,6.8,73279,173,2004,101.29,Action
153,466,1,2.77,57353,91,2009,339.74,Comedy
153,453,2,4.75,85047,148,2012,230.66,Action
153,343,2,3.18,484,87,2015,28.2,Drama
153,820,1,7.23,71604,120,2005,294.29,Drama
153,405,2,9.94,79758,127,2023,450.76,Action
153,965,2,3.7,26025,146,2000,10.94,Sci-Fi
153,147,3,5.83,89198,86,2004,87.22,Drama
154,98,3,2.96,39667,117,2006,396.76,Drama
154,125,2,2.74,84189,180,2014,202.51,Action
154,446,4,8.08,6551,86,2020,191.82,Action
154,255,5,9.75,86396,163,2003,55.95,Horror
154,286,5,5.63,83291,162,2002,259.86,Sci-Fi
154,403,4,3.17,70883,151,2021,53.89,Action
154,601,1,7.27,89309,123,2008,225.62,Horror
154,790,5,9.04,1654,88,2006,92.66,Comedy
154,464,1,2.98,85928,178,2023,356.33,Action
154,247,1,5.01,52072,116,2001,189.93,Action
154,478,5,7.33,79690,119,2013,227.92,Action
154,426,5,1.78,4981,168,2008,255.41,Comedy
154,880,5,5.08,14236,166,2020,164.15,Horror
154,651,4,3.86,42073,120,2002,200.04,Drama
154,629,3,2.92,25536,86,2006,38.19,Drama
154,695,3,3.77,37793,88,2015,28.21,Action
154,393,4,5.76,98306,124,2002,174.8,Horror
154,276,2,1.12,6389,101,2006,287.54,Sci-Fi
155,163,4,8.25,23602,107,2020,307.57,Action
155,941,3,6.69,41364,121,2002,120.68,Horror
155,446,4,8.08,6551,86,2020,191.82,Action
155,528,5,3.52,72319,102,2008,63.43,Drama
155,650,2,3.22,49269,89,2013,74.97,Action
155,200,2,3.82,90946,107,2006,111.99,Drama
155,394,5,9.61,81472,156,2005,103.05,Comedy
155,169,2,6.56,46778,162,2015,236.13,Drama
155,910,4,9.02,85023,92,2018,219.63,Drama
155,547,2,9.24,49636,170,2000,146.51,Comedy
155,602,4,4.2,84860,167,2017,124.1,Action
155,957,4,3.8,69194,123,2007,287.95,Sci-Fi
155,871,5,3.01,82326,142,2015,267.58,Drama
155,232,2,5.07,37648,97,2012,416.63,Sci-Fi
155,371,4,7.39,96838,101,2019,357.44,Sci-Fi
155,591,2,2.2,56670,170,2009,363.39,Drama
156,534,1,9.22,29740,98,2013,129.47,Drama
156,691,2,7.1,41629,130,2022,104.39,Drama
156,622,2,1.61,90974,157,2024,411.14,Comedy
156,483,4,9.11,71533,177,2010,150.06,Drama
156,885,3,6.41,92131,136,2003,292.64,Sci-Fi
156,145,3,9.76,30786,108,2012,435.86,Action
156,258,5,1.43,55821,102,2001,95.64,Comedy
157,868,3,5.19,87184,99,2003,377.54,Drama
157,558,3,4.03,20855,129,2021,394.46,Sci-Fi
157,418,4,6.96,6023,135,2008,263.88,Horror
157,472,4,8.9,77424,133,2011,397.97,Sci-Fi
157,786,3,5.98,85209,111,2001,331.63,Action
157,828,2,6.43,56744,163,2007,324.25,Horror
157,4,3,1.13,37539,166,2020,391.75,Action
157,785,3,1.42,88806,96,2007,70.11,Comedy
157,621,2,1.07,1151,174,2003,6.5,Drama
157,450,1,8.4,92540,93,2004,350.68,Drama
157,889,2,1.18,81276,123,2020,469.33,Action
157,341,4,7.42,12879,86,2002,458.64,Comedy
157,144,4,9.05,60297,99,2003,475.81,Horror
157,679,3,4.63,87477,120,2000,390.95,Action
157,393,2,5.76,98306,124,2002,174.8,Horror
158,670,2,7.18,64496,122,2019,408.96,Drama
158,809,1,9.96,68074,94,2019,377.72,Drama
158,816,5,7.94,40594,165,2009,49.88,Action
158,773,5,7.88,57203,176,2012,394.42,Action
158,15,2,2.7,50047,137,2000,141.61,Sci-Fi
158,841,5,8.7,43842,156,2012,56.1,Action
158,494,4,6.48,63787,83,2012,380.46,Action
158,362,4,3.21,88480,80,2015,479.86,Drama
158,868,4,5.19,87184,99,2003,377.54,Drama
158,403,5,3.17,70883,151,2021,53.89,Action
158,2,4,2.72,79940,83,2019,181.28,Horror
158,689,1,5.58,27678,165,2019,112.84,Sci-Fi
158,296,3,3.27,38068,127,2015,327.52,Action
158,120,4,3.19,75376,138,2001,408.56,Sci-Fi
158,712,3,4.19,67136,153,2017,66.92,Sci-Fi
158,396,3,8.31,82834,121,2004,168.25,Horror
159,953,2,4.19,92588,170,2001,232.49,Sci-Fi
159,704,2,4.77,85510,176,2013,330.46,Horror
159,919,2,7.5,53999,107,2022,211.99,Drama
159,46,4,7.67,91008,92,2002,477.3,Action
159,407,5,5.15,2369,166,2018,282.96,Action
159,355,2,3.39,714,103,2012,413.83,Action
159,885,5,6.41,92131,136,2003,292.64,Sci-Fi
159,895,3,2.74,82117,167,2002,498.92,Horror
159,935,1,8.94,64847,104,2002,184.65,Sci-Fi
159,347,3,8.29,59456,171,2014,321.46,Horror
159,89,2,3.22,22791,112,2004,446.59,Horror
159,229,3,6.48,56113,140,2006,289.67,Action
159,395,5,4.83,82972,113,2024,220.74,Action
159,640,1,7.69,72540,97,2019,398.94,Action
160,248,2,3.57,78249,118,2010,443.37,Action
160,711,5,5.15,98114,138,2015,344.81,Comedy
160,741,3,6.24,18207,152,2000,323.25,Drama
160,998,2,7.16,44459,107,2008,298.06,Action
160,963,2,9.42,29251,139,2010,450.39,Action
160,408,1,7.08,38067,123,2011,200.19,Sci-Fi
160,539,1,7.02,92906,158,2019,318.63,Sci-Fi
160,559,5,8.07,41430,143,2006,132.37,Comedy
160,247,5,5.01,52072,116,2001,189.93,Action
160,502,3,6.4,74976,136,2007,210.11,Comedy
160,895,5,2.74,82117,167,2002,498.92,Horror
160,412,4,3.28,41093,161,2009,19.66,Horror
160,449,1,5.48,59019,154,2023,170.66,Horror
160,927,4,3.23,26566,147,2025,311.01,Comedy
160,239,2,8.65,18205,176,2009,88.13,Horror
160,433,4,2.53,65278,138,2019,121.69,Comedy
160,122,2,3.46,36870,132,2011,499.47,Action
160,95,3,8.2,52317,138,2012,96.37,Sci-Fi
160,938,1,1.86,45274,147,2008,394.49,Action
161,216,5,5.4,37078,119,2018,336.44,Comedy
161,479,2,5.66,86974,144,2003,264.82,Drama
161,579,2,8.16,48731,154,2015,445.64,Drama
161,713,1,1.79,84819,102,2014,207.56,Action
161,527,2,4.63,51584,175,2021,162.1,Drama
161,756,5,3.09,69709,128,2023,239.29,Horror
161,326,2,5.09,3775,153,2005,315.78,Drama
161,1,5,8.9,50325,127,2016,332.62,Horror
161,71,1,1.12,66196,149,2018,182.55,Horror
161,732,3,8.25,26445,129,2018,294.31,Drama
161,176,3,4.46,33840,97,2016,37.6,Comedy
161,623,2,5.56,82398,115,2020,338.43,Drama
161,608,5,4.18,62105,148,2018,183.3,Comedy
161,956,5,8.78,19852,97,2007,495.78,Sci-Fi
161,25,2,4.03,68555,139,2021,344.84,Drama
161,851,2,2.28,69328,83,2011,445.7,Action
161,872,1,7.64,27488,121,2011,128.35,Sci-Fi
161,614,3,3.54,24141,116,2014,426.18,Horror
161,733,1,2.03,59930,178,2011,7.92,Horror
161,427,4,7.63,12062,103,2021,235.42,Drama
162,306,3,1.26,89051,145,2001,59.32,Action
162,379,1,5.81,89228,93,2000,57.43,Comedy
162,861,1,1.24,78417,97,2001,270.55,Action
162,551,4,2.74,68494,133,2013,175.16,Action
162,478,3,7.33,79690,119,2013,227.92,Action
162,433,4,2.53,65278,138,2019,121.69,Comedy
162,134,4,6.29,50767,134,2010,393.46,Drama
162,773,5,7.88,57203,176,2012,394.42,Action
162,372,1,3.6,79355,160,2004,137.05,Sci-Fi
162,818,2,3.0,64087,165,2010,361.27,Action
162,251,4,9.01,36847,103,2013,399.76,Sci-Fi
162,159,2,8.22,42088,158,2023,52.03,Comedy
162,315,2,1.1,32606,136,2023,277.41,Sci-Fi
162,84,4,4.3,56465,148,2008,47.03,Action
162,432,2,9.33,93221,160,2001,172.39,Sci-Fi
162,388,4,6.85,56306,147,2024,208.52,Comedy
162,798,2,2.22,71093,164,2021,10.86,Action
162,640,1,7.69,72540,97,2019,398.94,Action
162,420,3,3.92,87954,144,2006,387.48,Drama
162,144,3,9.05,60297,99,2003,475.81,Horror
163,583,1,9.97,40723,177,2008,268.01,Drama
163,154,5,4.91,10769,138,2010,341.07,Sci-Fi
163,398,5,2.76,70800,98,2023,282.94,Comedy
163,881,2,8.72,22888,114,2015,257.8,Horror
163,860,5,5.62,87466,138,2016,108.45,Horror
163,467,4,1.35,9133,129,2008,299.21,Comedy
163,887,3,3.41,2152,170,2020,327.14,Horror
163,727,2,9.93,54137,167,2016,414.73,Action
163,260,2,5.4,71909,102,2024,113.42,Comedy
163,972,1,4.82,99936,122,2008,121.31,Sci-Fi
163,97,4,6.55,43732,143,2003,233.6,Comedy
163,253,5,3.19,48607,161,2005,480.77,Horror
163,814,5,5.77,1945,103,2005,69.34,Drama
163,474,1,6.72,44352,124,2023,464.66,Drama
163,974,2,6.02,67474,176,2017,455.13,Comedy
164,534,5,9.22,29740,98,2013,129.47,Drama
164,741,3,6.24,18207,152,2000,323.25,Drama
164,122,3,3.46,36870,132,2011,499.47,Action
164,891,3,5.56,57951,160,2018,149.83,Action
164,863,4,9.54,94280,178,2012,40.81,Horror
164,31,3,3.96,19834,118,2016,495.64,Action
164,236,1,6.31,26562,136,2018,371.21,Sci-Fi
164,221,1,6.09,5342,82,2024,23.29,Comedy
164,303,3,9.25,60116,98,2018,495.39,Drama
165,965,2,3.7,26025,146,2000,10.94,Sci-Fi
165,381,3,3.12,97967,87,2007,156.04,Sci-Fi
165,333,4,7.58,70874,154,2014,399.59,Action
165,961,1,8.74,4618,138,2016,447.99,Sci-Fi
165,901,1,9.14,58728,86,2012,283.54,Horror
165,411,2,3.36,59097,154,2012,68.32,Comedy
165,684,5,8.22,12769,136,2004,342.51,Sci-Fi
165,955,1,6.51,20594,178,2023,106.79,Sci-Fi
165,602,5,4.2,84860,167,2017,124.1,Action
165,422,1,6.58,77203,178,2012,10.38,Horror
165,808,2,7.05,23281,134,2019,311.76,Comedy
165,801,4,4.32,7291,88,2011,33.9,Action
165,47,5,9.96,63782,175,2021,397.34,Action
165,529,5,6.0,27718,175,2018,34.45,Action
165,36,3,7.29,58229,112,2009,151.09,Sci-Fi
165,516,5,1.58,31126,137,2015,245.98,Sci-Fi
165,346,4,4.28,45275,90,2023,58.72,Sci-Fi
165,629,5,2.92,25536,86,2006,38.19,Drama
166,939,1,6.99,46882,153,2023,272.52,Horror
166,851,2,2.28,69328,83,2011,445.7,Action
166,108,3,3.76,50110,107,2006,308.63,Comedy
166,814,5,5.77,1945,103,2005,69.34,Drama
166,476,2,6.41,74520,151,2014,269.98,Comedy
166,736,3,2.36,37181,94,2005,480.94,Action
166,340,1,4.09,85272,119,2002,464.82,Horror
166,12,1,5.08,40872,120,2023,266.45,Action
167,850,1,9.11,36762,151,2022,196.11,Drama
167,178,3,5.37,23495,94,2019,424.66,Action
167,836,5,7.12,27441,162,2006,284.32,Sci-Fi
167,481,1,5.38,27157,121,2004,268.79,Drama
167,785,2,1.42,88806,96,2007,70.11,Comedy
167,561,1,8.33,80287,177,2023,431.01,Drama
167,925,1,8.6,92541,92,2023,21.13,Comedy
167,632,4,8.85,29726,169,2015,1.64,Action
167,683,1,9.2,1211,100,2021,461.46,Comedy
168,91,5,2.36,32471,100,2025,97.26,Horror
168,958,1,1.38,74585,119,2015,83.46,Comedy
168,250,3,4.54,3706,140,2010,138.55,Action
168,177,1,8.6,1850,133,2016,435.45,Drama
168,519,5,2.54,16335,126,2000,207.51,Drama
168,906,3,4.39,56166,166,2007,197.04,Sci-Fi
168,979,4,7.16,22343,121,2012,487.1,Horror
168,708,4,9.64,12107,156,2003,95.57,Action
169,807,2,3.11,80643,89,2000,463.71,Action
169,88,1,9.53,11883,178,2016,153.49,Action
169,670,5,7.18,64496,122,2019,408.96,Drama
169,85,1,2.29,328,123,2008,87.29,Drama
169,144,2,9.05,60297,99,2003,475.81,Horror
169,453,5,4.75,85047,148,2012,230.66,Action
169,398,1,2.76,70800,98,2023,282.94,Comedy
169,290,5,6.65,57610,100,2023,317.18,Sci-Fi
169,561,3,8.33,80287,177,2023,431.01,Drama
169,80,2,9.63,57833,100,2017,116.87,Comedy
169,292,5,8.56,88144,155,2015,17.06,Sci-Fi
170,907,5,3.67,44489,134,2018,242.36,Sci-Fi
170,11,1,9.67,42303,136,2014,203.92,Drama
170,514,3,2.45,61762,171,2018,476.47,Action
170,497,2,1.15,19039,139,2002,120.55,Drama
170,490,4,8.15,60011,115,2000,73.26,Sci-Fi
170,143,3,9.16,86016,98,2024,375.78,Sci-Fi
170,516,3,1.58,31126,137,2015,245.98,Sci-Fi
170,648,5,8.4,73521,98,2014,446.14,Comedy
170,582,3,4.01,59881,142,2010,402.94,Action
170,822,3,5.99,68188,172,2025,239.07,Comedy
171,384,5,8.11,90074,106,2020,385.42,Comedy
171,381,2,3.12,97967,87,2007,156.04,Sci-Fi
171,782,2,4.64,70405,88,2002,59.36,Action
171,44,2,1.45,18008,160,2001,264.4,Comedy
171,669,5,8.27,74828,139,2020,76.19,Drama
171,696,4,1.89,26495,98,2001,449.03,Comedy
172,997,3,9.38,45004,167,2019,423.27,Sci-Fi
172,931,4,5.27,48159,120,2019,301.15,Horror
172,194,1,8.8,44337,180,2004,164.3,Action
172,103,1,9.8,92693,159,2003,444.24,Horror
172,422,3,6.58,77203,178,2012,10.38,Horror
172,435,4,7.62,93493,113,2008,431.56,Action
172,878,5,3.19,93967,84,2015,453.72,Sci-Fi
172,780,3,9.01,83260,92,2011,325.55,Horror
172,844,1,4.51,31995,137,2023,16.2,Drama
172,485,1,2.45,42515,100,2015,150.04,Comedy
173,418,1,6.96,6023,135,2008,263.88,Horror
173,703,1,1.79,17068,129,2020,486.68,Sci-Fi
173,871,3,3.01,82326,142,2015,267.58,Drama
173,866,4,5.96,30418,178,2015,213.55,Drama
173,828,4,6.43,56744,163,2007,324.25,Horror
173,7,4,6.06,54592,161,2018,431.3,Action
173,612,3,6.59,2854,166,2012,75.64,Sci-Fi
173,326,2,5.09,3775,153,2005,315.78,Drama
173,730,4,1.76,91682,166,2017,237.37,Drama
173,181,3,3.8,92597,167,2004,10.55,Sci-Fi
173,617,1,1.11,20931,87,2000,352.44,Horror
173,293,2,8.18,60661,168,2013,433.2,Comedy
173,83,3,9.0,45454,173,2017,113.02,Sci-Fi
173,119,3,5.16,55001,132,2018,449.76,Drama
173,498,2,2.82,55173,109,2003,401.26,Sci-Fi
173,13,5,9.33,81747,121,2015,234.07,Comedy
173,142,2,5.21,45471,129,2018,295.35,Action
173,464,3,2.98,85928,178,2023,356.33,Action
173,762,5,4.43,95947,91,2025,266.09,Comedy
174,361,1,2.98,36499,160,2010,127.14,Action
174,920,2,6.59,95905,116,2024,446.71,Horror
174,625,5,6.58,29443,86,2000,150.83,Action
174,220,4,5.14,6131,113,2016,137.22,Horror
174,918,1,2.32,40586,93,2024,437.61,Drama
174,476,5,6.41,74520,151,2014,269.98,Comedy
174,644,2,1.96,55263,162,2017,337.9,Drama
174,370,4,6.8,45998,135,2000,89.79,Sci-Fi
174,70,3,3.19,90158,163,2023,183.97,Sci-Fi
174,443,3,3.95,11806,143,2008,428.8,Comedy
174,954,3,6.71,40191,137,2020,133.07,Comedy
174,201,4,4.5,86095,129,2017,477.93,Sci-Fi
174,284,5,1.24,4404,150,2011,95.24,Sci-Fi
174,957,3,3.8,69194,123,2007,287.95,Sci-Fi
174,742,2,4.87,1175,99,2005,29.68,Horror
174,343,4,3.18,484,87,2015,28.2,Drama
174,339,2,5.68,74820,104,2010,248.89,Sci-Fi
174,599,1,7.07,78511,167,2023,31.42,Sci-Fi
174,559,4,8.07,41430,143,2006,132.37,Comedy
174,202,4,3.0,25873,144,2023,208.88,Action
175,949,5,8.95,74777,119,2010,273.21,Sci-Fi
175,848,5,6.22,38911,150,2014,260.7,Action
175,683,1,9.2,1211,100,2021,461.46,Comedy
175,437,5,5.35,39997,123,2007,430.92,Action
175,140,3,2.0,51404,108,2022,20.28,Horror
175,815,1,8.24,90909,86,2007,400.91,Horror
175,562,4,1.58,17100,131,2012,43.32,Action
175,525,2,4.03,40334,118,2001,363.22,Action
175,413,5,4.66,93265,156,2020,449.83,Sci-Fi
175,325,5,2.8,65662,163,2020,365.16,Drama
176,128,2,1.19,18008,84,2017,488.75,Action
176,429,2,5.87,56039,95,2013,253.5,Sci-Fi
176,623,2,5.56,82398,115,2020,338.43,Drama
176,879,1,9.51,4225,170,2022,149.09,Comedy
176,866,1,5.96,30418,178,2015,213.55,Drama
176,455,1,4.49,9111,120,2003,302.36,Sci-Fi
176,605,4,3.9,35008,168,2011,420.72,Comedy
176,577,3,2.21,70053,114,2022,443.01,Action
176,412,4,3.28,41093,161,2009,19.66,Horror
176,298,2,7.78,38539,165,2015,291.77,Comedy
176,998,1,7.16,44459,107,2008,298.06,Action
176,957,4,3.8,69194,123,2007,287.95,Sci-Fi
177,599,5,7.07,78511,167,2023,31.42,Sci-Fi
177,847,5,8.69,78973,107,2011,303.53,Action
177,628,5,5.14,17014,90,2022,206.62,Sci-Fi
177,49,3,7.79,6744,172,2010,167.94,Sci-Fi
177,709,3,1.75,50969,170,2005,397.32,Comedy
177,451,3,8.76,98049,146,2024,61.43,Sci-Fi
177,642,3,2.68,71839,137,2014,164.39,Comedy
177,573,3,8.16,57502,167,2013,268.95,Action
177,896,5,3.19,73721,178,2014,235.73,Drama
177,809,5,9.96,68074,94,2019,377.72,Drama
177,245,1,7.74,63538,85,2018,361.44,Action
177,291,5,8.24,27127,142,2010,497.62,Sci-Fi
177,314,5,3.61,71587,106,2011,312.95,Action
177,935,1,8.94,64847,104,2002,184.65,Sci-Fi
177,743,5,9.45,53320,139,2011,320.58,Comedy
178,927,3,3.23,26566,147,2025,311.01,Comedy
178,498,3,2.82,55173,109,2003,401.26,Sci-Fi
178,483,1,9.11,71533,177,2010,150.06,Drama
178,691,4,7.1,41629,130,2022,104.39,Drama
178,201,4,4.5,86095,129,2017,477.93,Sci-Fi
178,407,3,5.15,2369,166,2018,282.96,Action
178,297,1,3.31,61997,155,2010,446.15,Horror
178,136,4,3.76,14002,124,2012,209.37,Horror
178,45,2,1.53,94599,104,2014,112.65,Horror
178,562,3,1.58,17100,131,2012,43.32,Action
179,64,3,4.12,60444,102,2004,114.31,Horror
179,325,2,2.8,65662,163,2020,365.16,Drama
179,195,4,9.01,70167,90,2003,232.83,Comedy
179,55,5,9.79,18604,117,2012,118.49,Comedy
179,8,3,5.75,18558,176,2004,113.77,Sci-Fi
179,204,4,2.92,2495,120,2002,290.58,Sci-Fi
179,280,3,7.51,53033,97,2016,303.32,Sci-Fi
179,356,2,5.45,87246,128,2001,273.29,Horror
179,297,3,3.31,61997,155,2010,446.15,Horror
179,375,3,8.8,16617,167,2009,159.29,Horror
179,886,5,9.0,91032,161,2004,169.72,Sci-Fi
179,998,3,7.16,44459,107,2008,298.06,Action
179,885,5,6.41,92131,136,2003,292.64,Sci-Fi
179,95,2,8.2,52317,138,2012,96.37,Sci-Fi
180,265,4,4.25,20866,142,2024,155.31,Horror
180,442,5,5.96,46466,170,2022,317.54,Horror
180,21,4,8.77,91672,120,2010,9.71,Drama
180,971,1,4.99,32952,132,2004,180.09,Drama
180,92,4,7.41,41646,169,2025,190.39,Comedy
180,228,1,4.13,72068,106,2020,98.28,Drama
180,581,2,4.61,98121,95,2007,375.58,Action
180,808,5,7.05,23281,134,2019,311.76,Comedy
180,762,4,4.43,95947,91,2025,266.09,Comedy
180,520,1,2.9,71459,160,2022,346.05,Sci-Fi
180,161,5,8.08,27281,81,2009,478.36,Action
180,388,1,6.85,56306,147,2024,208.52,Comedy
180,606,1,6.57,75987,151,2018,424.04,Sci-Fi
180,947,2,4.06,85728,176,2019,40.31,Sci-Fi
180,259,5,9.99,10868,132,2005,364.34,Drama
180,143,2,9.16,86016,98,2024,375.78,Sci-Fi
180,352,1,8.87,44665,90,2020,234.89,Horror
180,518,2,3.53,62771,174,2011,340.87,Action
181,846,4,2.72,33592,143,2001,161.21,Action
181,855,5,4.31,36642,164,2009,135.3,Horror
181,160,5,3.04,35728,99,2006,6.23,Horror
181,71,4,1.12,66196,149,2018,182.55,Horror
181,961,1,8.74,4618,138,2016,447.99,Sci-Fi
181,110,1,6.9,44047,102,2005,441.28,Sci-Fi
181,278,4,8.77,1239,119,2006,286.72,Action
182,646,2,6.21,36767,147,2013,214.83,Sci-Fi
182,783,2,1.24,31737,160,2010,123.41,Comedy
182,209,5,3.21,14591,128,2025,454.02,Sci-Fi
182,991,5,6.38,93745,95,2022,121.14,Comedy
182,922,4,8.42,89513,139,2014,395.33,Sci-Fi
182,525,2,4.03,40334,118,2001,363.22,Action
183,65,2,7.17,91950,129,2008,184.62,Comedy
183,214,1,1.29,30380,109,2018,63.67,Horror
183,98,3,2.96,39667,117,2006,396.76,Drama
183,998,1,7.16,44459,107,2008,298.06,Action
183,649,3,9.26,80946,127,2016,49.9,Comedy
183,900,4,1.78,6123,172,2015,76.37,Horror
183,573,3,8.16,57502,167,2013,268.95,Action
183,192,2,4.69,95544,180,2024,146.0,Action
183,490,4,8.15,60011,115,2000,73.26,Sci-Fi
183,880,2,5.08,14236,166,2020,164.15,Horror
183,589,2,8.47,79861,120,2024,256.43,Sci-Fi
183,741,5,6.24,18207,152,2000,323.25,Drama
183,595,2,3.88,14438,130,2015,424.95,Horror
183,545,2,7.2,6655,133,2008,412.05,Horror
183,661,1,6.58,57205,80,2025,97.86,Horror
183,812,2,8.43,56127,131,2008,146.46,Horror
183,335,5,6.8,73279,173,2004,101.29,Action
183,731,5,1.68,90075,140,2010,472.1,Comedy
184,942,4,4.35,97091,156,2013,79.25,Sci-Fi
184,718,2,2.52,41871,103,2006,162.38,Drama
184,668,3,3.14,24072,81,2018,258.19,Drama
184,450,4,8.4,92540,93,2004,350.68,Drama
184,494,4,6.48,63787,83,2012,380.46,Action
184,90,4,1.27,40203,160,2009,455.96,Action
184,93,1,3.83,80292,156,2015,472.0,Horror
184,580,3,6.05,27680,81,2003,216.5,Comedy
184,299,3,1.44,7264,141,2008,104.78,Drama
184,53,3,1.0,93204,158,2006,73.02,Comedy
184,227,3,7.08,39839,107,2000,189.71,Comedy
184,61,4,2.4,33957,143,2013,167.78,Sci-Fi
184,523,1,8.4,5989,107,2004,281.78,Action
184,672,1,2.7,40024,148,2011,452.93,Drama
185,452,4,5.2,85817,165,2007,491.24,Sci-Fi
185,644,3,1.96,55263,162,2017,337.9,Drama
185,943,1,8.26,9914,176,2023,28.99,Action
185,525,3,4.03,40334,118,2001,363.22,Action
185,60,5,5.59,7891,162,2009,340.93,Drama
185,408,3,7.08,38067,123,2011,200.19,Sci-Fi
185,200,3,3.82,90946,107,2006,111.99,Drama
185,585,2,2.85,11672,83,2001,77.16,Horror
185,233,1,7.41,84108,123,2006,207.68,Comedy
185,651,1,3.86,42073,120,2002,200.04,Drama
185,839,1,5.47,66733,123,2003,270.83,Horror
185,527,4,4.63,51584,175,2021,162.1,Drama
185,217,5,7.06,66917,96,2016,434.09,Comedy
185,168,4,2.73,83702,100,2023,447.0,Action
186,215,2,1.32,3654,169,2025,16.63,Drama
186,174,1,5.67,75593,114,2017,326.12,Horror
186,751,1,3.62,2410,142,2022,135.36,Horror
186,791,5,6.39,59649,132,2023,470.8,Action
186,156,3,3.14,53338,84,2001,288.87,Drama
186,341,3,7.42,12879,86,2002,458.64,Comedy
186,842,5,3.24,1085,109,2013,283.62,Sci-Fi
186,252,1,8.15,97196,177,2000,269.63,Comedy
187,421,5,6.58,83233,112,2010,130.67,Sci-Fi
187,814,5,5.77,1945,103,2005,69.34,Drama
187,79,2,3.6,58314,106,2008,432.1,Horror
187,570,3,1.08,11746,102,2012,338.45,Sci-Fi
187,906,3,4.39,56166,166,2007,197.04,Sci-Fi
187,638,1,9.88,47522,129,2006,151.73,Comedy
187,549,1,7.37,17345,118,2011,447.54,Comedy
187,111,5,1.16,95508,117,2005,451.54,Action
187,501,2,7.18,64430,125,2004,194.5,Horror
187,458,2,6.05,71201,123,2013,162.74,Horror
187,766,1,1.61,83972,148,2024,33.57,Action
187,214,1,1.29,30380,109,2018,63.67,Horror
187,654,5,8.44,10870,106,2023,5.23,Horror
187,752,4,5.55,73479,178,2010,416.1,Action
187,699,3,3.73,36279,131,2011,124.53,Sci-Fi
187,858,3,6.33,53810,99,2000,213.14,Sci-Fi
187,816,3,7.94,40594,165,2009,49.88,Action
187,885,5,6.41,92131,136,2003,292.64,Sci-Fi
187,687,1,4.46,73322,149,2015,35.45,Horror
187,338,4,1.33,82969,88,2004,94.46,Comedy
188,765,4,1.22,42188,174,2013,234.53,Horror
188,184,4,1.6,10118,167,2012,26.61,Horror
188,26,2,8.98,75281,125,2013,244.91,Comedy
188,664,1,4.57,95853,95,2000,421.63,Action
188,855,2,4.31,36642,164,2009,135.3,Horror
188,416,5,5.99,59355,86,2016,340.03,Drama
188,264,2,7.25,90024,177,2006,290.93,Sci-Fi
188,195,3,9.01,70167,90,2003,232.83,Comedy
188,999,2,8.28,84936,85,2018,272.14,Action
188,2,1,2.72,79940,83,2019,181.28,Horror
188,901,4,9.14,58728,86,2012,283.54,Horror
188,343,4,3.18,484,87,2015,28.2,Drama
189,472,4,8.9,77424,133,2011,397.97,Sci-Fi
189,869,4,2.31,70416,133,2016,268.57,Horror
189,882,3,7.18,48934,106,2022,379.27,Comedy
189,164,5,9.82,85832,179,2023,426.46,Horror
189,270,5,1.06,63500,110,2019,307.45,Comedy
189,581,2,4.61,98121,95,2007,375.58,Action
189,580,4,6.05,27680,81,2003,216.5,Comedy
189,639,1,9.24,26069,114,2025,431.25,Horror
189,187,1,5.23,80449,82,2008,142.22,Action
189,463,5,4.05,43827,152,2024,205.66,Action
189,215,4,1.32,3654,169,2025,16.63,Drama
190,445,3,9.66,55105,91,2011,66.05,Sci-Fi
190,687,5,4.46,73322,149,2015,35.45,Horror
190,812,3,8.43,56127,131,2008,146.46,Horror
190,523,3,8.4,5989,107,2004,281.78,Action
190,571,5,5.72,95304,163,2014,115.56,Horror
190,877,2,2.53,5464,151,2001,4.24,Drama
191,889,1,1.18,81276,123,2020,469.33,Action
191,69,3,9.98,70228,143,2020,77.72,Horror
191,68,5,5.07,84734,152,2006,413.9,Sci-Fi
191,183,1,2.01,26813,176,2013,32.19,Horror
191,165,3,4.6,92185,87,2020,473.9,Sci-Fi
191,430,4,2.11,36875,83,2012,258.94,Action
191,713,1,1.79,84819,102,2014,207.56,Action
191,903,2,1.94,81926,135,2005,421.75,Sci-Fi
191,435,1,7.62,93493,113,2008,431.56,Action
191,821,2,8.49,22979,178,2017,212.43,Comedy
191,391,2,8.09,88110,113,2017,166.22,Action
191,730,5,1.76,91682,166,2017,237.37,Drama
191,66,1,3.4,19875,176,2020,83.72,Action
191,744,3,7.7,30842,173,2013,490.92,Horror
191,850,5,9.11,36762,151,2022,196.11,Drama
192,39,4,9.34,24862,124,2023,234.75,Sci-Fi
192,432,5,9.33,93221,160,2001,172.39,Sci-Fi
192,713,1,1.79,84819,102,2014,207.56,Action
192,610,3,9.83,86013,124,2001,225.99,Sci-Fi
192,289,1,8.16,15005,127,2002,56.19,Drama
192,829,4,8.73,97987,103,2008,153.07,Sci-Fi
192,660,4,4.42,28472,115,2011,49.74,Sci-Fi
192,895,2,2.74,82117,167,2002,498.92,Horror
192,715,2,8.07,64781,176,2010,340.08,Action
192,504,5,3.88,79745,134,2015,355.54,Sci-Fi
192,495,3,8.81,6533,100,2021,78.71,Comedy
192,772,1,7.87,41799,83,2025,86.38,Drama
192,922,1,8.42,89513,139,2014,395.33,Sci-Fi
192,462,3,1.54,50183,105,2017,259.14,Action
192,697,3,7.12,26673,81,2009,125.34,Horror
192,793,2,7.83,10542,177,2012,482.9,Action
192,709,3,1.75,50969,170,2005,397.32,Comedy
192,179,3,2.68,80168,163,2000,15.4,Sci-Fi
192,198,3,5.48,634,116,2005,116.52,Drama
193,69,4,9.98,70228,143,2020,77.72,Horror
193,322,2,1.32,40061,107,2011,460.36,Action
193,601,3,7.27,89309,123,2008,225.62,Horror
193,564,1,3.8,90003,97,2023,484.69,Drama
193,121,3,9.21,45062,161,2006,330.64,Sci-Fi
193,849,4,7.56,75342,169,2008,232.82,Horror
193,279,1,4.42,33539,119,2021,320.6,Horror
193,553,2,8.31,2505,170,2001,97.02,Horror
193,678,5,8.04,93969,95,2000,90.65,Drama
193,201,1,4.5,86095,129,2017,477.93,Sci-Fi
193,852,3,4.3,98101,110,2011,498.22,Comedy
193,627,5,8.66,25209,101,2004,255.2,Action
193,812,3,8.43,56127,131,2008,146.46,Horror
193,143,4,9.16,86016,98,2024,375.78,Sci-Fi
194,679,1,4.63,87477,120,2000,390.95,Action
194,853,4,9.06,31021,140,2011,470.64,Sci-Fi
194,395,2,4.83,82972,113,2024,220.74,Action
194,556,2,9.96,85044,153,2024,104.02,Comedy
194,186,1,6.01,77584,104,2014,185.0,Drama
194,939,3,6.99,46882,153,2023,272.52,Horror
194,819,1,1.72,85411,91,2017,157.9,Sci-Fi
194,494,5,6.48,63787,83,2012,380.46,Action
194,898,4,4.34,65213,171,2006,226.51,Comedy
194,431,3,8.8,13043,107,2012,295.7,Action
194,40,3,5.27,66477,124,2000,19.82,Drama
194,536,5,4.21,4145,106,2002,261.44,Drama
195,450,5,8.4,92540,93,2004,350.68,Drama
195,490,5,8.15,60011,115,2000,73.26,Sci-Fi
195,767,4,5.57,96171,137,2012,38.83,Sci-Fi
195,429,4,5.87,56039,95,2013,253.5,Sci-Fi
195,262,2,9.88,50514,92,2019,199.89,Horror
195,465,5,6.61,27650,177,2009,65.4,Action
195,86,4,8.59,23654,105,2010,341.58,Action
195,704,4,4.77,85510,176,2013,330.46,Horror
195,866,5,5.96,30418,178,2015,213.55,Drama
195,781,4,6.06,5805,174,2025,175.6,Drama
195,455,5,4.49,9111,120,2003,302.36,Sci-Fi
195,950,1,5.09,74106,122,2020,396.98,Drama
195,208,3,2.69,60937,139,2023,220.15,Drama
195,700,5,5.55,21264,145,2025,451.22,Drama
195,674,4,5.86,79276,113,2020,235.42,Drama
195,548,1,8.2,20271,168,2006,375.9,Comedy
196,884,1,2.22,14701,157,2009,222.98,Comedy
196,502,5,6.4,74976,136,2007,210.11,Comedy
196,78,1,3.55,51420,95,2020,198.44,Horror
196,347,2,8.29,59456,171,2014,321.46,Horror
196,650,5,3.22,49269,89,2013,74.97,Action
197,774,5,4.9,19363,103,2001,217.05,Horror
197,429,3,5.87,56039,95,2013,253.5,Sci-Fi
197,96,1,7.66,28997,104,2007,134.27,Comedy
197,967,4,9.2,44094,134,2000,293.17,Drama
197,508,5,4.84,42748,96,2003,306.23,Sci-Fi
197,767,1,5.57,96171,137,2012,38.83,Sci-Fi
197,342,5,5.65,81897,156,2012,39.87,Sci-Fi
197,752,5,5.55,73479,178,2010,416.1,Action
198,464,3,2.98,85928,178,2023,356.33,Action
198,624,5,3.2,41552,153,2012,243.27,Horror
198,368,3,8.13,30318,120,2010,101.24,Horror
198,185,3,7.79,89483,140,2002,65.44,Action
198,667,2,3.84,82538,112,2005,458.45,Sci-Fi
198,514,3,2.45,61762,171,2018,476.47,Action
199,205,5,9.25,3989,125,2005,38.39,Sci-Fi
199,11,2,9.67,42303,136,2014,203.92,Drama
199,685,4,1.79,22019,157,2018,359.04,Comedy
199,682,5,9.85,31487,160,2008,46.38,Sci-Fi
199,935,4,8.94,64847,104,2002,184.65,Sci-Fi
199,166,1,2.83,912,139,2004,359.99,Comedy
199,186,2,6.01,77584,104,2014,185.0,Drama
199,49,5,7.79,6744,172,2010,167.94,Sci-Fi
200,589,1,8.47,79861,120,2024,256.43,Sci-Fi
200,127,3,4.68,85641,101,2025,291.73,Horror
200,832,1,1.75,51782,110,2016,246.05,Horror
200,29,3,1.84,31448,95,2023,366.31,Horror
200,630,5,6.84,58001,91,2001,18.58,Drama
200,131,4,9.46,35844,151,2000,314.03,Drama
200,655,1,9.1,56508,100,2005,301.74,Action
200,191,4,3.28,81673,160,2005,372.45,Sci-Fi
200,596,1,3.08,51778,85,2023,196.18,Sci-Fi
200,571,4,5.72,95304,163,2014,115.56,Horror
200,231,2,1.45,69817,91,2008,326.06,Sci-Fi
200,886,3,9.0,91032,161,2004,169.72,Sci-Fi
200,412,5,3.28,41093,161,2009,19.66,Horror
200,491,5,1.33,72066,118,2015,99.84,Sci-Fi
200,964,4,7.36,66769,142,2001,313.57,Horror
201,707,3,2.68,70948,95,2000,364.15,Comedy
201,73,2,2.77,77415,110,2003,181.86,Comedy
201,235,5,4.69,13489,98,2025,31.94,Action
201,360,2,2.11,51949,174,2019,419.99,Comedy
201,409,4,3.94,76523,92,2009,439.75,Sci-Fi
201,685,1,1.79,22019,157,2018,359.04,Comedy
201,79,5,3.6,58314,106,2008,432.1,Horror
201,567,2,5.24,41558,144,2022,489.96,Horror
201,126,5,5.11,24173,158,2001,13.64,Action
201,471,1,7.99,30085,146,2014,166.01,Horror
201,477,4,9.88,55707,160,2012,28.86,Horror
201,435,2,7.62,93493,113,2008,431.56,Action
201,206,1,7.54,29513,143,2009,265.59,Comedy
201,383,5,3.15,95255,88,2005,167.8,Horror
201,83,3,9.0,45454,173,2017,113.02,Sci-Fi
201,593,4,4.11,17141,171,2013,27.47,Sci-Fi
201,788,2,5.58,45119,102,2010,176.93,Action
201,95,5,8.2,52317,138,2012,96.37,Sci-Fi
202,789,2,1.91,60846,172,2004,159.97,Horror
202,769,2,5.47,22660,123,2003,336.15,Sci-Fi
202,617,5,1.11,20931,87,2000,352.44,Horror
202,71,3,1.12,66196,149,2018,182.55,Horror
202,964,3,7.36,66769,142,2001,313.57,Horror
202,629,3,2.92,25536,86,2006,38.19,Drama
202,872,1,7.64,27488,121,2011,128.35,Sci-Fi
202,622,1,1.61,90974,157,2024,411.14,Comedy
202,788,2,5.58,45119,102,2010,176.93,Action
202,167,2,3.62,96326,116,2019,426.05,Drama
202,699,1,3.73,36279,131,2011,124.53,Sci-Fi
203,503,1,9.19,39995,120,2016,462.55,Comedy
203,917,4,9.56,96958,106,2013,157.11,Comedy
203,742,5,4.87,1175,99,2005,29.68,Horror
203,717,1,4.95,64875,130,2000,188.24,Comedy
203,264,3,7.25,90024,177,2006,290.93,Sci-Fi
203,132,1,5.7,50657,135,2016,423.62,Comedy
203,589,5,8.47,79861,120,2024,256.43,Sci-Fi
203,36,5,7.29,58229,112,2009,151.09,Sci-Fi
203,798,2,2.22,71093,164,2021,10.86,Action
203,124,1,9.14,6101,86,2021,159.1,Drama
203,506,2,3.31,66681,143,2005,122.63,Action
203,266,5,2.13,91066,151,2025,385.23,Action
203,423,2,4.54,43044,101,2012,154.5,Horror
204,418,1,6.96,6023,135,2008,263.88,Horror
204,820,4,7.23,71604,120,2005,294.29,Drama
204,13,1,9.33,81747,121,2015,234.07,Comedy
204,87,1,8.35,72060,124,2009,181.4,Horror
204,344,3,6.93,31645,116,2020,407.34,Comedy
204,903,2,1.94,81926,135,2005,421.75,Sci-Fi
204,873,1,1.23,51620,156,2003,452.06,Action
204,872,3,7.64,27488,121,2011,128.35,Sci-Fi
204,606,3,6.57,75987,151,2018,424.04,Sci-Fi
204,584,1,8.66,43670,167,2017,93.68,Action
204,571,3,5.72,95304,163,2014,115.56,Horror
204,49,4,7.79,6744,172,2010,167.94,Sci-Fi
204,273,4,3.13,91452,113,2003,11.58,Sci-Fi
204,222,5,8.91,33322,116,2013,332.48,Sci-Fi
204,231,4,1.45,69817,91,2008,326.06,Sci-Fi
205,130,4,8.9,23520,152,2013,44.64,Sci-Fi
205,178,2,5.37,23495,94,2019,424.66,Action
205,489,3,7.02,42440,108,2015,482.79,Horror
205,989,1,3.55,2095,95,2023,189.17,Horror
205,924,5,8.08,38938,167,2000,38.8,Drama
205,313,5,4.52,70842,89,2015,82.29,Drama
205,90,1,1.27,40203,160,2009,455.96,Action
205,184,4,1.6,10118,167,2012,26.61,Horror
205,166,2,2.83,912,139,2004,359.99,Comedy
205,698,3,3.09,17021,141,2011,406.81,Action
205,511,5,5.35,16669,159,2000,127.75,Horror
205,880,1,5.08,14236,166,2020,164.15,Horror
205,423,4,4.54,43044,101,2012,154.5,Horror
205,248,1,3.57,78249,118,2010,443.37,Action
205,344,2,6.93,31645,116,2020,407.34,Comedy
205,475,3,2.83,7034,93,2019,481.66,Horror
205,632,2,8.85,29726,169,2015,1.64,Action
205,468,1,5.48,47993,148,2022,124.79,Horror
205,937,1,6.12,92703,112,2021,118.98,Sci-Fi
206,194,4,8.8,44337,180,2004,164.3,Action
206,164,5,9.82,85832,179,2023,426.46,Horror
206,252,5,8.15,97196,177,2000,269.63,Comedy
206,586,3,5.71,39977,170,2015,371.14,Comedy
206,312,4,9.75,44565,114,2021,309.8,Sci-Fi
206,209,4,3.21,14591,128,2025,454.02,Sci-Fi
206,607,2,2.75,23737,148,2015,10.39,Comedy
206,210,4,1.12,78391,171,2014,333.89,Sci-Fi
206,54,5,7.21,56948,161,2013,220.28,Horror
206,224,3,7.09,26078,90,2006,176.0,Action
206,165,1,4.6,92185,87,2020,473.9,Sci-Fi
206,791,3,6.39,59649,132,2023,470.8,Action
206,120,5,3.19,75376,138,2001,408.56,Sci-Fi
206,59,3,7.69,99867,104,2012,252.53,Action
206,305,4,5.5,11357,136,2011,305.63,Action
206,6,2,2.42,15530,84,2011,37.21,Comedy
206,706,1,5.66,94977,89,2013,470.36,Horror
206,672,4,2.7,40024,148,2011,452.93,Drama
207,938,2,1.86,45274,147,2008,394.49,Action
207,729,5,7.49,80041,144,2009,373.29,Sci-Fi
207,327,4,2.09,68843,154,2014,131.86,Action
207,592,5,6.0,65571,90,2014,410.55,Drama
207,666,2,6.86,59527,80,2013,164.19,Drama
207,433,3,2.53,65278,138,2019,121.69,Comedy
207,90,2,1.27,40203,160,2009,455.96,Action
207,652,2,1.86,90366,91,2005,157.31,Drama
207,506,2,3.31,66681,143,2005,122.63,Action
207,660,4,4.42,28472,115,2011,49.74,Sci-Fi
207,451,3,8.76,98049,146,2024,61.43,Sci-Fi
208,13,5,9.33,81747,121,2015,234.07,Comedy
208,924,5,8.08,38938,167,2000,38.8,Drama
208,175,2,4.98,70184,97,2005,107.44,Horror
208,274,3,3.19,37071,84,2023,160.36,Drama
208,524,1,9.53,92448,94,2004,8.95,Sci-Fi
208,19,4,4.72,11987,174,2015,341.33,Horror
208,505,2,3.75,73561,113,2020,122.21,Sci-Fi
208,398,1,2.76,70800,98,2023,282.94,Comedy
208,544,3,2.53,35259,127,2008,83.19,Sci-Fi
208,70,1,3.19,90158,163,2023,183.97,Sci-Fi
208,574,1,3.14,36560,106,2019,193.58,Comedy
209,34,2,1.94,93098,176,2011,391.48,Horror
209,100,2,9.2,23024,177,2009,4.28,Sci-Fi
209,82,4,1.17,80722,136,2006,204.9,Drama
209,869,4,2.31,70416,133,2016,268.57,Horror
209,316,3,3.33,58946,159,2020,30.68,Horror
209,383,5,3.15,95255,88,2005,167.8,Horror
209,139,5,3.07,12994,107,2016,426.63,Comedy
209,58,1,9.73,13304,149,2019,219.19,Horror
209,815,5,8.24,90909,86,2007,400.91,Horror
209,125,2,2.74,84189,180,2014,202.51,Action
209,686,4,5.91,17006,107,2017,151.41,Comedy
209,250,2,4.54,3706,140,2010,138.55,Action
209,428,2,6.17,89580,130,2004,318.77,Action
209,962,1,4.78,92837,123,2007,345.0,Action
209,723,5,2.6,72422,158,2001,101.29,Horror
209,199,5,5.67,24561,108,2004,321.3,Comedy
209,781,5,6.06,5805,174,2025,175.6,Drama
210,180,1,5.32,6140,96,2010,165.88,Sci-Fi
210,871,3,3.01,82326,142,2015,267.58,Drama
210,48,3,7.57,12482,176,2013,254.76,Sci-Fi
210,209,1,3.21,14591,128,2025,454.02,Sci-Fi
210,498,2,2.82,55173,109,2003,401.26,Sci-Fi
210,333,3,7.58,70874,154,2014,399.59,Action
210,429,4,5.87,56039,95,2013,253.5,Sci-Fi
210,241,5,1.7,33378,98,2004,176.64,Action
211,93,5,3.83,80292,156,2015,472.0,Horror
211,206,1,7.54,29513,143,2009,265.59,Comedy
211,996,4,7.17,42251,177,2010,166.47,Sci-Fi
211,683,5,9.2,1211,100,2021,461.46,Comedy
211,962,5,4.78,92837,123,2007,345.0,Action
211,407,3,5.15,2369,166,2018,282.96,Action
212,860,4,5.62,87466,138,2016,108.45,Horror
212,218,1,2.69,98485,119,2023,281.03,Comedy
212,716,4,3.21,53768,120,2004,149.43,Action
212,698,4,3.09,17021,141,2011,406.81,Action
212,784,2,2.64,2654,137,2021,225.41,Horror
212,866,4,5.96,30418,178,2015,213.55,Drama
212,263,3,1.24,20166,171,2012,60.33,Sci-Fi
212,450,5,8.4,92540,93,2004,350.68,Drama
212,294,5,3.06,41792,123,2024,13.12,Comedy
212,481,3,5.38,27157,121,2004,268.79,Drama
212,818,2,3.0,64087,165,2010,361.27,Action
212,597,4,4.03,87858,171,2022,98.28,Action
212,513,5,6.61,61767,131,2000,136.1,Comedy
212,551,5,2.74,68494,133,2013,175.16,Action
212,467,2,1.35,9133,129,2008,299.21,Comedy
212,171,3,3.42,10857,137,2002,348.98,Comedy
212,879,3,9.51,4225,170,2022,149.09,Comedy
212,580,4,6.05,27680,81,2003,216.5,Comedy
212,393,3,5.76,98306,124,2002,174.8,Horror
213,411,3,3.36,59097,154,2012,68.32,Comedy
213,28,3,9.47,49524,150,2022,37.47,Sci-Fi
213,836,4,7.12,27441,162,2006,284.32,Sci-Fi
213,651,2,3.86,42073,120,2002,200.04,Drama
213,393,3,5.76,98306,124,2002,174.8,Horror
213,599,1,7.07,78511,167,2023,31.42,Sci-Fi
213,223,5,3.85,57509,166,2013,246.16,Horror
213,738,1,7.14,30548,106,2008,374.07,Comedy
213,141,1,9.05,6761,112,2016,375.22,Action
213,356,4,5.45,87246,128,2001,273.29,Horror
213,75,3,4.16,47174,153,2009,496.72,Sci-Fi
213,557,1,5.15,56083,111,2009,100.4,Drama
213,154,2,4.91,10769,138,2010,341.07,Sci-Fi
213,55,1,9.79,18604,117,2012,118.49,Comedy
213,976,2,7.55,64344,141,2018,66.44,Horror
213,623,4,5.56,82398,115,2020,338.43,Drama
213,51,2,4.71,26392,95,2018,389.54,Sci-Fi
213,16,3,1.79,79126,83,2002,411.19,Sci-Fi
214,551,2,2.74,68494,133,2013,175.16,Action
214,337,4,6.94,46776,87,2003,266.51,Horror
214,298,2,7.78,38539,165,2015,291.77,Comedy
214,553,4,8.31,2505,170,2001,97.02,Horror
214,231,2,1.45,69817,91,2008,326.06,Sci-Fi
214,704,4,4.77,85510,176,2013,330.46,Horror
214,680,3,2.96,71122,133,2014,404.31,Comedy
214,192,2,4.69,95544,180,2024,146.0,Action
214,371,4,7.39,96838,101,2019,357.44,Sci-Fi
214,506,3,3.31,66681,143,2005,122.63,Action
214,22,5,2.86,65286,133,2018,253.08,Action
214,884,1,2.22,14701,157,2009,222.98,Comedy
214,115,4,1.77,77559,147,2006,365.07,Comedy
215,695,2,3.77,37793,88,2015,28.21,Action
215,616,2,8.04,84094,138,2021,477.08,Comedy
215,385,1,5.35,87970,124,2016,342.74,Horror
215,766,3,1.61,83972,148,2024,33.57,Action
215,272,4,3.95,47440,171,2007,191.98,Action
216,88,2,9.53,11883,178,2016,153.49,Action
216,711,1,5.15,98114,138,2015,344.81,Comedy
216,911,5,7.6,4350,177,2015,479.52,Horror
216,155,3,4.39,32376,86,2002,71.63,Drama
216,623,3,5.56,82398,115,2020,338.43,Drama
216,158,3,8.22,4346,107,2002,449.08,Drama
216,457,1,2.41,64071,111,2010,55.8,Action
216,449,1,5.48,59019,154,2023,170.66,Horror
216,557,1,5.15,56083,111,2009,100.4,Drama
216,169,4,6.56,46778,162,2015,236.13,Drama
216,916,1,9.44,12241,176,2024,87.09,Horror
216,779,2,5.36,51438,88,2003,163.55,Comedy
216,563,2,1.64,67428,95,2000,458.69,Sci-Fi
216,137,1,2.34,5619,100,2011,307.38,Drama
216,502,3,6.4,74976,136,2007,210.11,Comedy
216,329,4,8.95,54412,129,2000,92.94,Sci-Fi
216,110,1,6.9,44047,102,2005,441.28,Sci-Fi
217,645,2,8.38,32065,152,2009,437.18,Horror
217,586,5,5.71,39977,170,2015,371.14,Comedy
217,894,4,3.87,83376,82,2008,480.08,Action
217,759,5,6.36,99083,176,2003,378.71,Comedy
217,151,1,2.27,67558,150,2021,324.07,Drama
217,610,5,9.83,86013,124,2001,225.99,Sci-Fi
217,877,4,2.53,5464,151,2001,4.24,Drama
217,223,1,3.85,57509,166,2013,246.16,Horror
217,416,3,5.99,59355,86,2016,340.03,Drama
217,933,3,6.97,84340,141,2009,102.59,Comedy
217,891,3,5.56,57951,160,2018,149.83,Action
217,816,3,7.94,40594,165,2009,49.88,Action
217,535,1,1.38,99982,139,2020,420.54,Sci-Fi
217,187,2,5.23,80449,82,2008,142.22,Action
218,517,1,3.92,47511,179,2000,303.48,Comedy
218,141,5,9.05,6761,112,2016,375.22,Action
218,549,4,7.37,17345,118,2011,447.54,Comedy
218,746,5,8.82,81051,114,2004,283.12,Sci-Fi
218,873,4,1.23,51620,156,2003,452.06,Action
218,775,1,1.45,47731,154,2004,189.17,Drama
218,161,4,8.08,27281,81,2009,478.36,Action
218,340,4,4.09,85272,119,2002,464.82,Horror
218,585,3,2.85,11672,83,2001,77.16,Horror
218,55,4,9.79,18604,117,2012,118.49,Comedy
218,15,3,2.7,50047,137,2000,141.61,Sci-Fi
218,830,3,2.86,93154,86,2007,54.87,Horror
218,174,1,5.67,75593,114,2017,326.12,Horror
218,313,3,4.52,70842,89,2015,82.29,Drama
218,697,2,7.12,26673,81,2009,125.34,Horror
218,374,3,5.33,83073,136,2009,37.19,Drama
219,90,5,1.27,40203,160,2009,455.96,Action
219,8,1,5.75,18558,176,2004,113.77,Sci-Fi
219,50,1,1.61,98674,177,2011,434.99,Action
219,382,3,6.33,83895,93,2015,475.43,Sci-Fi
219,285,3,4.96,58469,120,2011,18.42,Action
220,215,3,1.32,3654,169,2025,16.63,Drama
220,696,4,1.89,26495,98,2001,449.03,Comedy
220,757,4,1.78,79722,81,2016,125.35,Action
220,907,1,3.67,44489,134,2018,242.36,Sci-Fi
220,508,1,4.84,42748,96,2003,306.23,Sci-Fi
220,865,2,9.02,18913,142,2002,369.68,Action
220,526,1,2.22,85928,103,2020,440.58,Comedy
220,782,5,4.64,70405,88,2002,59.36,Action
220,875,5,8.37,15013,135,2012,181.81,Action
220,490,1,8.15,60011,115,2000,73.26,Sci-Fi
220,552,1,7.04,92587,151,2017,354.57,Sci-Fi
220,176,1,4.46,33840,97,2016,37.6,Comedy
220,611,1,1.6,32205,114,2004,246.52,Action
220,625,2,6.58,29443,86,2000,150.83,Action
221,638,2,9.88,47522,129,2006,151.73,Comedy
221,857,1,6.37,56372,159,2022,241.98,Drama
221,411,2,3.36,59097,154,2012,68.32,Comedy
221,967,5,9.2,44094,134,2000,293.17,Drama
221,796,5,7.09,55245,129,2024,67.12,Horror
221,559,1,8.07,41430,143,2006,132.37,Comedy
221,92,3,7.41,41646,169,2025,190.39,Comedy
222,542,2,4.59,68455,81,2000,217.18,Drama
222,952,5,2.24,14941,151,2000,213.77,Comedy
222,834,3,8.67,54291,92,2021,100.9,Horror
222,212,4,4.75,12534,100,2007,240.29,Drama
222,512,3,7.51,64447,164,2017,468.67,Drama
222,341,5,7.42,12879,86,2002,458.64,Comedy
222,933,4,6.97,84340,141,2009,102.59,Comedy
222,247,3,5.01,52072,116,2001,189.93,Action
223,532,1,7.05,17506,100,2018,211.6,Action
223,584,4,8.66,43670,167,2017,93.68,Action
223,406,1,8.02,49702,90,2006,444.04,Action
223,431,3,8.8,13043,107,2012,295.7,Action
223,540,5,6.81,20077,135,2023,72.08,Sci-Fi
223,807,4,3.11,80643,89,2000,463.71,Action
223,749,3,1.16,45327,139,2000,467.85,Comedy
223,940,5,2.13,61163,116,2019,101.56,Action
223,215,5,1.32,3654,169,2025,16.63,Drama
224,692,3,6.79,46747,170,2003,79.31,Sci-Fi
224,427,1,7.63,12062,103,2021,235.42,Drama
224,239,2,8.65,18205,176,2009,88.13,Horror
224,71,5,1.12,66196,149,2018,182.55,Horror
224,327,2,2.09,68843,154,2014,131.86,Action
224,311,1,7.15,39798,91,2022,224.9,Comedy
224,968,4,6.05,82673,123,2022,225.15,Action
224,15,5,2.7,50047,137,2000,141.61,Sci-Fi
225,347,2,8.29,59456,171,2014,321.46,Horror
225,397,3,9.22,52584,167,2002,33.48,Horror
225,357,4,9.65,32875,107,2025,358.23,Horror
225,167,1,3.62,96326,116,2019,426.05,Drama
225,109,5,7.98,92174,136,2005,28.71,Sci-Fi
225,937,3,6.12,92703,112,2021,118.98,Sci-Fi
225,824,1,2.17,20464,98,2003,103.02,Comedy
225,939,1,6.99,46882,153,2023,272.52,Horror
225,719,2,5.4,24263,125,2003,170.92,Sci-Fi
225,523,1,8.4,5989,107,2004,281.78,Action
225,539,5,7.02,92906,158,2019,318.63,Sci-Fi
225,97,4,6.55,43732,143,2003,233.6,Comedy
226,435,5,7.62,93493,113,2008,431.56,Action
226,517,5,3.92,47511,179,2000,303.48,Comedy
226,592,1,6.0,65571,90,2014,410.55,Drama
226,477,4,9.88,55707,160,2012,28.86,Horror
226,430,3,2.11,36875,83,2012,258.94,Action
226,142,2,5.21,45471,129,2018,295.35,Action
226,699,4,3.73,36279,131,2011,124.53,Sci-Fi
226,482,3,3.33,82227,171,2001,201.49,Sci-Fi
226,325,2,2.8,65662,163,2020,365.16,Drama
226,565,4,4.9,3488,93,2025,179.93,Sci-Fi
226,249,2,6.63,23671,132,2009,280.56,Comedy
226,778,4,6.5,59642,175,2005,479.96,Comedy
226,598,5,1.99,2634,81,2006,415.53,Sci-Fi
226,39,1,9.34,24862,124,2023,234.75,Sci-Fi
227,543,4,3.53,78712,121,2018,151.25,Action
227,750,1,3.65,97999,153,2023,56.78,Drama
227,962,1,4.78,92837,123,2007,345.0,Action
227,710,5,9.99,42880,137,2023,207.3,Comedy
227,192,1,4.69,95544,180,2024,146.0,Action
227,802,2,1.21,26630,178,2003,140.79,Horror
227,728,1,9.13,15706,102,2009,327.08,Action
227,281,3,8.97,95657,94,2025,488.23,Horror
227,730,1,1.76,91682,166,2017,237.37,Drama
227,376,4,6.78,2241,119,2024,356.0,Horror
227,356,4,5.45,87246,128,2001,273.29,Horror
227,940,2,2.13,61163,116,2019,101.56,Action
227,737,4,5.21,84487,105,2005,118.14,Comedy
227,587,4,1.65,98381,165,2009,467.62,Drama
227,632,4,8.85,29726,169,2015,1.64,Action
227,790,1,9.04,1654,88,2006,92.66,Comedy
228,112,2,8.58,42298,145,2024,255.56,Horror
228,441,1,3.26,60167,144,2022,82.31,Horror
228,27,5,5.55,20440,90,2006,497.82,Comedy
228,817,4,2.4,91802,140,2006,470.97,Sci-Fi
228,155,2,4.39,32376,86,2002,71.63,Drama
228,55,2,9.79,18604,117,2012,118.49,Comedy
228,486,5,3.96,76012,124,2007,113.38,Drama
228,204,2,2.92,2495,120,2002,290.58,Sci-Fi
228,594,4,1.57,21327,177,2003,369.21,Drama
228,77,4,4.45,89693,103,2025,400.06,Sci-Fi
228,41,3,1.06,39158,101,2003,321.63,Action
228,615,4,5.52,10735,160,2012,6.13,Horror
228,699,2,3.73,36279,131,2011,124.53,Sci-Fi
229,955,5,6.51,20594,178,2023,106.79,Sci-Fi
229,273,5,3.13,91452,113,2003,11.58,Sci-Fi
229,959,5,9.89,822,113,2024,484.94,Action
229,294,3,3.06,41792,123,2024,13.12,Comedy
229,737,1,5.21,84487,105,2005,118.14,Comedy
229,621,4,1.07,1151,174,2003,6.5,Drama
229,126,1,5.11,24173,158,2001,13.64,Action
229,278,3,8.77,1239,119,2006,286.72,Action
229,140,2,2.0,51404,108,2022,20.28,Horror
229,855,2,4.31,36642,164,2009,135.3,Horror
229,192,2,4.69,95544,180,2024,146.0,Action
229,791,3,6.39,59649,132,2023,470.8,Action
229,829,4,8.73,97987,103,2008,153.07,Sci-Fi
229,246,2,7.3,82488,100,2020,415.61,Drama
229,320,5,7.79,29293,110,2019,78.23,Drama
229,106,2,6.46,96903,156,2024,443.8,Action
229,283,1,9.25,81511,101,2018,427.32,Action
229,700,4,5.55,21264,145,2025,451.22,Drama
229,887,1,3.41,2152,170,2020,327.14,Horror
230,213,1,9.87,43394,93,2015,56.13,Action
230,585,1,2.85,11672,83,2001,77.16,Horror
230,272,3,3.95,47440,171,2007,191.98,Action
230,962,5,4.78,92837,123,2007,345.0,Action
230,28,2,9.47,49524,150,2022,37.47,Sci-Fi
230,174,1,5.67,75593,114,2017,326.12,Horror
230,67,4,6.61,86508,180,2003,493.47,Comedy
230,913,5,2.82,61811,138,2023,482.49,Horror
230,761,2,7.47,26346,113,2016,332.03,Horror
230,584,4,8.66,43670,167,2017,93.68,Action
230,15,1,2.7,50047,137,2000,141.61,Sci-Fi
231,21,4,8.77,91672,120,2010,9.71,Drama
231,161,2,8.08,27281,81,2009,478.36,Action
231,825,4,6.24,12402,89,2021,65.47,Action
231,229,5,6.48,56113,140,2006,289.67,Action
231,732,3,8.25,26445,129,2018,294.31,Drama
231,745,4,2.06,8080,102,2002,9.28,Horror
231,482,2,3.33,82227,171,2001,201.49,Sci-Fi
231,544,4,2.53,35259,127,2008,83.19,Sci-Fi
231,242,3,7.68,17618,137,2016,233.71,Drama
231,258,4,1.43,55821,102,2001,95.64,Comedy
231,555,5,1.52,78254,141,2002,107.08,Drama
231,971,2,4.99,32952,132,2004,180.09,Drama
232,310,3,7.61,61088,114,2002,451.46,Sci-Fi
232,977,5,1.2,8624,158,2012,17.31,Comedy
232,181,4,3.8,92597,167,2004,10.55,Sci-Fi
232,22,1,2.86,65286,133,2018,253.08,Action
232,663,2,2.24,90467,147,2016,410.22,Drama
232,894,2,3.87,83376,82,2008,480.08,Action
232,127,4,4.68,85641,101,2025,291.73,Horror
232,69,1,9.98,70228,143,2020,77.72,Horror
232,213,1,9.87,43394,93,2015,56.13,Action
232,748,1,8.77,36521,95,2009,446.46,Sci-Fi
232,712,2,4.19,67136,153,2017,66.92,Sci-Fi
232,704,4,4.77,85510,176,2013,330.46,Horror
232,848,2,6.22,38911,150,2014,260.7,Action
232,932,3,5.09,55874,130,2023,80.27,Sci-Fi
232,620,4,1.09,43077,168,2002,398.58,Action
232,526,3,2.22,85928,103,2020,440.58,Comedy
232,876,2,9.08,83915,143,2025,294.52,Drama
232,318,4,7.37,96503,135,2020,235.73,Action
232,685,1,1.79,22019,157,2018,359.04,Comedy
232,495,5,8.81,6533,100,2021,78.71,Comedy
233,551,5,2.74,68494,133,2013,175.16,Action
233,630,5,6.84,58001,91,2001,18.58,Drama
233,996,1,7.17,42251,177,2010,166.47,Sci-Fi
233,129,4,4.21,91894,95,2022,469.44,Drama
233,769,3,5.47,22660,123,2003,336.15,Sci-Fi
233,897,2,4.21,86179,165,2000,13.44,Comedy
233,374,2,5.33,83073,136,2009,37.19,Drama
233,113,1,3.3,73085,179,2000,154.46,Sci-Fi
233,426,4,1.78,4981,168,2008,255.41,Comedy
234,264,3,7.25,90024,177,2006,290.93,Sci-Fi
234,387,2,3.97,44396,154,2004,362.01,Comedy
234,770,1,8.26,10079,131,2000,33.84,Horror
234,638,2,9.88,47522,129,2006,151.73,Comedy
234,974,4,6.02,67474,176,2017,455.13,Comedy
234,238,2,5.89,83992,180,2022,8.94,Drama
234,518,4,3.53,62771,174,2011,340.87,Action
234,18,3,4.04,13427,88,2005,442.32,Drama
234,712,3,4.19,67136,153,2017,66.92,Sci-Fi
234,704,5,4.77,85510,176,2013,330.46,Horror
234,386,3,8.75,97941,155,2013,486.2,Comedy
234,110,1,6.9,44047,102,2005,441.28,Sci-Fi
234,616,1,8.04,84094,138,2021,477.08,Comedy
234,623,3,5.56,82398,115,2020,338.43,Drama
234,204,1,2.92,2495,120,2002,290.58,Sci-Fi
234,800,1,3.13,19731,103,2008,361.84,Sci-Fi
234,653,5,1.37,18636,115,2013,385.98,Drama
234,814,3,5.77,1945,103,2005,69.34,Drama
234,244,1,8.36,81392,178,2003,289.85,Horror
234,672,3,2.7,40024,148,2011,452.93,Drama
235,205,4,9.25,3989,125,2005,38.39,Sci-Fi
235,727,2,9.93,54137,167,2016,414.73,Action
235,875,3,8.37,15013,135,2012,181.81,Action
235,150,5,4.74,53119,103,2019,138.6,Comedy
235,33,2,7.52,87662,85,2011,64.04,Comedy
235,193,5,3.3,39372,147,2006,128.91,Horror
235,733,5,2.03,59930,178,2011,7.92,Horror
235,605,4,3.9,35008,168,2011,420.72,Comedy
235,418,3,6.96,6023,135,2008,263.88,Horror
235,982,5,6.91,85155,178,2012,61.74,Horror
235,756,2,3.09,69709,128,2023,239.29,Horror
235,746,5,8.82,81051,114,2004,283.12,Sci-Fi
235,853,2,9.06,31021,140,2011,470.64,Sci-Fi
235,446,1,8.08,6551,86,2020,191.82,Action
236,849,4,7.56,75342,169,2008,232.82,Horror
236,321,4,3.05,73138,129,2010,206.83,Action
236,145,1,9.76,30786,108,2012,435.86,Action
236,712,5,4.19,67136,153,2017,66.92,Sci-Fi
236,802,5,1.21,26630,178,2003,140.79,Horror
236,535,1,1.38,99982,139,2020,420.54,Sci-Fi
236,153,3,2.83,43032,174,2009,218.68,Horror
236,679,1,4.63,87477,120,2000,390.95,Action
236,336,3,3.99,56385,148,2002,375.53,Sci-Fi
236,542,5,4.59,68455,81,2000,217.18,Drama
236,989,2,3.55,2095,95,2023,189.17,Horror
236,656,2,7.66,98777,97,2010,451.66,Action
236,862,3,8.6,54386,162,2014,4.9,Drama
236,927,5,3.23,26566,147,2025,311.01,Comedy
236,82,5,1.17,80722,136,2006,204.9,Drama
236,45,5,1.53,94599,104,2014,112.65,Horror
236,708,5,9.64,12107,156,2003,95.57,Action
236,16,4,1.79,79126,83,2002,411.19,Sci-Fi
236,100,4,9.2,23024,177,2009,4.28,Sci-Fi
237,166,5,2.83,912,139,2004,359.99,Comedy
237,620,4,1.09,43077,168,2002,398.58,Action
237,850,5,9.11,36762,151,2022,196.11,Drama
237,104,1,9.8,2553,110,2017,68.21,Action
237,78,2,3.55,51420,95,2020,198.44,Horror
237,785,4,1.42,88806,96,2007,70.11,Comedy
237,945,1,2.05,23226,85,2014,369.52,Sci-Fi
237,522,2,6.44,11859,145,2022,70.66,Comedy
237,549,2,7.37,17345,118,2011,447.54,Comedy
237,871,4,3.01,82326,142,2015,267.58,Drama
237,794,4,1.69,79594,178,2015,309.73,Drama
237,313,5,4.52,70842,89,2015,82.29,Drama
237,378,3,3.67,13659,125,2022,136.87,Action
237,765,3,1.22,42188,174,2013,234.53,Horror
237,128,2,1.19,18008,84,2017,488.75,Action
237,411,5,3.36,59097,154,2012,68.32,Comedy
237,81,3,1.66,99147,101,2005,271.88,Drama
238,477,2,9.88,55707,160,2012,28.86,Horror
238,683,5,9.2,1211,100,2021,461.46,Comedy
238,893,5,1.76,50909,116,2005,298.6,Horror
238,422,5,6.58,77203,178,2012,10.38,Horror
238,71,2,1.12,66196,149,2018,182.55,Horror
238,933,4,6.97,84340,141,2009,102.59,Comedy
238,331,3,5.81,64265,92,2004,277.0,Comedy
238,833,1,9.64,89226,83,2018,438.4,Sci-Fi
238,407,5,5.15,2369,166,2018,282.96,Action
238,185,4,7.79,89483,140,2002,65.44,Action
238,517,3,3.92,47511,179,2000,303.48,Comedy
238,772,1,7.87,41799,83,2025,86.38,Drama
238,226,5,1.94,59250,84,2010,8.84,Horror
238,7,2,6.06,54592,161,2018,431.3,Action
238,413,2,4.66,93265,156,2020,449.83,Sci-Fi
238,419,3,1.15,99453,80,2011,182.7,Action
238,518,4,3.53,62771,174,2011,340.87,Action
238,831,3,6.34,52150,150,2012,3.52,Sci-Fi
239,16,1,1.79,79126,83,2002,411.19,Sci-Fi
239,759,2,6.36,99083,176,2003,378.71,Comedy
239,129,3,4.21,91894,95,2022,469.44,Drama
239,801,2,4.32,7291,88,2011,33.9,Action
239,704,1,4.77,85510,176,2013,330.46,Horror
239,626,2,5.42,73753,134,2018,132.26,Drama
239,350,5,9.0,29125,91,2014,241.7,Horror
239,332,4,4.79,63329,165,2008,16.06,Sci-Fi
239,898,4,4.34,65213,171,2006,226.51,Comedy
239,441,1,3.26,60167,144,2022,82.31,Horror
239,969,4,4.25,70855,102,2024,486.27,Horror
239,503,4,9.19,39995,120,2016,462.55,Comedy
239,616,5,8.04,84094,138,2021,477.08,Comedy
239,365,3,2.38,58862,176,2023,21.36,Drama
240,8,5,5.75,18558,176,2004,113.77,Sci-Fi
240,20,2,9.06,66239,94,2003,92.1,Horror
240,448,1,2.37,70071,109,2003,199.88,Sci-Fi
240,999,5,8.28,84936,85,2018,272.14,Action
240,802,1,1.21,26630,178,2003,140.79,Horror
240,296,3,3.27,38068,127,2015,327.52,Action
240,819,4,1.72,85411,91,2017,157.9,Sci-Fi
240,917,2,9.56,96958,106,2013,157.11,Comedy
240,294,1,3.06,41792,123,2024,13.12,Comedy
240,989,5,3.55,2095,95,2023,189.17,Horror
240,786,5,5.98,85209,111,2001,331.63,Action
240,548,5,8.2,20271,168,2006,375.9,Comedy
240,729,5,7.49,80041,144,2009,373.29,Sci-Fi
240,85,2,2.29,328,123,2008,87.29,Drama
240,604,3,7.14,98508,137,2016,338.97,Drama
240,899,2,2.65,5209,105,2023,280.34,Comedy
241,803,2,3.46,87977,139,2010,34.27,Horror
241,101,4,2.47,93064,80,2001,115.52,Drama
241,624,3,3.2,41552,153,2012,243.27,Horror
241,810,1,6.74,92177,102,2006,8.07,Action
241,851,4,2.28,69328,83,2011,445.7,Action
241,295,4,6.86,80982,139,2001,394.12,Action
241,794,2,1.69,79594,178,2015,309.73,Drama
241,671,1,1.82,12733,143,2018,287.42,Horror
241,435,5,7.62,93493,113,2008,431.56,Action
241,207,5,6.86,27673,157,2005,410.03,Action
241,678,5,8.04,93969,95,2000,90.65,Drama
241,86,5,8.59,23654,105,2010,341.58,Action
241,892,5,5.64,32894,167,2011,337.23,Horror
241,266,4,2.13,91066,151,2025,385.23,Action
241,795,4,1.16,44081,137,2009,305.77,Action
241,769,2,5.47,22660,123,2003,336.15,Sci-Fi
241,81,5,1.66,99147,101,2005,271.88,Drama
241,39,2,9.34,24862,124,2023,234.75,Sci-Fi
241,21,4,8.77,91672,120,2010,9.71,Drama
241,936,3,7.47,23064,131,2000,184.33,Drama
242,306,5,1.26,89051,145,2001,59.32,Action
242,133,3,7.37,97865,130,2001,262.76,Sci-Fi
242,784,1,2.64,2654,137,2021,225.41,Horror
242,539,5,7.02,92906,158,2019,318.63,Sci-Fi
242,162,5,4.45,61449,149,2023,235.42,Action
242,47,1,9.96,63782,175,2021,397.34,Action
242,15,5,2.7,50047,137,2000,141.61,Sci-Fi
242,892,3,5.64,32894,167,2011,337.23,Horror
242,907,2,3.67,44489,134,2018,242.36,Sci-Fi
242,593,4,4.11,17141,171,2013,27.47,Sci-Fi
242,678,4,8.04,93969,95,2000,90.65,Drama
242,204,4,2.92,2495,120,2002,290.58,Sci-Fi
242,426,1,1.78,4981,168,2008,255.41,Comedy
242,122,1,3.46,36870,132,2011,499.47,Action
243,566,1,5.29,24787,162,2014,301.99,Sci-Fi
243,184,1,1.6,10118,167,2012,26.61,Horror
243,287,3,5.31,74630,175,2012,380.09,Horror
243,149,3,7.13,22903,91,2013,199.65,Action
243,66,1,3.4,19875,176,2020,83.72,Action
243,635,1,3.17,17449,81,2017,431.16,Drama
243,941,3,6.69,41364,121,2002,120.68,Horror
243,601,1,7.27,89309,123,2008,225.62,Horror
243,84,2,4.3,56465,148,2008,47.03,Action
243,761,1,7.47,26346,113,2016,332.03,Horror
243,50,5,1.61,98674,177,2011,434.99,Action
243,272,3,3.95,47440,171,2007,191.98,Action
243,964,4,7.36,66769,142,2001,313.57,Horror
243,959,5,9.89,822,113,2024,484.94,Action
243,912,4,7.78,40795,118,2019,171.16,Drama
243,142,4,5.21,45471,129,2018,295.35,Action
243,310,1,7.61,61088,114,2002,451.46,Sci-Fi
243,516,1,1.58,31126,137,2015,245.98,Sci-Fi
243,300,1,3.78,10236,174,2020,347.12,Action
243,743,4,9.45,53320,139,2011,320.58,Comedy
244,115,3,1.77,77559,147,2006,365.07,Comedy
244,16,5,1.79,79126,83,2002,411.19,Sci-Fi
244,14,5,3.85,87855,82,2019,165.71,Drama
244,746,5,8.82,81051,114,2004,283.12,Sci-Fi
244,807,1,3.11,80643,89,2000,463.71,Action
244,474,5,6.72,44352,124,2023,464.66,Drama
244,513,3,6.61,61767,131,2000,136.1,Comedy
244,629,5,2.92,25536,86,2006,38.19,Drama
244,999,3,8.28,84936,85,2018,272.14,Action
244,617,2,1.11,20931,87,2000,352.44,Horror
244,198,1,5.48,634,116,2005,116.52,Drama
244,306,1,1.26,89051,145,2001,59.32,Action
244,850,5,9.11,36762,151,2022,196.11,Drama
244,211,3,5.02,71522,113,2019,74.05,Drama
244,320,1,7.79,29293,110,2019,78.23,Drama
244,977,5,1.2,8624,158,2012,17.31,Comedy
244,686,1,5.91,17006,107,2017,151.41,Comedy
244,262,1,9.88,50514,92,2019,199.89,Horror
244,667,1,3.84,82538,112,2005,458.45,Sci-Fi
244,220,3,5.14,6131,113,2016,137.22,Horror
245,560,1,2.3,12617,158,2014,325.81,Sci-Fi
245,979,4,7.16,22343,121,2012,487.1,Horror
245,413,4,4.66,93265,156,2020,449.83,Sci-Fi
245,279,4,4.42,33539,119,2021,320.6,Horror
245,562,4,1.58,17100,131,2012,43.32,Action
245,8,2,5.75,18558,176,2004,113.77,Sci-Fi
245,496,3,4.78,69787,146,2020,187.73,Comedy
245,93,4,3.83,80292,156,2015,472.0,Horror
246,897,2,4.21,86179,165,2000,13.44,Comedy
246,461,3,3.34,48242,133,2014,17.23,Action
246,174,3,5.67,75593,114,2017,326.12,Horror
246,865,2,9.02,18913,142,2002,369.68,Action
246,557,3,5.15,56083,111,2009,100.4,Drama
246,982,4,6.91,85155,178,2012,61.74,Horror
246,532,4,7.05,17506,100,2018,211.6,Action
246,930,1,8.36,69428,81,2000,443.81,Horror
246,891,3,5.56,57951,160,2018,149.83,Action
246,193,3,3.3,39372,147,2006,128.91,Horror
246,71,4,1.12,66196,149,2018,182.55,Horror
246,626,1,5.42,73753,134,2018,132.26,Drama
246,16,2,1.79,79126,83,2002,411.19,Sci-Fi
247,499,3,5.27,84037,170,2018,328.66,Comedy
247,721,4,6.73,95594,151,2019,464.09,Action
247,875,3,8.37,15013,135,2012,181.81,Action
247,35,4,6.36,30140,157,2002,115.88,Action
247,72,3,2.36,73204,135,2012,70.55,Horror
247,542,1,4.59,68455,81,2000,217.18,Drama
247,319,4,3.18,73807,104,2006,95.39,Drama
247,896,3,3.19,73721,178,2014,235.73,Drama
247,297,2,3.31,61997,155,2010,446.15,Horror
248,4,5,1.13,37539,166,2020,391.75,Action
248,736,4,2.36,37181,94,2005,480.94,Action
248,836,4,7.12,27441,162,2006,284.32,Sci-Fi
248,148,4,9.88,81316,167,2016,274.2,Drama
248,154,1,4.91,10769,138,2010,341.07,Sci-Fi
248,241,2,1.7,33378,98,2004,176.64,Action
248,146,2,4.53,69804,119,2022,467.07,Sci-Fi
248,528,3,3.52,72319,102,2008,63.43,Drama
248,586,2,5.71,39977,170,2015,371.14,Comedy
248,454,1,6.53,12450,158,2022,49.48,Horror
248,255,1,9.75,86396,163,2003,55.95,Horror
248,963,1,9.42,29251,139,2010,450.39,Action
248,921,2,6.43,84191,80,2000,96.05,Horror
248,451,5,8.76,98049,146,2024,61.43,Sci-Fi
248,793,2,7.83,10542,177,2012,482.9,Action
248,302,3,9.9,2104,155,2015,496.71,Action
248,232,2,5.07,37648,97,2012,416.63,Sci-Fi
248,880,3,5.08,14236,166,2020,164.15,Horror
248,648,2,8.4,73521,98,2014,446.14,Comedy
248,630,5,6.84,58001,91,2001,18.58,Drama
249,311,2,7.15,39798,91,2022,224.9,Comedy
249,44,5,1.45,18008,160,2001,264.4,Comedy
249,64,4,4.12,60444,102,2004,114.31,Horror
249,698,5,3.09,17021,141,2011,406.81,Action
249,707,2,2.68,70948,95,2000,364.15,Comedy
249,203,1,6.03,13869,162,2024,467.76,Horror
249,332,4,4.79,63329,165,2008,16.06,Sci-Fi
249,326,1,5.09,3775,153,2005,315.78,Drama
249,632,5,8.85,29726,169,2015,1.64,Action
249,916,5,9.44,12241,176,2024,87.09,Horror
249,787,4,1.23,43591,152,2002,206.56,Comedy
249,114,2,1.86,32342,105,2023,4.8,Action
249,476,5,6.41,74520,151,2014,269.98,Comedy
249,645,1,8.38,32065,152,2009,437.18,Horror
249,511,3,5.35,16669,159,2000,127.75,Horror
249,387,2,3.97,44396,154,2004,362.01,Comedy
249,843,5,3.65,2925,157,2003,279.3,Comedy
249,243,4,4.15,27887,163,2000,497.35,Comedy
249,697,4,7.12,26673,81,2009,125.34,Horror
250,535,1,1.38,99982,139,2020,420.54,Sci-Fi
250,613,4,7.73,74123,172,2009,285.11,Horror
250,914,4,3.88,35491,137,2013,470.66,Comedy
250,966,3,9.41,22447,82,2013,401.31,Comedy
250,87,3,8.35,72060,124,2009,181.4,Horror
250,413,4,4.66,93265,156,2020,449.83,Sci-Fi
250,996,5,7.17,42251,177,2010,166.47,Sci-Fi
250,663,1,2.24,90467,147,2016,410.22,Drama
250,340,1,4.09,85272,119,2002,464.82,Horror
250,112,2,8.58,42298,145,2024,255.56,Horror
250,94,2,6.86,71778,131,2014,490.37,Drama
250,249,4,6.63,23671,132,2009,280.56,Comedy
250,67,3,6.61,86508,180,2003,493.47,Comedy
250,130,2,8.9,23520,152,2013,44.64,Sci-Fi
250,436,1,9.03,10031,89,2004,428.41,Horror
250,236,3,6.31,26562,136,2018,371.21,Sci-Fi
250,92,2,7.41,41646,169,2025,190.39,Comedy
250,404,4,3.47,22306,162,2012,417.09,Sci-Fi
250,426,1,1.78,4981,168,2008,255.41,Comedy
250,728,4,9.13,15706,102,2009,327.08,Action
251,48,3,7.57,12482,176,2013,254.76,Sci-Fi
251,544,4,2.53,35259,127,2008,83.19,Sci-Fi
251,822,1,5.99,68188,172,2025,239.07,Comedy
251,636,4,6.24,52730,142,2000,232.06,Sci-Fi
251,64,3,4.12,60444,102,2004,114.31,Horror
251,849,4,7.56,75342,169,2008,232.82,Horror
251,611,5,1.6,32205,114,2004,246.52,Action
251,468,4,5.48,47993,148,2022,124.79,Horror
251,4,3,1.13,37539,166,2020,391.75,Action
251,414,2,4.99,99295,112,2024,488.92,Drama
251,862,2,8.6,54386,162,2014,4.9,Drama
251,271,3,2.31,52133,119,2001,461.05,Drama
251,835,1,2.66,70480,96,2007,158.45,Sci-Fi
251,120,5,3.19,75376,138,2001,408.56,Sci-Fi
252,496,3,4.78,69787,146,2020,187.73,Comedy
252,672,5,2.7,40024,148,2011,452.93,Drama
252,123,3,1.68,78173,93,2017,318.79,Comedy
252,905,2,1.53,22375,95,2009,373.34,Action
252,552,3,7.04,92587,151,2017,354.57,Sci-Fi
252,971,5,4.99,32952,132,2004,180.09,Drama
252,766,1,1.61,83972,148,2024,33.57,Action
252,283,4,9.25,81511,101,2018,427.32,Action
252,531,4,6.18,56109,161,2010,198.33,Drama
252,933,4,6.97,84340,141,2009,102.59,Comedy
252,923,2,3.54,86445,110,2015,398.82,Comedy
252,956,2,8.78,19852,97,2007,495.78,Sci-Fi
252,600,5,7.22,98609,140,2004,369.68,Drama
252,739,3,7.65,71044,133,2009,323.69,Sci-Fi
252,458,5,6.05,71201,123,2013,162.74,Horror
252,118,1,2.66,26085,95,2014,446.75,Comedy
252,167,3,3.62,96326,116,2019,426.05,Drama
252,451,3,8.76,98049,146,2024,61.43,Sci-Fi
252,801,4,4.32,7291,88,2011,33.9,Action
253,434,1,4.37,18704,139,2014,412.15,Horror
253,337,3,6.94,46776,87,2003,266.51,Horror
253,605,5,3.9,35008,168,2011,420.72,Comedy
253,457,4,2.41,64071,111,2010,55.8,Action
253,466,2,2.77,57353,91,2009,339.74,Comedy
253,750,5,3.65,97999,153,2023,56.78,Drama
253,100,1,9.2,23024,177,2009,4.28,Sci-Fi
253,344,3,6.93,31645,116,2020,407.34,Comedy
253,200,2,3.82,90946,107,2006,111.99,Drama
254,22,3,2.86,65286,133,2018,253.08,Action
254,515,3,4.55,13864,173,2010,74.73,Horror
254,916,4,9.44,12241,176,2024,87.09,Horror
254,407,5,5.15,2369,166,2018,282.96,Action
254,389,2,7.34,96328,145,2019,209.73,Horror
254,895,4,2.74,82117,167,2002,498.92,Horror
254,893,2,1.76,50909,116,2005,298.6,Horror
254,480,5,7.78,94156,162,2008,35.58,Drama
254,459,3,3.29,82262,107,2019,92.97,Sci-Fi
254,287,3,5.31,74630,175,2012,380.09,Horror
254,776,4,3.17,4806,177,2007,453.69,Action
254,396,4,8.31,82834,121,2004,168.25,Horror
254,507,4,4.68,67944,81,2025,429.68,Sci-Fi
254,132,2,5.7,50657,135,2016,423.62,Comedy
254,397,2,9.22,52584,167,2002,33.48,Horror
255,997,5,9.38,45004,167,2019,423.27,Sci-Fi
255,434,2,4.37,18704,139,2014,412.15,Horror
255,205,5,9.25,3989,125,2005,38.39,Sci-Fi
255,802,1,1.21,26630,178,2003,140.79,Horror
255,620,1,1.09,43077,168,2002,398.58,Action
255,761,4,7.47,26346,113,2016,332.03,Horror
255,60,4,5.59,7891,162,2009,340.93,Drama
255,679,5,4.63,87477,120,2000,390.95,Action
255,727,2,9.93,54137,167,2016,414.73,Action
255,468,1,5.48,47993,148,2022,124.79,Horror
255,228,4,4.13,72068,106,2020,98.28,Drama
255,183,5,2.01,26813,176,2013,32.19,Horror
255,258,3,1.43,55821,102,2001,95.64,Comedy
255,687,3,4.46,73322,149,2015,35.45,Horror
256,521,5,8.21,62102,103,2018,67.46,Horror
256,919,4,7.5,53999,107,2022,211.99,Drama
256,613,1,7.73,74123,172,2009,285.11,Horror
256,25,1,4.03,68555,139,2021,344.84,Drama
256,41,4,1.06,39158,101,2003,321.63,Action
256,874,1,1.85,74870,164,2015,265.44,Horror
256,984,5,3.31,32539,144,2014,276.9,Comedy
256,517,4,3.92,47511,179,2000,303.48,Comedy
256,742,1,4.87,1175,99,2005,29.68,Horror
256,982,5,6.91,85155,178,2012,61.74,Horror
256,528,4,3.52,72319,102,2008,63.43,Drama
256,413,1,4.66,93265,156,2020,449.83,Sci-Fi
257,386,5,8.75,97941,155,2013,486.2,Comedy
257,160,3,3.04,35728,99,2006,6.23,Horror
257,926,2,6.39,99087,114,2006,284.67,Drama
257,755,2,6.36,44297,133,2002,68.33,Action
257,568,3,7.79,9589,128,2001,454.36,Drama
257,729,5,7.49,80041,144,2009,373.29,Sci-Fi
257,102,1,5.07,440,83,2010,255.18,Comedy
257,637,4,5.57,1380,113,2002,458.39,Horror
257,447,5,4.62,46222,125,2014,357.93,Action
257,738,2,7.14,30548,106,2008,374.07,Comedy
257,849,2,7.56,75342,169,2008,232.82,Horror
257,159,3,8.22,42088,158,2023,52.03,Comedy
257,248,5,3.57,78249,118,2010,443.37,Action
257,46,2,7.67,91008,92,2002,477.3,Action
258,441,1,3.26,60167,144,2022,82.31,Horror
258,144,1,9.05,60297,99,2003,475.81,Horror
258,855,1,4.31,36642,164,2009,135.3,Horror
258,113,3,3.3,73085,179,2000,154.46,Sci-Fi
258,240,2,5.51,11885,168,2011,429.9,Sci-Fi
259,361,4,2.98,36499,160,2010,127.14,Action
259,194,1,8.8,44337,180,2004,164.3,Action
259,286,3,5.63,83291,162,2002,259.86,Sci-Fi
259,833,5,9.64,89226,83,2018,438.4,Sci-Fi
259,724,5,1.82,19709,100,2017,84.17,Drama
259,301,5,3.93,69620,165,2013,483.47,Horror
259,567,1,5.24,41558,144,2022,489.96,Horror
259,163,5,8.25,23602,107,2020,307.57,Action
259,496,2,4.78,69787,146,2020,187.73,Comedy
259,804,5,9.23,70128,89,2002,232.0,Horror
259,38,2,8.86,24712,151,2003,461.24,Action
259,92,5,7.41,41646,169,2025,190.39,Comedy
259,907,1,3.67,44489,134,2018,242.36,Sci-Fi
259,296,3,3.27,38068,127,2015,327.52,Action
259,391,5,8.09,88110,113,2017,166.22,Action
259,879,1,9.51,4225,170,2022,149.09,Comedy
259,744,1,7.7,30842,173,2013,490.92,Horror
259,549,4,7.37,17345,118,2011,447.54,Comedy
260,239,5,8.65,18205,176,2009,88.13,Horror
260,151,2,2.27,67558,150,2021,324.07,Drama
260,966,5,9.41,22447,82,2013,401.31,Comedy
260,899,4,2.65,5209,105,2023,280.34,Comedy
260,836,1,7.12,27441,162,2006,284.32,Sci-Fi
260,712,3,4.19,67136,153,2017,66.92,Sci-Fi
260,808,3,7.05,23281,134,2019,311.76,Comedy
260,637,4,5.57,1380,113,2002,458.39,Horror
260,334,5,1.09,32623,145,2024,252.54,Sci-Fi
260,78,2,3.55,51420,95,2020,198.44,Horror
260,112,2,8.58,42298,145,2024,255.56,Horror
261,463,5,4.05,43827,152,2024,205.66,Action
261,142,5,5.21,45471,129,2018,295.35,Action
261,793,1,7.83,10542,177,2012,482.9,Action
261,542,4,4.59,68455,81,2000,217.18,Drama
261,717,1,4.95,64875,130,2000,188.24,Comedy
261,253,3,3.19,48607,161,2005,480.77,Horror
261,601,4,7.27,89309,123,2008,225.62,Horror
261,771,2,6.82,69570,113,2002,370.97,Action
261,83,4,9.0,45454,173,2017,113.02,Sci-Fi
261,940,2,2.13,61163,116,2019,101.56,Action
261,972,2,4.82,99936,122,2008,121.31,Sci-Fi
261,719,2,5.4,24263,125,2003,170.92,Sci-Fi
261,983,2,3.16,23207,85,2017,115.96,Comedy
261,797,3,3.84,80631,157,2012,353.45,Horror
261,847,5,8.69,78973,107,2011,303.53,Action
262,633,3,5.7,71329,123,2024,448.39,Horror
262,875,5,8.37,15013,135,2012,181.81,Action
262,836,2,7.12,27441,162,2006,284.32,Sci-Fi
262,933,1,6.97,84340,141,2009,102.59,Comedy
262,34,4,1.94,93098,176,2011,391.48,Horror
262,363,1,5.74,10936,118,2019,498.35,Drama
263,595,1,3.88,14438,130,2015,424.95,Horror
263,766,2,1.61,83972,148,2024,33.57,Action
263,528,4,3.52,72319,102,2008,63.43,Drama
263,643,5,9.71,10431,88,2018,142.45,Horror
263,812,2,8.43,56127,131,2008,146.46,Horror
263,226,3,1.94,59250,84,2010,8.84,Horror
263,982,3,6.91,85155,178,2012,61.74,Horror
263,861,3,1.24,78417,97,2001,270.55,Action
263,553,2,8.31,2505,170,2001,97.02,Horror
264,143,2,9.16,86016,98,2024,375.78,Sci-Fi
264,787,3,1.23,43591,152,2002,206.56,Comedy
264,891,1,5.56,57951,160,2018,149.83,Action
264,883,2,2.88,44764,108,2001,338.12,Comedy
264,363,5,5.74,10936,118,2019,498.35,Drama
264,518,2,3.53,62771,174,2011,340.87,Action
264,30,2,5.22,27809,167,2006,142.13,Horror
264,108,1,3.76,50110,107,2006,308.63,Comedy
264,413,5,4.66,93265,156,2020,449.83,Sci-Fi
264,562,1,1.58,17100,131,2012,43.32,Action
264,697,3,7.12,26673,81,2009,125.34,Horror
264,844,1,4.51,31995,137,2023,16.2,Drama
264,193,3,3.3,39372,147,2006,128.91,Horror
264,631,1,1.11,7599,136,2011,211.9,Drama
264,509,1,9.2,38901,127,2015,151.15,Drama
264,699,5,3.73,36279,131,2011,124.53,Sci-Fi
264,688,3,8.08,66761,177,2016,257.66,Action
264,173,1,3.94,71439,112,2017,139.2,Drama
264,497,3,1.15,19039,139,2002,120.55,Drama
265,584,5,8.66,43670,167,2017,93.68,Action
265,848,4,6.22,38911,150,2014,260.7,Action
265,523,5,8.4,5989,107,2004,281.78,Action
265,512,3,7.51,64447,164,2017,468.67,Drama
265,773,5,7.88,57203,176,2012,394.42,Action
265,331,5,5.81,64265,92,2004,277.0,Comedy
265,198,3,5.48,634,116,2005,116.52,Drama
266,103,3,9.8,92693,159,2003,444.24,Horror
266,263,3,1.24,20166,171,2012,60.33,Sci-Fi
266,497,2,1.15,19039,139,2002,120.55,Drama
266,476,5,6.41,74520,151,2014,269.98,Comedy
266,460,4,4.41,55921,174,2019,123.11,Comedy
266,492,4,5.37,49812,96,2024,298.23,Horror
266,116,3,5.35,71734,87,2018,199.33,Comedy
266,185,2,7.79,89483,140,2002,65.44,Action
266,148,1,9.88,81316,167,2016,274.2,Drama
266,525,4,4.03,40334,118,2001,363.22,Action
266,212,2,4.75,12534,100,2007,240.29,Drama
266,891,2,5.56,57951,160,2018,149.83,Action
266,828,3,6.43,56744,163,2007,324.25,Horror
266,816,5,7.94,40594,165,2009,49.88,Action
266,748,5,8.77,36521,95,2009,446.46,Sci-Fi
266,993,1,5.11,69113,139,2011,221.36,Drama
266,313,3,4.52,70842,89,2015,82.29,Drama
266,499,1,5.27,84037,170,2018,328.66,Comedy
266,516,4,1.58,31126,137,2015,245.98,Sci-Fi
266,63,5,1.1,8094,146,2015,432.69,Action
267,941,3,6.69,41364,121,2002,120.68,Horror
267,928,2,6.27,4593,133,2006,352.48,Sci-Fi
267,850,3,9.11,36762,151,2022,196.11,Drama
267,663,3,2.24,90467,147,2016,410.22,Drama
267,570,1,1.08,11746,102,2012,338.45,Sci-Fi
267,948,3,7.35,33766,158,2025,53.46,Sci-Fi
267,986,5,9.95,50646,158,2017,440.95,Action
267,769,4,5.47,22660,123,2003,336.15,Sci-Fi
267,419,1,1.15,99453,80,2011,182.7,Action
267,465,3,6.61,27650,177,2009,65.4,Action
267,731,2,1.68,90075,140,2010,472.1,Comedy
267,907,5,3.67,44489,134,2018,242.36,Sci-Fi
267,429,2,5.87,56039,95,2013,253.5,Sci-Fi
267,749,3,1.16,45327,139,2000,467.85,Comedy
267,424,5,6.27,26185,95,2016,155.34,Comedy
267,649,3,9.26,80946,127,2016,49.9,Comedy
268,823,2,2.18,43954,94,2001,418.85,Sci-Fi
268,892,1,5.64,32894,167,2011,337.23,Horror
268,671,1,1.82,12733,143,2018,287.42,Horror
268,592,4,6.0,65571,90,2014,410.55,Drama
268,917,4,9.56,96958,106,2013,157.11,Comedy
268,677,3,6.88,43538,175,2014,81.17,Action
268,443,4,3.95,11806,143,2008,428.8,Comedy
268,989,1,3.55,2095,95,2023,189.17,Horror
268,763,2,1.13,89973,172,2022,425.05,Drama
268,131,2,9.46,35844,151,2000,314.03,Drama
268,275,3,9.93,19551,158,2001,265.96,Sci-Fi
268,148,3,9.88,81316,167,2016,274.2,Drama
269,718,1,2.52,41871,103,2006,162.38,Drama
269,13,4,9.33,81747,121,2015,234.07,Comedy
269,778,5,6.5,59642,175,2005,479.96,Comedy
269,213,4,9.87,43394,93,2015,56.13,Action
269,223,3,3.85,57509,166,2013,246.16,Horror
269,508,2,4.84,42748,96,2003,306.23,Sci-Fi
269,736,2,2.36,37181,94,2005,480.94,Action
269,966,3,9.41,22447,82,2013,401.31,Comedy
270,647,5,9.36,33176,93,2025,125.85,Sci-Fi
270,105,3,8.73,76162,147,2021,138.89,Comedy
270,689,2,5.58,27678,165,2019,112.84,Sci-Fi
270,707,4,2.68,70948,95,2000,364.15,Comedy
270,541,4,4.11,31857,153,2021,210.57,Comedy
270,510,1,8.95,25384,83,2023,69.73,Comedy
270,450,4,8.4,92540,93,2004,350.68,Drama
270,922,1,8.42,89513,139,2014,395.33,Sci-Fi
270,552,3,7.04,92587,151,2017,354.57,Sci-Fi
270,169,4,6.56,46778,162,2015,236.13,Drama
270,869,3,2.31,70416,133,2016,268.57,Horror
270,781,1,6.06,5805,174,2025,175.6,Drama
271,697,3,7.12,26673,81,2009,125.34,Horror
271,587,5,1.65,98381,165,2009,467.62,Drama
271,46,1,7.67,91008,92,2002,477.3,Action
271,762,3,4.43,95947,91,2025,266.09,Comedy
271,557,4,5.15,56083,111,2009,100.4,Drama
271,341,4,7.42,12879,86,2002,458.64,Comedy
271,433,1,2.53,65278,138,2019,121.69,Comedy
271,353,3,6.72,27067,139,2016,172.24,Sci-Fi
271,359,1,6.96,27567,136,2007,66.16,Comedy
271,749,4,1.16,45327,139,2000,467.85,Comedy
271,993,1,5.11,69113,139,2011,221.36,Drama
271,303,3,9.25,60116,98,2018,495.39,Drama
271,402,1,8.44,7134,156,2016,263.41,Comedy
271,243,5,4.15,27887,163,2000,497.35,Comedy
271,236,3,6.31,26562,136,2018,371.21,Sci-Fi
271,404,1,3.47,22306,162,2012,417.09,Sci-Fi
272,507,1,4.68,67944,81,2025,429.68,Sci-Fi
272,236,5,6.31,26562,136,2018,371.21,Sci-Fi
272,768,3,6.09,18329,109,2005,84.66,Comedy
272,147,4,5.83,89198,86,2004,87.22,Drama
272,442,5,5.96,46466,170,2022,317.54,Horror
272,447,5,4.62,46222,125,2014,357.93,Action
272,263,1,1.24,20166,171,2012,60.33,Sci-Fi
272,134,4,6.29,50767,134,2010,393.46,Drama
272,850,1,9.11,36762,151,2022,196.11,Drama
272,245,3,7.74,63538,85,2018,361.44,Action
272,617,3,1.11,20931,87,2000,352.44,Horror
272,215,3,1.32,3654,169,2025,16.63,Drama
272,933,5,6.97,84340,141,2009,102.59,Comedy
272,852,5,4.3,98101,110,2011,498.22,Comedy
272,757,1,1.78,79722,81,2016,125.35,Action
272,353,5,6.72,27067,139,2016,172.24,Sci-Fi
272,886,5,9.0,91032,161,2004,169.72,Sci-Fi
272,241,1,1.7,33378,98,2004,176.64,Action
272,300,2,3.78,10236,174,2020,347.12,Action
272,490,1,8.15,60011,115,2000,73.26,Sci-Fi
273,395,2,4.83,82972,113,2024,220.74,Action
273,901,2,9.14,58728,86,2012,283.54,Horror
273,369,4,9.69,63113,173,2011,128.78,Horror
273,331,3,5.81,64265,92,2004,277.0,Comedy
273,593,1,4.11,17141,171,2013,27.47,Sci-Fi
273,589,1,8.47,79861,120,2024,256.43,Sci-Fi
273,915,4,8.72,18791,156,2024,397.31,Drama
273,17,5,5.97,12935,115,2001,494.22,Action
273,705,5,6.14,81261,120,2016,86.04,Sci-Fi
273,857,2,6.37,56372,159,2022,241.98,Drama
273,638,3,9.88,47522,129,2006,151.73,Comedy
273,624,5,3.2,41552,153,2012,243.27,Horror
273,9,3,2.75,57485,179,2024,397.22,Comedy
273,438,3,7.36,17478,121,2007,235.5,Comedy
273,460,3,4.41,55921,174,2019,123.11,Comedy
273,706,2,5.66,94977,89,2013,470.36,Horror
273,670,5,7.18,64496,122,2019,408.96,Drama
273,7,1,6.06,54592,161,2018,431.3,Action
273,180,3,5.32,6140,96,2010,165.88,Sci-Fi
274,675,1,2.99,9535,153,2009,485.84,Drama
274,785,5,1.42,88806,96,2007,70.11,Comedy
274,763,2,1.13,89973,172,2022,425.05,Drama
274,228,2,4.13,72068,106,2020,98.28,Drama
274,507,1,4.68,67944,81,2025,429.68,Sci-Fi
274,903,1,1.94,81926,135,2005,421.75,Sci-Fi
274,892,3,5.64,32894,167,2011,337.23,Horror
274,895,2,2.74,82117,167,2002,498.92,Horror
274,110,1,6.9,44047,102,2005,441.28,Sci-Fi
274,487,1,9.1,53389,118,2015,167.61,Sci-Fi
274,42,5,3.36,15816,100,2015,385.27,Action
274,907,3,3.67,44489,134,2018,242.36,Sci-Fi
274,92,5,7.41,41646,169,2025,190.39,Comedy
274,836,3,7.12,27441,162,2006,284.32,Sci-Fi
274,11,5,9.67,42303,136,2014,203.92,Drama
274,108,5,3.76,50110,107,2006,308.63,Comedy
274,424,1,6.27,26185,95,2016,155.34,Comedy
274,780,3,9.01,83260,92,2011,325.55,Horror
274,913,5,2.82,61811,138,2023,482.49,Horror
275,280,3,7.51,53033,97,2016,303.32,Sci-Fi
275,956,3,8.78,19852,97,2007,495.78,Sci-Fi
275,90,1,1.27,40203,160,2009,455.96,Action
275,333,2,7.58,70874,154,2014,399.59,Action
275,348,2,8.25,74900,107,2016,249.14,Drama
275,808,1,7.05,23281,134,2019,311.76,Comedy
275,968,1,6.05,82673,123,2022,225.15,Action
275,267,5,4.15,80297,128,2016,291.96,Drama
275,473,5,4.16,30020,88,2019,432.07,Comedy
275,360,1,2.11,51949,174,2019,419.99,Comedy
276,322,3,1.32,40061,107,2011,460.36,Action
276,270,3,1.06,63500,110,2019,307.45,Comedy
276,116,4,5.35,71734,87,2018,199.33,Comedy
276,238,2,5.89,83992,180,2022,8.94,Drama
276,758,3,7.8,26077,125,2001,402.33,Horror
276,667,2,3.84,82538,112,2005,458.45,Sci-Fi
276,815,3,8.24,90909,86,2007,400.91,Horror
276,666,1,6.86,59527,80,2013,164.19,Drama
276,773,4,7.88,57203,176,2012,394.42,Action
277,441,4,3.26,60167,144,2022,82.31,Horror
277,169,1,6.56,46778,162,2015,236.13,Drama
277,934,1,1.07,53410,98,2000,361.76,Action
277,416,3,5.99,59355,86,2016,340.03,Drama
277,27,3,5.55,20440,90,2006,497.82,Comedy
277,950,1,5.09,74106,122,2020,396.98,Drama
277,585,1,2.85,11672,83,2001,77.16,Horror
277,214,5,1.29,30380,109,2018,63.67,Horror
277,618,4,2.15,24619,163,2024,24.27,Action
277,14,2,3.85,87855,82,2019,165.71,Drama
277,904,4,6.3,2322,147,2017,180.08,Action
277,941,1,6.69,41364,121,2002,120.68,Horror
278,935,4,8.94,64847,104,2002,184.65,Sci-Fi
278,739,2,7.65,71044,133,2009,323.69,Sci-Fi
278,536,5,4.21,4145,106,2002,261.44,Drama
278,324,3,6.6,31955,124,2018,31.98,Action
278,459,1,3.29,82262,107,2019,92.97,Sci-Fi
279,258,1,1.43,55821,102,2001,95.64,Comedy
279,844,5,4.51,31995,137,2023,16.2,Drama
279,62,2,6.57,4296,88,2009,337.48,Comedy
279,787,4,1.23,43591,152,2002,206.56,Comedy
279,304,2,4.82,65425,99,2004,433.65,Horror
279,598,4,1.99,2634,81,2006,415.53,Sci-Fi
279,754,3,5.08,28794,118,2019,217.48,Horror
279,30,1,5.22,27809,167,2006,142.13,Horror
279,659,5,1.53,60110,103,2024,408.18,Action
279,388,2,6.85,56306,147,2024,208.52,Comedy
279,391,1,8.09,88110,113,2017,166.22,Action
279,974,2,6.02,67474,176,2017,455.13,Comedy
279,405,3,9.94,79758,127,2023,450.76,Action
279,464,4,2.98,85928,178,2023,356.33,Action
279,54,3,7.21,56948,161,2013,220.28,Horror
280,166,2,2.83,912,139,2004,359.99,Comedy
280,389,2,7.34,96328,145,2019,209.73,Horror
280,619,1,1.07,25084,143,2009,96.54,Comedy
280,270,3,1.06,63500,110,2019,307.45,Comedy
280,91,2,2.36,32471,100,2025,97.26,Horror
280,881,4,8.72,22888,114,2015,257.8,Horror
280,492,1,5.37,49812,96,2024,298.23,Horror
280,856,5,1.57,45832,110,2000,241.71,Comedy
280,870,2,7.6,16428,119,2011,8.27,Drama
280,694,5,1.06,73142,168,2021,313.93,Horror
280,202,1,3.0,25873,144,2023,208.88,Action
280,950,3,5.09,74106,122,2020,396.98,Drama
280,748,4,8.77,36521,95,2009,446.46,Sci-Fi
280,669,4,8.27,74828,139,2020,76.19,Drama
280,943,4,8.26,9914,176,2023,28.99,Action
281,888,1,2.16,64533,177,2008,276.93,Comedy
281,680,3,2.96,71122,133,2014,404.31,Comedy
281,760,4,4.29,37897,138,2021,351.74,Comedy
281,194,2,8.8,44337,180,2004,164.3,Action
281,314,1,3.61,71587,106,2011,312.95,Action
281,390,1,9.22,91305,118,2020,59.42,Sci-Fi
281,25,1,4.03,68555,139,2021,344.84,Drama
281,673,1,1.01,24127,100,2019,247.96,Sci-Fi
281,47,5,9.96,63782,175,2021,397.34,Action
281,966,2,9.41,22447,82,2013,401.31,Comedy
281,488,3,2.22,53472,123,2024,160.58,Action
281,657,5,3.61,66040,95,2006,390.07,Sci-Fi
282,144,2,9.05,60297,99,2003,475.81,Horror
282,259,2,9.99,10868,132,2005,364.34,Drama
282,653,2,1.37,18636,115,2013,385.98,Drama
282,652,1,1.86,90366,91,2005,157.31,Drama
282,750,4,3.65,97999,153,2023,56.78,Drama
282,350,5,9.0,29125,91,2014,241.7,Horror
282,204,5,2.92,2495,120,2002,290.58,Sci-Fi
282,73,1,2.77,77415,110,2003,181.86,Comedy
282,461,5,3.34,48242,133,2014,17.23,Action
282,338,3,1.33,82969,88,2004,94.46,Comedy
282,202,4,3.0,25873,144,2023,208.88,Action
282,86,5,8.59,23654,105,2010,341.58,Action
283,956,1,8.78,19852,97,2007,495.78,Sci-Fi
283,531,3,6.18,56109,161,2010,198.33,Drama
283,79,4,3.6,58314,106,2008,432.1,Horror
283,818,5,3.0,64087,165,2010,361.27,Action
283,993,5,5.11,69113,139,2011,221.36,Drama
283,546,1,9.88,72294,168,2011,20.67,Drama
283,208,1,2.69,60937,139,2023,220.15,Drama
283,985,1,3.33,36786,156,2000,268.77,Comedy
283,978,5,9.93,23235,175,2015,460.74,Sci-Fi
283,807,4,3.11,80643,89,2000,463.71,Action
283,301,3,3.93,69620,165,2013,483.47,Horror
283,806,2,3.5,38984,139,2011,323.01,Sci-Fi
283,115,2,1.77,77559,147,2006,365.07,Comedy
283,265,1,4.25,20866,142,2024,155.31,Horror
283,182,3,3.09,92147,88,2009,434.23,Action
284,791,4,6.39,59649,132,2023,470.8,Action
284,746,1,8.82,81051,114,2004,283.12,Sci-Fi
284,961,3,8.74,4618,138,2016,447.99,Sci-Fi
284,312,5,9.75,44565,114,2021,309.8,Sci-Fi
284,617,1,1.11,20931,87,2000,352.44,Horror
284,60,3,5.59,7891,162,2009,340.93,Drama
284,550,2,4.42,2162,118,2024,428.65,Drama
284,877,1,2.53,5464,151,2001,4.24,Drama
284,196,2,4.53,15059,132,2020,7.01,Horror
284,366,2,5.02,45869,173,2002,446.23,Action
284,414,5,4.99,99295,112,2024,488.92,Drama
284,773,4,7.88,57203,176,2012,394.42,Action
284,8,3,5.75,18558,176,2004,113.77,Sci-Fi
284,261,2,3.66,7319,144,2015,465.0,Comedy
285,560,1,2.3,12617,158,2014,325.81,Sci-Fi
285,474,1,6.72,44352,124,2023,464.66,Drama
285,951,4,7.82,43204,164,2013,495.29,Action
285,441,1,3.26,60167,144,2022,82.31,Horror
285,702,3,6.32,42434,107,2023,97.37,Drama
285,242,5,7.68,17618,137,2016,233.71,Drama
285,676,1,3.26,10833,108,2008,414.41,Sci-Fi
285,157,1,8.1,11643,127,2007,155.52,Comedy
285,990,5,3.02,58840,108,2005,307.53,Comedy
285,456,5,6.3,42470,106,2015,15.1,Drama
286,264,4,7.25,90024,177,2006,290.93,Sci-Fi
286,624,4,3.2,41552,153,2012,243.27,Horror
286,880,5,5.08,14236,166,2020,164.15,Horror
286,719,2,5.4,24263,125,2003,170.92,Sci-Fi
286,146,2,4.53,69804,119,2022,467.07,Sci-Fi
286,843,5,3.65,2925,157,2003,279.3,Comedy
286,63,3,1.1,8094,146,2015,432.69,Action
287,34,4,1.94,93098,176,2011,391.48,Horror
287,569,1,5.28,80792,104,2008,20.41,Drama
287,772,1,7.87,41799,83,2025,86.38,Drama
287,978,5,9.93,23235,175,2015,460.74,Sci-Fi
287,870,5,7.6,16428,119,2011,8.27,Drama
287,270,5,1.06,63500,110,2019,307.45,Comedy
287,347,3,8.29,59456,171,2014,321.46,Horror
287,137,5,2.34,5619,100,2011,307.38,Drama
288,772,1,7.87,41799,83,2025,86.38,Drama
288,71,2,1.12,66196,149,2018,182.55,Horror
288,735,2,8.23,97692,123,2024,165.03,Drama
288,571,5,5.72,95304,163,2014,115.56,Horror
288,141,5,9.05,6761,112,2016,375.22,Action
288,513,2,6.61,61767,131,2000,136.1,Comedy
288,192,1,4.69,95544,180,2024,146.0,Action
288,405,2,9.94,79758,127,2023,450.76,Action
288,505,3,3.75,73561,113,2020,122.21,Sci-Fi
288,489,4,7.02,42440,108,2015,482.79,Horror
288,941,3,6.69,41364,121,2002,120.68,Horror
288,992,5,1.69,8279,123,2002,306.26,Action
288,789,5,1.91,60846,172,2004,159.97,Horror
288,884,5,2.22,14701,157,2009,222.98,Comedy
288,324,2,6.6,31955,124,2018,31.98,Action
288,950,2,5.09,74106,122,2020,396.98,Drama
288,96,1,7.66,28997,104,2007,134.27,Comedy
289,146,2,4.53,69804,119,2022,467.07,Sci-Fi
289,588,5,8.13,47748,129,2023,101.31,Comedy
289,923,1,3.54,86445,110,2015,398.82,Comedy
289,41,3,1.06,39158,101,2003,321.63,Action
289,927,1,3.23,26566,147,2025,311.01,Comedy
290,114,5,1.86,32342,105,2023,4.8,Action
290,368,4,8.13,30318,120,2010,101.24,Horror
290,828,5,6.43,56744,163,2007,324.25,Horror
290,762,5,4.43,95947,91,2025,266.09,Comedy
290,696,2,1.89,26495,98,2001,449.03,Comedy
290,848,2,6.22,38911,150,2014,260.7,Action
290,576,2,7.95,10171,90,2014,353.27,Drama
290,530,5,6.61,64206,170,2004,175.97,Action
291,221,5,6.09,5342,82,2024,23.29,Comedy
291,742,3,4.87,1175,99,2005,29.68,Horror
291,306,3,1.26,89051,145,2001,59.32,Action
291,269,2,5.97,87306,163,2013,94.78,Comedy
291,128,3,1.19,18008,84,2017,488.75,Action
291,54,4,7.21,56948,161,2013,220.28,Horror
291,912,2,7.78,40795,118,2019,171.16,Drama
291,65,2,7.17,91950,129,2008,184.62,Comedy
291,34,2,1.94,93098,176,2011,391.48,Horror
292,51,4,4.71,26392,95,2018,389.54,Sci-Fi
292,917,5,9.56,96958,106,2013,157.11,Comedy
292,246,5,7.3,82488,100,2020,415.61,Drama
292,399,3,9.48,41081,113,2014,481.78,Drama
292,352,5,8.87,44665,90,2020,234.89,Horror
292,757,1,1.78,79722,81,2016,125.35,Action
292,177,2,8.6,1850,133,2016,435.45,Drama
292,682,3,9.85,31487,160,2008,46.38,Sci-Fi
293,265,5,4.25,20866,142,2024,155.31,Horror
293,27,3,5.55,20440,90,2006,497.82,Comedy
293,140,5,2.0,51404,108,2022,20.28,Horror
293,739,3,7.65,71044,133,2009,323.69,Sci-Fi
293,233,4,7.41,84108,123,2006,207.68,Comedy
294,293,4,8.18,60661,168,2013,433.2,Comedy
294,647,3,9.36,33176,93,2025,125.85,Sci-Fi
294,966,3,9.41,22447,82,2013,401.31,Comedy
294,143,4,9.16,86016,98,2024,375.78,Sci-Fi
294,816,4,7.94,40594,165,2009,49.88,Action
294,43,4,5.91,86088,102,2012,123.05,Horror
294,548,5,8.2,20271,168,2006,375.9,Comedy
294,478,3,7.33,79690,119,2013,227.92,Action
294,292,5,8.56,88144,155,2015,17.06,Sci-Fi
294,903,4,1.94,81926,135,2005,421.75,Sci-Fi
294,972,3,4.82,99936,122,2008,121.31,Sci-Fi
295,456,2,6.3,42470,106,2015,15.1,Drama
295,844,5,4.51,31995,137,2023,16.2,Drama
295,794,4,1.69,79594,178,2015,309.73,Drama
295,82,4,1.17,80722,136,2006,204.9,Drama
295,367,2,3.09,90522,145,2012,170.67,Horror
295,232,2,5.07,37648,97,2012,416.63,Sci-Fi
295,475,4,2.83,7034,93,2019,481.66,Horror
295,118,4,2.66,26085,95,2014,446.75,Comedy
295,903,1,1.94,81926,135,2005,421.75,Sci-Fi
295,689,3,5.58,27678,165,2019,112.84,Sci-Fi
295,56,2,7.84,40133,111,2013,406.83,Drama
295,538,3,7.53,30148,114,2020,114.76,Comedy
295,254,5,9.87,83211,96,2010,124.67,Horror
295,912,4,7.78,40795,118,2019,171.16,Drama
295,760,5,4.29,37897,138,2021,351.74,Comedy
295,500,2,1.95,87782,169,2008,484.75,Action
295,791,1,6.39,59649,132,2023,470.8,Action
295,737,1,5.21,84487,105,2005,118.14,Comedy
295,319,2,3.18,73807,104,2006,95.39,Drama
295,227,3,7.08,39839,107,2000,189.71,Comedy
296,349,2,9.49,7838,96,2014,473.2,Sci-Fi
296,39,5,9.34,24862,124,2023,234.75,Sci-Fi
296,269,5,5.97,87306,163,2013,94.78,Comedy
296,930,1,8.36,69428,81,2000,443.81,Horror
296,401,5,9.6,49419,100,2003,460.68,Action
296,95,1,8.2,52317,138,2012,96.37,Sci-Fi
296,32,3,8.56,33775,148,2012,331.43,Action
296,720,3,3.35,3362,87,2016,276.99,Drama
296,250,5,4.54,3706,140,2010,138.55,Action
296,810,1,6.74,92177,102,2006,8.07,Action
296,385,3,5.35,87970,124,2016,342.74,Horror
296,742,4,4.87,1175,99,2005,29.68,Horror
296,796,2,7.09,55245,129,2024,67.12,Horror
297,317,3,1.26,47758,147,2000,491.31,Action
297,829,4,8.73,97987,103,2008,153.07,Sci-Fi
297,457,2,2.41,64071,111,2010,55.8,Action
297,325,4,2.8,65662,163,2020,365.16,Drama
297,174,1,5.67,75593,114,2017,326.12,Horror
297,156,3,3.14,53338,84,2001,288.87,Drama
298,478,1,7.33,79690,119,2013,227.92,Action
298,198,2,5.48,634,116,2005,116.52,Drama
298,394,2,9.61,81472,156,2005,103.05,Comedy
298,71,1,1.12,66196,149,2018,182.55,Horror
298,821,3,8.49,22979,178,2017,212.43,Comedy
298,818,5,3.0,64087,165,2010,361.27,Action
298,543,1,3.53,78712,121,2018,151.25,Action
298,471,5,7.99,30085,146,2014,166.01,Horror
298,606,2,6.57,75987,151,2018,424.04,Sci-Fi
298,572,3,5.85,47602,80,2005,128.1,Action
298,920,5,6.59,95905,116,2024,446.71,Horror
298,199,1,5.67,24561,108,2004,321.3,Comedy
298,728,3,9.13,15706,102,2009,327.08,Action
298,483,5,9.11,71533,177,2010,150.06,Drama
298,144,5,9.05,60297,99,2003,475.81,Horror
299,12,5,5.08,40872,120,2023,266.45,Action
299,95,3,8.2,52317,138,2012,96.37,Sci-Fi
299,435,5,7.62,93493,113,2008,431.56,Action
299,279,4,4.42,33539,119,2021,320.6,Horror
299,722,1,1.99,59682,85,2007,469.31,Comedy
299,653,2,1.37,18636,115,2013,385.98,Drama
299,904,3,6.3,2322,147,2017,180.08,Action
299,150,2,4.74,53119,103,2019,138.6,Comedy
300,83,2,9.0,45454,173,2017,113.02,Sci-Fi
300,418,1,6.96,6023,135,2008,263.88,Horror
300,284,1,1.24,4404,150,2011,95.24,Sci-Fi
300,64,1,4.12,60444,102,2004,114.31,Horror
300,603,5,8.37,45849,147,2010,67.16,Horror
301,867,1,9.84,60774,97,2000,379.63,Horror
301,490,5,8.15,60011,115,2000,73.26,Sci-Fi
301,601,1,7.27,89309,123,2008,225.62,Horror
301,865,2,9.02,18913,142,2002,369.68,Action
301,554,5,2.8,89037,146,2004,450.94,Comedy
301,309,4,2.82,72774,174,2016,61.07,Sci-Fi
301,861,5,1.24,78417,97,2001,270.55,Action
301,560,5,2.3,12617,158,2014,325.81,Sci-Fi
301,441,1,3.26,60167,144,2022,82.31,Horror
301,13,5,9.33,81747,121,2015,234.07,Comedy
301,451,4,8.76,98049,146,2024,61.43,Sci-Fi
301,100,1,9.2,23024,177,2009,4.28,Sci-Fi
301,582,5,4.01,59881,142,2010,402.94,Action
301,407,3,5.15,2369,166,2018,282.96,Action
302,278,3,8.77,1239,119,2006,286.72,Action
302,151,1,2.27,67558,150,2021,324.07,Drama
302,224,3,7.09,26078,90,2006,176.0,Action
302,572,4,5.85,47602,80,2005,128.1,Action
302,946,2,6.69,56771,168,2022,405.12,Horror
303,974,4,6.02,67474,176,2017,455.13,Comedy
303,448,1,2.37,70071,109,2003,199.88,Sci-Fi
303,772,2,7.87,41799,83,2025,86.38,Drama
303,225,2,3.27,53496,173,2020,261.7,Comedy
303,383,1,3.15,95255,88,2005,167.8,Horror
303,457,3,2.41,64071,111,2010,55.8,Action
303,52,5,9.5,35105,123,2004,291.62,Action
303,285,2,4.96,58469,120,2011,18.42,Action
303,835,5,2.66,70480,96,2007,158.45,Sci-Fi
304,821,1,8.49,22979,178,2017,212.43,Comedy
304,244,4,8.36,81392,178,2003,289.85,Horror
304,778,4,6.5,59642,175,2005,479.96,Comedy
304,475,3,2.83,7034,93,2019,481.66,Horror
304,529,3,6.0,27718,175,2018,34.45,Action
304,21,5,8.77,91672,120,2010,9.71,Drama
304,741,1,6.24,18207,152,2000,323.25,Drama
304,453,1,4.75,85047,148,2012,230.66,Action
304,574,5,3.14,36560,106,2019,193.58,Comedy
304,879,3,9.51,4225,170,2022,149.09,Comedy
304,684,1,8.22,12769,136,2004,342.51,Sci-Fi
304,155,1,4.39,32376,86,2002,71.63,Drama
304,92,5,7.41,41646,169,2025,190.39,Comedy
305,106,1,6.46,96903,156,2024,443.8,Action
305,520,1,2.9,71459,160,2022,346.05,Sci-Fi
305,859,5,3.4,29069,166,2000,239.74,Sci-Fi
305,300,5,3.78,10236,174,2020,347.12,Action
305,872,2,7.64,27488,121,2011,128.35,Sci-Fi
306,907,5,3.67,44489,134,2018,242.36,Sci-Fi
306,477,3,9.88,55707,160,2012,28.86,Horror
306,26,3,8.98,75281,125,2013,244.91,Comedy
306,608,3,4.18,62105,148,2018,183.3,Comedy
306,115,5,1.77,77559,147,2006,365.07,Comedy
306,497,1,1.15,19039,139,2002,120.55,Drama
306,535,3,1.38,99982,139,2020,420.54,Sci-Fi
307,225,4,3.27,53496,173,2020,261.7,Comedy
307,996,1,7.17,42251,177,2010,166.47,Sci-Fi
307,2,4,2.72,79940,83,2019,181.28,Horror
307,785,1,1.42,88806,96,2007,70.11,Comedy
307,456,3,6.3,42470,106,2015,15.1,Drama
307,277,2,8.36,93504,89,2024,302.8,Comedy
307,332,3,4.79,63329,165,2008,16.06,Sci-Fi
307,773,4,7.88,57203,176,2012,394.42,Action
308,462,2,1.54,50183,105,2017,259.14,Action
308,516,4,1.58,31126,137,2015,245.98,Sci-Fi
308,196,2,4.53,15059,132,2020,7.01,Horror
308,607,5,2.75,23737,148,2015,10.39,Comedy
308,833,3,9.64,89226,83,2018,438.4,Sci-Fi
308,590,2,7.58,43288,117,2019,44.25,Drama
308,754,1,5.08,28794,118,2019,217.48,Horror
308,587,4,1.65,98381,165,2009,467.62,Drama
308,499,5,5.27,84037,170,2018,328.66,Comedy
308,525,3,4.03,40334,118,2001,363.22,Action
308,227,1,7.08,39839,107,2000,189.71,Comedy
308,336,5,3.99,56385,148,2002,375.53,Sci-Fi
308,610,1,9.83,86013,124,2001,225.99,Sci-Fi
308,755,3,6.36,44297,133,2002,68.33,Action
308,501,3,7.18,64430,125,2004,194.5,Horror
308,965,4,3.7,26025,146,2000,10.94,Sci-Fi
308,433,4,2.53,65278,138,2019,121.69,Comedy
308,213,1,9.87,43394,93,2015,56.13,Action
309,817,3,2.4,91802,140,2006,470.97,Sci-Fi
309,676,1,3.26,10833,108,2008,414.41,Sci-Fi
309,999,2,8.28,84936,85,2018,272.14,Action
309,150,2,4.74,53119,103,2019,138.6,Comedy
309,401,5,9.6,49419,100,2003,460.68,Action
309,659,3,1.53,60110,103,2024,408.18,Action
309,546,1,9.88,72294,168,2011,20.67,Drama
309,983,4,3.16,23207,85,2017,115.96,Comedy
309,308,4,4.09,90928,135,2011,484.1,Comedy
309,197,3,1.45,3644,112,2001,125.16,Horror
309,515,5,4.55,13864,173,2010,74.73,Horror
309,858,3,6.33,53810,99,2000,213.14,Sci-Fi
309,168,5,2.73,83702,100,2023,447.0,Action
309,10,2,1.34,70647,116,2019,258.58,Drama
309,993,3,5.11,69113,139,2011,221.36,Drama
309,245,4,7.74,63538,85,2018,361.44,Action
309,764,3,5.68,64108,155,2004,474.48,Action
310,49,2,7.79,6744,172,2010,167.94,Sci-Fi
310,749,3,1.16,45327,139,2000,467.85,Comedy
310,158,2,8.22,4346,107,2002,449.08,Drama
310,919,2,7.5,53999,107,2022,211.99,Drama
310,18,1,4.04,13427,88,2005,442.32,Drama
310,367,3,3.09,90522,145,2012,170.67,Horror
310,81,5,1.66,99147,101,2005,271.88,Drama
310,539,1,7.02,92906,158,2019,318.63,Sci-Fi
310,969,4,4.25,70855,102,2024,486.27,Horror
310,698,3,3.09,17021,141,2011,406.81,Action
310,816,1,7.94,40594,165,2009,49.88,Action
310,855,3,4.31,36642,164,2009,135.3,Horror
310,840,1,9.92,81743,116,2011,356.81,Action
310,411,2,3.36,59097,154,2012,68.32,Comedy
310,690,1,6.01,40715,86,2025,19.86,Horror
311,80,5,9.63,57833,100,2017,116.87,Comedy
311,328,1,9.87,74905,147,2012,222.22,Sci-Fi
311,418,3,6.96,6023,135,2008,263.88,Horror
311,463,1,4.05,43827,152,2024,205.66,Action
311,193,4,3.3,39372,147,2006,128.91,Horror
311,579,1,8.16,48731,154,2015,445.64,Drama
311,731,5,1.68,90075,140,2010,472.1,Comedy
311,241,2,1.7,33378,98,2004,176.64,Action
311,685,2,1.79,22019,157,2018,359.04,Comedy
311,690,4,6.01,40715,86,2025,19.86,Horror
311,588,5,8.13,47748,129,2023,101.31,Comedy
311,168,2,2.73,83702,100,2023,447.0,Action
311,879,5,9.51,4225,170,2022,149.09,Comedy
311,698,4,3.09,17021,141,2011,406.81,Action
312,981,1,1.96,93419,151,2012,240.82,Sci-Fi
312,662,2,7.44,96530,141,2009,177.54,Comedy
312,332,4,4.79,63329,165,2008,16.06,Sci-Fi
312,421,3,6.58,83233,112,2010,130.67,Sci-Fi
312,334,5,1.09,32623,145,2024,252.54,Sci-Fi
312,160,2,3.04,35728,99,2006,6.23,Horror
312,973,5,5.43,9551,125,2012,244.78,Comedy
312,585,1,2.85,11672,83,2001,77.16,Horror
312,758,2,7.8,26077,125,2001,402.33,Horror
312,180,2,5.32,6140,96,2010,165.88,Sci-Fi
312,622,2,1.61,90974,157,2024,411.14,Comedy
312,479,2,5.66,86974,144,2003,264.82,Drama
312,472,3,8.9,77424,133,2011,397.97,Sci-Fi
312,28,3,9.47,49524,150,2022,37.47,Sci-Fi
313,802,4,1.21,26630,178,2003,140.79,Horror
313,408,1,7.08,38067,123,2011,200.19,Sci-Fi
313,521,2,8.21,62102,103,2018,67.46,Horror
313,320,3,7.79,29293,110,2019,78.23,Drama
313,264,5,7.25,90024,177,2006,290.93,Sci-Fi
313,979,4,7.16,22343,121,2012,487.1,Horror
313,988,2,9.01,39640,142,2000,190.61,Drama
313,214,1,1.29,30380,109,2018,63.67,Horror
313,392,3,4.42,25874,174,2016,14.14,Comedy
313,798,5,2.22,71093,164,2021,10.86,Action
313,573,3,8.16,57502,167,2013,268.95,Action
313,494,4,6.48,63787,83,2012,380.46,Action
313,182,2,3.09,92147,88,2009,434.23,Action
313,364,3,7.76,79712,113,2011,382.93,Drama
313,352,4,8.87,44665,90,2020,234.89,Horror
313,613,5,7.73,74123,172,2009,285.11,Horror
314,554,3,2.8,89037,146,2004,450.94,Comedy
314,293,1,8.18,60661,168,2013,433.2,Comedy
314,89,3,3.22,22791,112,2004,446.59,Horror
314,204,5,2.92,2495,120,2002,290.58,Sci-Fi
314,210,5,1.12,78391,171,2014,333.89,Sci-Fi
314,672,3,2.7,40024,148,2011,452.93,Drama
314,774,4,4.9,19363,103,2001,217.05,Horror
314,255,5,9.75,86396,163,2003,55.95,Horror
314,546,2,9.88,72294,168,2011,20.67,Drama
314,336,3,3.99,56385,148,2002,375.53,Sci-Fi
314,323,1,2.96,73333,120,2020,433.16,Drama
314,852,5,4.3,98101,110,2011,498.22,Comedy
314,8,4,5.75,18558,176,2004,113.77,Sci-Fi
314,778,1,6.5,59642,175,2005,479.96,Comedy
315,488,3,2.22,53472,123,2024,160.58,Action
315,837,5,1.17,18370,171,2017,388.14,Action
315,520,3,2.9,71459,160,2022,346.05,Sci-Fi
315,835,1,2.66,70480,96,2007,158.45,Sci-Fi
315,280,2,7.51,53033,97,2016,303.32,Sci-Fi
315,766,5,1.61,83972,148,2024,33.57,Action
315,714,4,4.85,52167,177,2009,411.4,Action
315,57,2,7.56,87413,93,2007,309.2,Action
315,831,1,6.34,52150,150,2012,3.52,Sci-Fi
315,442,4,5.96,46466,170,2022,317.54,Horror
315,178,5,5.37,23495,94,2019,424.66,Action
315,653,5,1.37,18636,115,2013,385.98,Drama
315,684,5,8.22,12769,136,2004,342.51,Sci-Fi
315,124,4,9.14,6101,86,2021,159.1,Drama
315,490,4,8.15,60011,115,2000,73.26,Sci-Fi
315,22,4,2.86,65286,133,2018,253.08,Action
315,300,1,3.78,10236,174,2020,347.12,Action
315,544,3,2.53,35259,127,2008,83.19,Sci-Fi
315,337,4,6.94,46776,87,2003,266.51,Horror
315,696,3,1.89,26495,98,2001,449.03,Comedy
316,876,5,9.08,83915,143,2025,294.52,Drama
316,994,2,5.94,57188,119,2025,411.28,Horror
316,886,3,9.0,91032,161,2004,169.72,Sci-Fi
316,848,3,6.22,38911,150,2014,260.7,Action
316,879,5,9.51,4225,170,2022,149.09,Comedy
316,913,4,2.82,61811,138,2023,482.49,Horror
316,632,4,8.85,29726,169,2015,1.64,Action
316,701,2,9.07,4375,147,2012,480.64,Action
316,79,4,3.6,58314,106,2008,432.1,Horror
316,635,1,3.17,17449,81,2017,431.16,Drama
316,969,1,4.25,70855,102,2024,486.27,Horror
316,128,4,1.19,18008,84,2017,488.75,Action
316,921,3,6.43,84191,80,2000,96.05,Horror
316,945,1,2.05,23226,85,2014,369.52,Sci-Fi
317,323,2,2.96,73333,120,2020,433.16,Drama
317,24,1,2.83,22538,101,2022,273.9,Horror
317,644,5,1.96,55263,162,2017,337.9,Drama
317,600,3,7.22,98609,140,2004,369.68,Drama
317,950,3,5.09,74106,122,2020,396.98,Drama
318,568,5,7.79,9589,128,2001,454.36,Drama
318,426,3,1.78,4981,168,2008,255.41,Comedy
318,983,5,3.16,23207,85,2017,115.96,Comedy
318,766,4,1.61,83972,148,2024,33.57,Action
318,17,5,5.97,12935,115,2001,494.22,Action
318,820,5,7.23,71604,120,2005,294.29,Drama
318,62,5,6.57,4296,88,2009,337.48,Comedy
318,329,1,8.95,54412,129,2000,92.94,Sci-Fi
318,2,4,2.72,79940,83,2019,181.28,Horror
318,317,4,1.26,47758,147,2000,491.31,Action
318,686,1,5.91,17006,107,2017,151.41,Comedy
318,300,2,3.78,10236,174,2020,347.12,Action
319,527,5,4.63,51584,175,2021,162.1,Drama
319,339,4,5.68,74820,104,2010,248.89,Sci-Fi
319,405,1,9.94,79758,127,2023,450.76,Action
319,203,1,6.03,13869,162,2024,467.76,Horror
319,890,1,1.35,33049,82,2019,28.56,Horror
319,674,3,5.86,79276,113,2020,235.42,Drama
319,133,4,7.37,97865,130,2001,262.76,Sci-Fi
319,49,1,7.79,6744,172,2010,167.94,Sci-Fi
319,958,2,1.38,74585,119,2015,83.46,Comedy
319,1000,4,1.05,54257,129,2007,363.36,Sci-Fi
319,563,4,1.64,67428,95,2000,458.69,Sci-Fi
319,276,4,1.12,6389,101,2006,287.54,Sci-Fi
319,625,1,6.58,29443,86,2000,150.83,Action
319,505,5,3.75,73561,113,2020,122.21,Sci-Fi
319,587,5,1.65,98381,165,2009,467.62,Drama
319,575,3,1.84,43051,130,2012,171.28,Comedy
319,698,3,3.09,17021,141,2011,406.81,Action
319,211,4,5.02,71522,113,2019,74.05,Drama
319,148,3,9.88,81316,167,2016,274.2,Drama
319,833,1,9.64,89226,83,2018,438.4,Sci-Fi
320,810,4,6.74,92177,102,2006,8.07,Action
320,449,3,5.48,59019,154,2023,170.66,Horror
320,918,4,2.32,40586,93,2024,437.61,Drama
320,235,3,4.69,13489,98,2025,31.94,Action
320,416,5,5.99,59355,86,2016,340.03,Drama
320,356,2,5.45,87246,128,2001,273.29,Horror
320,631,3,1.11,7599,136,2011,211.9,Drama
320,489,5,7.02,42440,108,2015,482.79,Horror
320,520,5,2.9,71459,160,2022,346.05,Sci-Fi
321,390,5,9.22,91305,118,2020,59.42,Sci-Fi
321,158,4,8.22,4346,107,2002,449.08,Drama
321,796,1,7.09,55245,129,2024,67.12,Horror
321,672,2,2.7,40024,148,2011,452.93,Drama
321,994,4,5.94,57188,119,2025,411.28,Horror
321,425,3,8.58,92039,95,2020,138.42,Horror
321,986,3,9.95,50646,158,2017,440.95,Action
321,486,4,3.96,76012,124,2007,113.38,Drama
321,953,5,4.19,92588,170,2001,232.49,Sci-Fi
321,213,1,9.87,43394,93,2015,56.13,Action
322,435,2,7.62,93493,113,2008,431.56,Action
322,149,5,7.13,22903,91,2013,199.65,Action
322,978,1,9.93,23235,175,2015,460.74,Sci-Fi
322,316,2,3.33,58946,159,2020,30.68,Horror
322,518,4,3.53,62771,174,2011,340.87,Action
322,263,5,1.24,20166,171,2012,60.33,Sci-Fi
322,685,5,1.79,22019,157,2018,359.04,Comedy
322,638,4,9.88,47522,129,2006,151.73,Comedy
322,925,1,8.6,92541,92,2023,21.13,Comedy
322,840,1,9.92,81743,116,2011,356.81,Action
322,923,5,3.54,86445,110,2015,398.82,Comedy
322,220,1,5.14,6131,113,2016,137.22,Horror
322,973,4,5.43,9551,125,2012,244.78,Comedy
322,417,2,7.34,260,180,2016,299.17,Comedy
322,504,4,3.88,79745,134,2015,355.54,Sci-Fi
323,922,1,8.42,89513,139,2014,395.33,Sci-Fi
323,964,5,7.36,66769,142,2001,313.57,Horror
323,432,1,9.33,93221,160,2001,172.39,Sci-Fi
323,397,2,9.22,52584,167,2002,33.48,Horror
323,35,2,6.36,30140,157,2002,115.88,Action
323,728,1,9.13,15706,102,2009,327.08,Action
323,240,1,5.51,11885,168,2011,429.9,Sci-Fi
324,72,3,2.36,73204,135,2012,70.55,Horror
324,361,3,2.98,36499,160,2010,127.14,Action
324,790,4,9.04,1654,88,2006,92.66,Comedy
324,201,3,4.5,86095,129,2017,477.93,Sci-Fi
324,488,3,2.22,53472,123,2024,160.58,Action
324,520,3,2.9,71459,160,2022,346.05,Sci-Fi
324,615,1,5.52,10735,160,2012,6.13,Horror
324,945,5,2.05,23226,85,2014,369.52,Sci-Fi
324,770,1,8.26,10079,131,2000,33.84,Horror
324,130,4,8.9,23520,152,2013,44.64,Sci-Fi
324,810,2,6.74,92177,102,2006,8.07,Action
324,997,2,9.38,45004,167,2019,423.27,Sci-Fi
324,423,1,4.54,43044,101,2012,154.5,Horror
325,192,3,4.69,95544,180,2024,146.0,Action
325,821,1,8.49,22979,178,2017,212.43,Comedy
325,233,4,7.41,84108,123,2006,207.68,Comedy
325,445,5,9.66,55105,91,2011,66.05,Sci-Fi
325,516,2,1.58,31126,137,2015,245.98,Sci-Fi
325,417,2,7.34,260,180,2016,299.17,Comedy
325,456,5,6.3,42470,106,2015,15.1,Drama
325,269,1,5.97,87306,163,2013,94.78,Comedy
325,801,5,4.32,7291,88,2011,33.9,Action
325,595,4,3.88,14438,130,2015,424.95,Horror
325,656,3,7.66,98777,97,2010,451.66,Action
325,534,4,9.22,29740,98,2013,129.47,Drama
325,925,2,8.6,92541,92,2023,21.13,Comedy
325,212,3,4.75,12534,100,2007,240.29,Drama
325,30,4,5.22,27809,167,2006,142.13,Horror
325,137,1,2.34,5619,100,2011,307.38,Drama
325,244,1,8.36,81392,178,2003,289.85,Horror
326,902,1,3.38,24483,101,2019,82.65,Drama
326,50,4,1.61,98674,177,2011,434.99,Action
326,142,1,5.21,45471,129,2018,295.35,Action
326,98,4,2.96,39667,117,2006,396.76,Drama
326,634,1,1.59,36019,176,2020,239.05,Comedy
326,630,2,6.84,58001,91,2001,18.58,Drama
326,315,2,1.1,32606,136,2023,277.41,Sci-Fi
327,650,1,3.22,49269,89,2013,74.97,Action
327,742,5,4.87,1175,99,2005,29.68,Horror
327,94,1,6.86,71778,131,2014,490.37,Drama
327,78,4,3.55,51420,95,2020,198.44,Horror
327,866,5,5.96,30418,178,2015,213.55,Drama
327,960,5,1.56,52459,127,2000,92.35,Action
327,319,5,3.18,73807,104,2006,95.39,Drama
327,842,3,3.24,1085,109,2013,283.62,Sci-Fi
327,324,4,6.6,31955,124,2018,31.98,Action
327,784,1,2.64,2654,137,2021,225.41,Horror
327,289,3,8.16,15005,127,2002,56.19,Drama
327,382,3,6.33,83895,93,2015,475.43,Sci-Fi
327,848,1,6.22,38911,150,2014,260.7,Action
327,979,4,7.16,22343,121,2012,487.1,Horror
327,114,4,1.86,32342,105,2023,4.8,Action
327,641,1,7.75,17215,142,2002,222.44,Sci-Fi
327,698,3,3.09,17021,141,2011,406.81,Action
327,728,4,9.13,15706,102,2009,327.08,Action
328,573,4,8.16,57502,167,2013,268.95,Action
328,178,3,5.37,23495,94,2019,424.66,Action
328,609,3,6.41,7360,96,2005,81.26,Sci-Fi
328,349,4,9.49,7838,96,2014,473.2,Sci-Fi
328,38,5,8.86,24712,151,2003,461.24,Action
328,336,5,3.99,56385,148,2002,375.53,Sci-Fi
328,118,2,2.66,26085,95,2014,446.75,Comedy
328,838,5,8.35,81985,180,2012,4.02,Drama
328,356,4,5.45,87246,128,2001,273.29,Horror
328,639,4,9.24,26069,114,2025,431.25,Horror
328,369,1,9.69,63113,173,2011,128.78,Horror
328,110,4,6.9,44047,102,2005,441.28,Sci-Fi
328,601,5,7.27,89309,123,2008,225.62,Horror
328,75,5,4.16,47174,153,2009,496.72,Sci-Fi
328,583,4,9.97,40723,177,2008,268.01,Drama
328,52,5,9.5,35105,123,2004,291.62,Action
328,625,4,6.58,29443,86,2000,150.83,Action
329,986,5,9.95,50646,158,2017,440.95,Action
329,79,5,3.6,58314,106,2008,432.1,Horror
329,163,3,8.25,23602,107,2020,307.57,Action
329,80,2,9.63,57833,100,2017,116.87,Comedy
329,903,4,1.94,81926,135,2005,421.75,Sci-Fi
330,685,4,1.79,22019,157,2018,359.04,Comedy
330,320,2,7.79,29293,110,2019,78.23,Drama
330,467,1,1.35,9133,129,2008,299.21,Comedy
330,251,5,9.01,36847,103,2013,399.76,Sci-Fi
330,433,1,2.53,65278,138,2019,121.69,Comedy
330,40,5,5.27,66477,124,2000,19.82,Drama
331,787,5,1.23,43591,152,2002,206.56,Comedy
331,282,5,5.74,7407,132,2013,490.16,Sci-Fi
331,616,4,8.04,84094,138,2021,477.08,Comedy
331,123,5,1.68,78173,93,2017,318.79,Comedy
331,194,5,8.8,44337,180,2004,164.3,Action
331,430,5,2.11,36875,83,2012,258.94,Action
331,969,1,4.25,70855,102,2024,486.27,Horror
331,68,3,5.07,84734,152,2006,413.9,Sci-Fi
332,553,5,8.31,2505,170,2001,97.02,Horror
332,520,4,2.9,71459,160,2022,346.05,Sci-Fi
332,152,3,4.03,31325,135,2019,81.37,Horror
332,368,4,8.13,30318,120,2010,101.24,Horror
332,952,4,2.24,14941,151,2000,213.77,Comedy
332,659,1,1.53,60110,103,2024,408.18,Action
332,903,1,1.94,81926,135,2005,421.75,Sci-Fi
332,169,4,6.56,46778,162,2015,236.13,Drama
332,154,4,4.91,10769,138,2010,341.07,Sci-Fi
332,890,4,1.35,33049,82,2019,28.56,Horror
332,446,2,8.08,6551,86,2020,191.82,Action
332,306,4,1.26,89051,145,2001,59.32,Action
332,940,2,2.13,61163,116,2019,101.56,Action
332,212,5,4.75,12534,100,2007,240.29,Drama
332,704,4,4.77,85510,176,2013,330.46,Horror
332,981,2,1.96,93419,151,2012,240.82,Sci-Fi
332,466,5,2.77,57353,91,2009,339.74,Comedy
332,76,5,5.78,39297,169,2014,59.12,Horror
333,273,3,3.13,91452,113,2003,11.58,Sci-Fi
333,675,2,2.99,9535,153,2009,485.84,Drama
333,660,5,4.42,28472,115,2011,49.74,Sci-Fi
333,139,3,3.07,12994,107,2016,426.63,Comedy
333,778,2,6.5,59642,175,2005,479.96,Comedy
333,551,2,2.74,68494,133,2013,175.16,Action
333,162,1,4.45,61449,149,2023,235.42,Action
333,899,5,2.65,5209,105,2023,280.34,Comedy
333,496,3,4.78,69787,146,2020,187.73,Comedy
333,734,4,2.4,84384,100,2007,99.23,Action
333,927,1,3.23,26566,147,2025,311.01,Comedy
333,479,4,5.66,86974,144,2003,264.82,Drama
333,242,2,7.68,17618,137,2016,233.71,Drama
333,784,4,2.64,2654,137,2021,225.41,Horror
333,486,2,3.96,76012,124,2007,113.38,Drama
333,372,4,3.6,79355,160,2004,137.05,Sci-Fi
333,394,3,9.61,81472,156,2005,103.05,Comedy
333,980,1,5.75,67431,113,2000,285.49,Action
333,910,4,9.02,85023,92,2018,219.63,Drama
333,599,1,7.07,78511,167,2023,31.42,Sci-Fi
334,493,5,8.08,59731,99,2014,73.29,Drama
334,1000,4,1.05,54257,129,2007,363.36,Sci-Fi
334,61,2,2.4,33957,143,2013,167.78,Sci-Fi
334,101,1,2.47,93064,80,2001,115.52,Drama
334,259,5,9.99,10868,132,2005,364.34,Drama
334,602,4,4.2,84860,167,2017,124.1,Action
334,824,1,2.17,20464,98,2003,103.02,Comedy
335,96,1,7.66,28997,104,2007,134.27,Comedy
335,130,3,8.9,23520,152,2013,44.64,Sci-Fi
335,314,4,3.61,71587,106,2011,312.95,Action
335,393,2,5.76,98306,124,2002,174.8,Horror
335,691,5,7.1,41629,130,2022,104.39,Drama
335,255,2,9.75,86396,163,2003,55.95,Horror
335,697,3,7.12,26673,81,2009,125.34,Horror
335,848,5,6.22,38911,150,2014,260.7,Action
336,832,4,1.75,51782,110,2016,246.05,Horror
336,475,5,2.83,7034,93,2019,481.66,Horror
336,390,3,9.22,91305,118,2020,59.42,Sci-Fi
336,818,3,3.0,64087,165,2010,361.27,Action
336,795,5,1.16,44081,137,2009,305.77,Action
336,339,3,5.68,74820,104,2010,248.89,Sci-Fi
337,729,2,7.49,80041,144,2009,373.29,Sci-Fi
337,271,4,2.31,52133,119,2001,461.05,Drama
337,402,3,8.44,7134,156,2016,263.41,Comedy
337,61,1,2.4,33957,143,2013,167.78,Sci-Fi
337,375,4,8.8,16617,167,2009,159.29,Horror
337,297,3,3.31,61997,155,2010,446.15,Horror
337,84,1,4.3,56465,148,2008,47.03,Action
337,260,3,5.4,71909,102,2024,113.42,Comedy
337,562,2,1.58,17100,131,2012,43.32,Action
337,189,5,2.47,24141,158,2023,176.27,Comedy
337,918,2,2.32,40586,93,2024,437.61,Drama
337,265,2,4.25,20866,142,2024,155.31,Horror
337,946,1,6.69,56771,168,2022,405.12,Horror
337,138,4,5.28,94078,145,2023,151.58,Action
337,548,5,8.2,20271,168,2006,375.9,Comedy
337,862,2,8.6,54386,162,2014,4.9,Drama
337,228,3,4.13,72068,106,2020,98.28,Drama
337,579,3,8.16,48731,154,2015,445.64,Drama
337,158,1,8.22,4346,107,2002,449.08,Drama
338,124,4,9.14,6101,86,2021,159.1,Drama
338,281,5,8.97,95657,94,2025,488.23,Horror
338,790,3,9.04,1654,88,2006,92.66,Comedy
338,386,2,8.75,97941,155,2013,486.2,Comedy
338,640,2,7.69,72540,97,2019,398.94,Action
338,885,1,6.41,92131,136,2003,292.64,Sci-Fi
338,837,3,1.17,18370,171,2017,388.14,Action
338,119,3,5.16,55001,132,2018,449.76,Drama
339,943,2,8.26,9914,176,2023,28.99,Action
339,363,2,5.74,10936,118,2019,498.35,Drama
339,19,4,4.72,11987,174,2015,341.33,Horror
339,329,2,8.95,54412,129,2000,92.94,Sci-Fi
339,523,1,8.4,5989,107,2004,281.78,Action
339,811,5,2.81,76982,80,2020,429.77,Comedy
339,265,5,4.25,20866,142,2024,155.31,Horror
339,701,1,9.07,4375,147,2012,480.64,Action
339,849,3,7.56,75342,169,2008,232.82,Horror
339,330,2,1.62,50453,134,2011,368.22,Drama
339,241,4,1.7,33378,98,2004,176.64,Action
339,129,3,4.21,91894,95,2022,469.44,Drama
339,462,5,1.54,50183,105,2017,259.14,Action
339,687,2,4.46,73322,149,2015,35.45,Horror
339,931,5,5.27,48159,120,2019,301.15,Horror
339,705,2,6.14,81261,120,2016,86.04,Sci-Fi
339,828,3,6.43,56744,163,2007,324.25,Horror
339,468,4,5.48,47993,148,2022,124.79,Horror
339,174,1,5.67,75593,114,2017,326.12,Horror
340,629,5,2.92,25536,86,2006,38.19,Drama
340,81,5,1.66,99147,101,2005,271.88,Drama
340,546,4,9.88,72294,168,2011,20.67,Drama
340,321,4,3.05,73138,129,2010,206.83,Action
340,104,1,9.8,2553,110,2017,68.21,Action
340,155,2,4.39,32376,86,2002,71.63,Drama
340,510,3,8.95,25384,83,2023,69.73,Comedy
340,392,5,4.42,25874,174,2016,14.14,Comedy
340,96,5,7.66,28997,104,2007,134.27,Comedy
340,779,4,5.36,51438,88,2003,163.55,Comedy
340,403,4,3.17,70883,151,2021,53.89,Action
340,178,3,5.37,23495,94,2019,424.66,Action
340,820,2,7.23,71604,120,2005,294.29,Drama
340,584,5,8.66,43670,167,2017,93.68,Action
340,176,5,4.46,33840,97,2016,37.6,Comedy
340,531,5,6.18,56109,161,2010,198.33,Drama
341,672,2,2.7,40024,148,2011,452.93,Drama
341,884,1,2.22,14701,157,2009,222.98,Comedy
341,530,5,6.61,64206,170,2004,175.97,Action
341,708,3,9.64,12107,156,2003,95.57,Action
341,327,3,2.09,68843,154,2014,131.86,Action
342,987,5,3.46,23901,102,2016,83.49,Drama
342,145,2,9.76,30786,108,2012,435.86,Action
342,820,5,7.23,71604,120,2005,294.29,Drama
342,451,4,8.76,98049,146,2024,61.43,Sci-Fi
342,701,3,9.07,4375,147,2012,480.64,Action
342,466,5,2.77,57353,91,2009,339.74,Comedy
342,325,3,2.8,65662,163,2020,365.16,Drama
343,686,1,5.91,17006,107,2017,151.41,Comedy
343,317,3,1.26,47758,147,2000,491.31,Action
343,377,1,5.56,19771,147,2023,361.59,Sci-Fi
343,700,3,5.55,21264,145,2025,451.22,Drama
343,544,5,2.53,35259,127,2008,83.19,Sci-Fi
343,271,1,2.31,52133,119,2001,461.05,Drama
343,852,4,4.3,98101,110,2011,498.22,Comedy
343,935,5,8.94,64847,104,2002,184.65,Sci-Fi
343,116,1,5.35,71734,87,2018,199.33,Comedy
343,485,1,2.45,42515,100,2015,150.04,Comedy
343,912,2,7.78,40795,118,2019,171.16,Drama
343,425,1,8.58,92039,95,2020,138.42,Horror
343,355,2,3.39,714,103,2012,413.83,Action
343,739,1,7.65,71044,133,2009,323.69,Sci-Fi
343,767,4,5.57,96171,137,2012,38.83,Sci-Fi
343,681,1,9.65,20204,144,2025,399.7,Action
343,536,5,4.21,4145,106,2002,261.44,Drama
343,24,2,2.83,22538,101,2022,273.9,Horror
343,848,4,6.22,38911,150,2014,260.7,Action
344,110,2,6.9,44047,102,2005,441.28,Sci-Fi
344,117,1,8.26,40757,161,2020,268.46,Action
344,326,1,5.09,3775,153,2005,315.78,Drama
344,240,3,5.51,11885,168,2011,429.9,Sci-Fi
344,236,2,6.31,26562,136,2018,371.21,Sci-Fi
344,182,5,3.09,92147,88,2009,434.23,Action
344,215,1,1.32,3654,169,2025,16.63,Drama
344,394,3,9.61,81472,156,2005,103.05,Comedy
344,376,5,6.78,2241,119,2024,356.0,Horror
344,95,3,8.2,52317,138,2012,96.37,Sci-Fi
344,342,5,5.65,81897,156,2012,39.87,Sci-Fi
344,862,1,8.6,54386,162,2014,4.9,Drama
344,838,1,8.35,81985,180,2012,4.02,Drama
344,783,1,1.24,31737,160,2010,123.41,Comedy
344,118,3,2.66,26085,95,2014,446.75,Comedy
344,134,5,6.29,50767,134,2010,393.46,Drama
345,637,3,5.57,1380,113,2002,458.39,Horror
345,216,2,5.4,37078,119,2018,336.44,Comedy
345,88,3,9.53,11883,178,2016,153.49,Action
345,103,3,9.8,92693,159,2003,444.24,Horror
345,151,5,2.27,67558,150,2021,324.07,Drama
345,24,3,2.83,22538,101,2022,273.9,Horror
345,443,2,3.95,11806,143,2008,428.8,Comedy
345,54,1,7.21,56948,161,2013,220.28,Horror
345,453,1,4.75,85047,148,2012,230.66,Action
345,938,4,1.86,45274,147,2008,394.49,Action
345,381,3,3.12,97967,87,2007,156.04,Sci-Fi
345,463,4,4.05,43827,152,2024,205.66,Action
345,197,4,1.45,3644,112,2001,125.16,Horror
345,967,3,9.2,44094,134,2000,293.17,Drama
345,877,4,2.53,5464,151,2001,4.24,Drama
345,915,5,8.72,18791,156,2024,397.31,Drama
345,242,1,7.68,17618,137,2016,233.71,Drama
345,752,5,5.55,73479,178,2010,416.1,Action
345,860,3,5.62,87466,138,2016,108.45,Horror
345,566,3,5.29,24787,162,2014,301.99,Sci-Fi
346,325,1,2.8,65662,163,2020,365.16,Drama
346,836,2,7.12,27441,162,2006,284.32,Sci-Fi
346,961,3,8.74,4618,138,2016,447.99,Sci-Fi
346,7,5,6.06,54592,161,2018,431.3,Action
346,560,4,2.3,12617,158,2014,325.81,Sci-Fi
346,167,4,3.62,96326,116,2019,426.05,Drama
346,189,1,2.47,24141,158,2023,176.27,Comedy
346,172,5,1.33,23479,141,2025,21.85,Sci-Fi
346,330,2,1.62,50453,134,2011,368.22,Drama
346,385,2,5.35,87970,124,2016,342.74,Horror
346,533,2,1.74,48058,138,2004,209.98,Action
346,372,2,3.6,79355,160,2004,137.05,Sci-Fi
346,991,5,6.38,93745,95,2022,121.14,Comedy
346,878,2,3.19,93967,84,2015,453.72,Sci-Fi
346,53,2,1.0,93204,158,2006,73.02,Comedy
346,431,2,8.8,13043,107,2012,295.7,Action
346,775,4,1.45,47731,154,2004,189.17,Drama
346,890,1,1.35,33049,82,2019,28.56,Horror
346,734,5,2.4,84384,100,2007,99.23,Action
346,127,3,4.68,85641,101,2025,291.73,Horror
347,907,3,3.67,44489,134,2018,242.36,Sci-Fi
347,148,1,9.88,81316,167,2016,274.2,Drama
347,672,3,2.7,40024,148,2011,452.93,Drama
347,67,3,6.61,86508,180,2003,493.47,Comedy
347,846,2,2.72,33592,143,2001,161.21,Action
347,252,5,8.15,97196,177,2000,269.63,Comedy
347,51,1,4.71,26392,95,2018,389.54,Sci-Fi
347,197,1,1.45,3644,112,2001,125.16,Horror
347,561,4,8.33,80287,177,2023,431.01,Drama
347,373,2,7.04,26014,165,2011,417.81,Horror
347,143,2,9.16,86016,98,2024,375.78,Sci-Fi
347,537,4,8.77,88973,136,2019,460.87,Comedy
347,485,2,2.45,42515,100,2015,150.04,Comedy
347,236,1,6.31,26562,136,2018,371.21,Sci-Fi
347,772,4,7.87,41799,83,2025,86.38,Drama
347,364,3,7.76,79712,113,2011,382.93,Drama
347,201,3,4.5,86095,129,2017,477.93,Sci-Fi
348,590,4,7.58,43288,117,2019,44.25,Drama
348,735,3,8.23,97692,123,2024,165.03,Drama
348,505,5,3.75,73561,113,2020,122.21,Sci-Fi
348,173,1,3.94,71439,112,2017,139.2,Drama
348,234,4,7.93,68179,133,2025,179.42,Comedy
348,129,3,4.21,91894,95,2022,469.44,Drama
348,463,3,4.05,43827,152,2024,205.66,Action
348,525,5,4.03,40334,118,2001,363.22,Action
348,440,1,5.09,78151,150,2001,43.78,Comedy
348,449,5,5.48,59019,154,2023,170.66,Horror
348,946,5,6.69,56771,168,2022,405.12,Horror
348,427,5,7.63,12062,103,2021,235.42,Drama
348,492,5,5.37,49812,96,2024,298.23,Horror
348,340,2,4.09,85272,119,2002,464.82,Horror
348,641,3,7.75,17215,142,2002,222.44,Sci-Fi
348,453,5,4.75,85047,148,2012,230.66,Action
348,348,2,8.25,74900,107,2016,249.14,Drama
348,377,3,5.56,19771,147,2023,361.59,Sci-Fi
348,560,2,2.3,12617,158,2014,325.81,Sci-Fi
349,73,3,2.77,77415,110,2003,181.86,Comedy
349,49,3,7.79,6744,172,2010,167.94,Sci-Fi
349,334,5,1.09,32623,145,2024,252.54,Sci-Fi
349,744,4,7.7,30842,173,2013,490.92,Horror
349,67,2,6.61,86508,180,2003,493.47,Comedy
349,879,3,9.51,4225,170,2022,149.09,Comedy
349,513,1,6.61,61767,131,2000,136.1,Comedy
349,208,3,2.69,60937,139,2023,220.15,Drama
349,190,2,4.53,83320,124,2014,369.37,Horror
349,423,5,4.54,43044,101,2012,154.5,Horror
349,579,3,8.16,48731,154,2015,445.64,Drama
349,548,2,8.2,20271,168,2006,375.9,Comedy
349,998,5,7.16,44459,107,2008,298.06,Action
349,909,1,3.21,29367,171,2015,362.06,Comedy
349,581,5,4.61,98121,95,2007,375.58,Action
350,128,4,1.19,18008,84,2017,488.75,Action
350,242,2,7.68,17618,137,2016,233.71,Drama
350,171,5,3.42,10857,137,2002,348.98,Comedy
350,197,1,1.45,3644,112,2001,125.16,Horror
350,311,3,7.15,39798,91,2022,224.9,Comedy
350,872,2,7.64,27488,121,2011,128.35,Sci-Fi
350,276,1,1.12,6389,101,2006,287.54,Sci-Fi
350,759,4,6.36,99083,176,2003,378.71,Comedy
350,960,1,1.56,52459,127,2000,92.35,Action
350,169,3,6.56,46778,162,2015,236.13,Drama
350,880,4,5.08,14236,166,2020,164.15,Horror
350,237,5,4.12,18822,110,2019,337.36,Drama
350,858,3,6.33,53810,99,2000,213.14,Sci-Fi
350,817,2,2.4,91802,140,2006,470.97,Sci-Fi
350,959,1,9.89,822,113,2024,484.94,Action
351,233,4,7.41,84108,123,2006,207.68,Comedy
351,177,5,8.6,1850,133,2016,435.45,Drama
351,657,1,3.61,66040,95,2006,390.07,Sci-Fi
351,535,5,1.38,99982,139,2020,420.54,Sci-Fi
351,932,2,5.09,55874,130,2023,80.27,Sci-Fi
352,321,2,3.05,73138,129,2010,206.83,Action
352,78,3,3.55,51420,95,2020,198.44,Horror
352,111,1,1.16,95508,117,2005,451.54,Action
352,298,2,7.78,38539,165,2015,291.77,Comedy
352,868,1,5.19,87184,99,2003,377.54,Drama
352,161,1,8.08,27281,81,2009,478.36,Action
352,446,4,8.08,6551,86,2020,191.82,Action
352,722,4,1.99,59682,85,2007,469.31,Comedy
352,584,1,8.66,43670,167,2017,93.68,Action
352,957,5,3.8,69194,123,2007,287.95,Sci-Fi
352,534,3,9.22,29740,98,2013,129.47,Drama
353,231,5,1.45,69817,91,2008,326.06,Sci-Fi
353,276,2,1.12,6389,101,2006,287.54,Sci-Fi
353,619,4,1.07,25084,143,2009,96.54,Comedy
353,441,4,3.26,60167,144,2022,82.31,Horror
353,657,3,3.61,66040,95,2006,390.07,Sci-Fi
353,16,2,1.79,79126,83,2002,411.19,Sci-Fi
353,917,4,9.56,96958,106,2013,157.11,Comedy
353,25,4,4.03,68555,139,2021,344.84,Drama
354,936,2,7.47,23064,131,2000,184.33,Drama
354,926,5,6.39,99087,114,2006,284.67,Drama
354,564,4,3.8,90003,97,2023,484.69,Drama
354,55,2,9.79,18604,117,2012,118.49,Comedy
354,396,5,8.31,82834,121,2004,168.25,Horror
354,140,3,2.0,51404,108,2022,20.28,Horror
354,382,2,6.33,83895,93,2015,475.43,Sci-Fi
354,427,5,7.63,12062,103,2021,235.42,Drama
354,961,3,8.74,4618,138,2016,447.99,Sci-Fi
354,776,4,3.17,4806,177,2007,453.69,Action
354,818,4,3.0,64087,165,2010,361.27,Action
354,950,2,5.09,74106,122,2020,396.98,Drama
354,911,4,7.6,4350,177,2015,479.52,Horror
354,865,5,9.02,18913,142,2002,369.68,Action
354,579,5,8.16,48731,154,2015,445.64,Drama
355,674,3,5.86,79276,113,2020,235.42,Drama
355,191,1,3.28,81673,160,2005,372.45,Sci-Fi
355,963,4,9.42,29251,139,2010,450.39,Action
355,945,4,2.05,23226,85,2014,369.52,Sci-Fi
355,106,1,6.46,96903,156,2024,443.8,Action
355,716,3,3.21,53768,120,2004,149.43,Action
355,962,1,4.78,92837,123,2007,345.0,Action
355,813,2,4.19,17161,127,2019,116.49,Comedy
355,846,4,2.72,33592,143,2001,161.21,Action
355,925,3,8.6,92541,92,2023,21.13,Comedy
355,819,3,1.72,85411,91,2017,157.9,Sci-Fi
355,320,2,7.79,29293,110,2019,78.23,Drama
355,331,4,5.81,64265,92,2004,277.0,Comedy
355,257,3,1.54,40835,113,2022,241.54,Drama
356,147,1,5.83,89198,86,2004,87.22,Drama
356,898,2,4.34,65213,171,2006,226.51,Comedy
356,985,2,3.33,36786,156,2000,268.77,Comedy
356,953,1,4.19,92588,170,2001,232.49,Sci-Fi
356,314,1,3.61,71587,106,2011,312.95,Action
356,436,3,9.03,10031,89,2004,428.41,Horror
356,649,5,9.26,80946,127,2016,49.9,Comedy
356,41,3,1.06,39158,101,2003,321.63,Action
356,124,3,9.14,6101,86,2021,159.1,Drama
356,866,3,5.96,30418,178,2015,213.55,Drama
356,897,5,4.21,86179,165,2000,13.44,Comedy
356,590,4,7.58,43288,117,2019,44.25,Drama
356,792,2,4.64,3756,82,2005,296.37,Sci-Fi
356,32,5,8.56,33775,148,2012,331.43,Action
356,482,5,3.33,82227,171,2001,201.49,Sci-Fi
356,942,5,4.35,97091,156,2013,79.25,Sci-Fi
356,374,2,5.33,83073,136,2009,37.19,Drama
357,829,1,8.73,97987,103,2008,153.07,Sci-Fi
357,279,5,4.42,33539,119,2021,320.6,Horror
357,379,1,5.81,89228,93,2000,57.43,Comedy
357,437,5,5.35,39997,123,2007,430.92,Action
357,329,5,8.95,54412,129,2000,92.94,Sci-Fi
357,724,2,1.82,19709,100,2017,84.17,Drama
357,366,4,5.02,45869,173,2002,446.23,Action
357,18,4,4.04,13427,88,2005,442.32,Drama
357,479,5,5.66,86974,144,2003,264.82,Drama
357,398,5,2.76,70800,98,2023,282.94,Comedy
357,861,4,1.24,78417,97,2001,270.55,Action
357,385,1,5.35,87970,124,2016,342.74,Horror
357,294,5,3.06,41792,123,2024,13.12,Comedy
357,271,4,2.31,52133,119,2001,461.05,Drama
357,653,2,1.37,18636,115,2013,385.98,Drama
357,664,3,4.57,95853,95,2000,421.63,Action
358,809,3,9.96,68074,94,2019,377.72,Drama
358,833,4,9.64,89226,83,2018,438.4,Sci-Fi
358,970,2,6.87,83003,180,2004,297.95,Sci-Fi
358,433,5,2.53,65278,138,2019,121.69,Comedy
358,463,4,4.05,43827,152,2024,205.66,Action
359,253,4,3.19,48607,161,2005,480.77,Horror
359,864,1,4.73,96535,159,2012,119.51,Sci-Fi
359,516,2,1.58,31126,137,2015,245.98,Sci-Fi
359,354,1,9.77,10261,138,2004,279.66,Comedy
359,777,2,6.96,56048,156,2017,3.23,Action
359,906,2,4.39,56166,166,2007,197.04,Sci-Fi
359,141,1,9.05,6761,112,2016,375.22,Action
359,981,1,1.96,93419,151,2012,240.82,Sci-Fi
359,248,3,3.57,78249,118,2010,443.37,Action
359,501,4,7.18,64430,125,2004,194.5,Horror
360,692,3,6.79,46747,170,2003,79.31,Sci-Fi
360,913,4,2.82,61811,138,2023,482.49,Horror
360,954,5,6.71,40191,137,2020,133.07,Comedy
360,412,3,3.28,41093,161,2009,19.66,Horror
360,570,5,1.08,11746,102,2012,338.45,Sci-Fi
360,987,1,3.46,23901,102,2016,83.49,Drama
360,858,1,6.33,53810,99,2000,213.14,Sci-Fi
360,410,3,1.99,76037,175,2005,121.71,Drama
360,612,3,6.59,2854,166,2012,75.64,Sci-Fi
360,244,5,8.36,81392,178,2003,289.85,Horror
360,893,5,1.76,50909,116,2005,298.6,Horror
360,105,4,8.73,76162,147,2021,138.89,Comedy
360,567,3,5.24,41558,144,2022,489.96,Horror
360,136,5,3.76,14002,124,2012,209.37,Horror
360,820,5,7.23,71604,120,2005,294.29,Drama
360,138,3,5.28,94078,145,2023,151.58,Action
360,687,5,4.46,73322,149,2015,35.45,Horror
360,83,3,9.0,45454,173,2017,113.02,Sci-Fi
360,272,4,3.95,47440,171,2007,191.98,Action
361,832,4,1.75,51782,110,2016,246.05,Horror
361,211,5,5.02,71522,113,2019,74.05,Drama
361,150,2,4.74,53119,103,2019,138.6,Comedy
361,418,5,6.96,6023,135,2008,263.88,Horror
361,782,4,4.64,70405,88,2002,59.36,Action
361,585,3,2.85,11672,83,2001,77.16,Horror
361,10,2,1.34,70647,116,2019,258.58,Drama
361,629,4,2.92,25536,86,2006,38.19,Drama
361,230,2,1.28,71253,153,2015,398.36,Drama
361,872,3,7.64,27488,121,2011,128.35,Sci-Fi
361,103,3,9.8,92693,159,2003,444.24,Horror
362,926,2,6.39,99087,114,2006,284.67,Drama
362,728,4,9.13,15706,102,2009,327.08,Action
362,600,5,7.22,98609,140,2004,369.68,Drama
362,129,3,4.21,91894,95,2022,469.44,Drama
362,6,4,2.42,15530,84,2011,37.21,Comedy
362,605,1,3.9,35008,168,2011,420.72,Comedy
362,369,4,9.69,63113,173,2011,128.78,Horror
362,216,3,5.4,37078,119,2018,336.44,Comedy
362,901,3,9.14,58728,86,2012,283.54,Horror
362,410,2,1.99,76037,175,2005,121.71,Drama
362,311,5,7.15,39798,91,2022,224.9,Comedy
362,61,3,2.4,33957,143,2013,167.78,Sci-Fi
362,774,4,4.9,19363,103,2001,217.05,Horror
362,127,1,4.68,85641,101,2025,291.73,Horror
362,608,2,4.18,62105,148,2018,183.3,Comedy
362,584,4,8.66,43670,167,2017,93.68,Action
363,994,3,5.94,57188,119,2025,411.28,Horror
363,666,2,6.86,59527,80,2013,164.19,Drama
363,825,5,6.24,12402,89,2021,65.47,Action
363,47,2,9.96,63782,175,2021,397.34,Action
363,136,5,3.76,14002,124,2012,209.37,Horror
364,40,5,5.27,66477,124,2000,19.82,Drama
364,38,2,8.86,24712,151,2003,461.24,Action
364,730,1,1.76,91682,166,2017,237.37,Drama
364,79,3,3.6,58314,106,2008,432.1,Horror
364,722,3,1.99,59682,85,2007,469.31,Comedy
364,432,2,9.33,93221,160,2001,172.39,Sci-Fi
364,257,2,1.54,40835,113,2022,241.54,Drama
364,564,3,3.8,90003,97,2023,484.69,Drama
364,890,1,1.35,33049,82,2019,28.56,Horror
364,8,1,5.75,18558,176,2004,113.77,Sci-Fi
364,638,5,9.88,47522,129,2006,151.73,Comedy
364,504,1,3.88,79745,134,2015,355.54,Sci-Fi
364,830,1,2.86,93154,86,2007,54.87,Horror
364,622,3,1.61,90974,157,2024,411.14,Comedy
364,575,2,1.84,43051,130,2012,171.28,Comedy
364,102,5,5.07,440,83,2010,255.18,Comedy
364,396,4,8.31,82834,121,2004,168.25,Horror
364,519,4,2.54,16335,126,2000,207.51,Drama
364,620,5,1.09,43077,168,2002,398.58,Action
364,708,4,9.64,12107,156,2003,95.57,Action
365,846,5,2.72,33592,143,2001,161.21,Action
365,98,2,2.96,39667,117,2006,396.76,Drama
365,714,5,4.85,52167,177,2009,411.4,Action
365,132,4,5.7,50657,135,2016,423.62,Comedy
365,808,1,7.05,23281,134,2019,311.76,Comedy
365,201,2,4.5,86095,129,2017,477.93,Sci-Fi
365,21,2,8.77,91672,120,2010,9.71,Drama
365,343,1,3.18,484,87,2015,28.2,Drama
365,656,4,7.66,98777,97,2010,451.66,Action
365,529,1,6.0,27718,175,2018,34.45,Action
365,14,1,3.85,87855,82,2019,165.71,Drama
365,161,5,8.08,27281,81,2009,478.36,Action
365,242,3,7.68,17618,137,2016,233.71,Drama
365,596,3,3.08,51778,85,2023,196.18,Sci-Fi
365,148,1,9.88,81316,167,2016,274.2,Drama
365,824,1,2.17,20464,98,2003,103.02,Comedy
365,791,3,6.39,59649,132,2023,470.8,Action
366,62,5,6.57,4296,88,2009,337.48,Comedy
366,373,1,7.04,26014,165,2011,417.81,Horror
366,824,4,2.17,20464,98,2003,103.02,Comedy
366,36,3,7.29,58229,112,2009,151.09,Sci-Fi
366,941,5,6.69,41364,121,2002,120.68,Horror
366,680,5,2.96,71122,133,2014,404.31,Comedy
366,479,3,5.66,86974,144,2003,264.82,Drama
366,39,4,9.34,24862,124,2023,234.75,Sci-Fi
366,284,1,1.24,4404,150,2011,95.24,Sci-Fi
366,817,5,2.4,91802,140,2006,470.97,Sci-Fi
366,708,1,9.64,12107,156,2003,95.57,Action
366,961,1,8.74,4618,138,2016,447.99,Sci-Fi
366,971,1,4.99,32952,132,2004,180.09,Drama
367,753,2,4.98,88366,136,2002,270.63,Horror
367,202,3,3.0,25873,144,2023,208.88,Action
367,74,2,3.26,91915,148,2011,169.31,Sci-Fi
367,519,3,2.54,16335,126,2000,207.51,Drama
367,781,2,6.06,5805,174,2025,175.6,Drama
367,706,4,5.66,94977,89,2013,470.36,Horror
368,707,1,2.68,70948,95,2000,364.15,Comedy
368,143,4,9.16,86016,98,2024,375.78,Sci-Fi
368,733,4,2.03,59930,178,2011,7.92,Horror
368,93,5,3.83,80292,156,2015,472.0,Horror
368,335,4,6.8,73279,173,2004,101.29,Action
368,456,1,6.3,42470,106,2015,15.1,Drama
368,186,3,6.01,77584,104,2014,185.0,Drama
368,279,3,4.42,33539,119,2021,320.6,Horror
368,972,1,4.82,99936,122,2008,121.31,Sci-Fi
368,306,2,1.26,89051,145,2001,59.32,Action
368,486,2,3.96,76012,124,2007,113.38,Drama
369,138,4,5.28,94078,145,2023,151.58,Action
369,249,2,6.63,23671,132,2009,280.56,Comedy
369,390,2,9.22,91305,118,2020,59.42,Sci-Fi
369,175,2,4.98,70184,97,2005,107.44,Horror
369,928,5,6.27,4593,133,2006,352.48,Sci-Fi
369,780,1,9.01,83260,92,2011,325.55,Horror
369,479,5,5.66,86974,144,2003,264.82,Drama
369,971,1,4.99,32952,132,2004,180.09,Drama
369,866,3,5.96,30418,178,2015,213.55,Drama
369,787,3,1.23,43591,152,2002,206.56,Comedy
370,245,4,7.74,63538,85,2018,361.44,Action
370,461,2,3.34,48242,133,2014,17.23,Action
370,353,4,6.72,27067,139,2016,172.24,Sci-Fi
370,646,4,6.21,36767,147,2013,214.83,Sci-Fi
370,348,4,8.25,74900,107,2016,249.14,Drama
370,21,5,8.77,91672,120,2010,9.71,Drama
370,386,3,8.75,97941,155,2013,486.2,Comedy
370,322,4,1.32,40061,107,2011,460.36,Action
370,59,1,7.69,99867,104,2012,252.53,Action
370,351,2,3.66,45541,83,2008,402.94,Comedy
370,786,3,5.98,85209,111,2001,331.63,Action
370,898,2,4.34,65213,171,2006,226.51,Comedy
370,838,1,8.35,81985,180,2012,4.02,Drama
370,774,5,4.9,19363,103,2001,217.05,Horror
370,4,5,1.13,37539,166,2020,391.75,Action
370,971,2,4.99,32952,132,2004,180.09,Drama
371,185,2,7.79,89483,140,2002,65.44,Action
371,776,2,3.17,4806,177,2007,453.69,Action
371,18,4,4.04,13427,88,2005,442.32,Drama
371,553,4,8.31,2505,170,2001,97.02,Horror
371,572,2,5.85,47602,80,2005,128.1,Action
371,657,2,3.61,66040,95,2006,390.07,Sci-Fi
371,852,5,4.3,98101,110,2011,498.22,Comedy
371,288,2,6.04,9779,155,2025,498.07,Horror
371,913,4,2.82,61811,138,2023,482.49,Horror
371,763,5,1.13,89973,172,2022,425.05,Drama
371,141,3,9.05,6761,112,2016,375.22,Action
371,48,3,7.57,12482,176,2013,254.76,Sci-Fi
371,316,1,3.33,58946,159,2020,30.68,Horror
371,387,2,3.97,44396,154,2004,362.01,Comedy
371,255,5,9.75,86396,163,2003,55.95,Horror
371,393,5,5.76,98306,124,2002,174.8,Horror
371,441,3,3.26,60167,144,2022,82.31,Horror
371,971,3,4.99,32952,132,2004,180.09,Drama
372,485,4,2.45,42515,100,2015,150.04,Comedy
372,640,2,7.69,72540,97,2019,398.94,Action
372,183,4,2.01,26813,176,2013,32.19,Horror
372,986,2,9.95,50646,158,2017,440.95,Action
372,472,4,8.9,77424,133,2011,397.97,Sci-Fi
372,68,4,5.07,84734,152,2006,413.9,Sci-Fi
372,382,5,6.33,83895,93,2015,475.43,Sci-Fi
372,543,1,3.53,78712,121,2018,151.25,Action
372,14,3,3.85,87855,82,2019,165.71,Drama
372,777,3,6.96,56048,156,2017,3.23,Action
372,639,1,9.24,26069,114,2025,431.25,Horror
372,213,2,9.87,43394,93,2015,56.13,Action
373,326,2,5.09,3775,153,2005,315.78,Drama
373,633,1,5.7,71329,123,2024,448.39,Horror
373,436,4,9.03,10031,89,2004,428.41,Horror
373,408,1,7.08,38067,123,2011,200.19,Sci-Fi
373,753,3,4.98,88366,136,2002,270.63,Horror
373,354,5,9.77,10261,138,2004,279.66,Comedy
373,126,2,5.11,24173,158,2001,13.64,Action
373,889,1,1.18,81276,123,2020,469.33,Action
373,357,4,9.65,32875,107,2025,358.23,Horror
373,495,3,8.81,6533,100,2021,78.71,Comedy
373,392,4,4.42,25874,174,2016,14.14,Comedy
373,943,4,8.26,9914,176,2023,28.99,Action
373,285,1,4.96,58469,120,2011,18.42,Action
373,165,1,4.6,92185,87,2020,473.9,Sci-Fi
373,871,2,3.01,82326,142,2015,267.58,Drama
373,489,1,7.02,42440,108,2015,482.79,Horror
374,107,1,9.07,57679,151,2018,180.76,Comedy
374,506,3,3.31,66681,143,2005,122.63,Action
374,548,3,8.2,20271,168,2006,375.9,Comedy
374,579,4,8.16,48731,154,2015,445.64,Drama
374,409,5,3.94,76523,92,2009,439.75,Sci-Fi
374,809,5,9.96,68074,94,2019,377.72,Drama
374,849,4,7.56,75342,169,2008,232.82,Horror
374,806,5,3.5,38984,139,2011,323.01,Sci-Fi
374,173,1,3.94,71439,112,2017,139.2,Drama
374,669,3,8.27,74828,139,2020,76.19,Drama
374,552,1,7.04,92587,151,2017,354.57,Sci-Fi
375,366,2,5.02,45869,173,2002,446.23,Action
375,131,2,9.46,35844,151,2000,314.03,Drama
375,887,1,3.41,2152,170,2020,327.14,Horror
375,136,5,3.76,14002,124,2012,209.37,Horror
375,809,2,9.96,68074,94,2019,377.72,Drama
375,934,2,1.07,53410,98,2000,361.76,Action
375,302,1,9.9,2104,155,2015,496.71,Action
375,682,3,9.85,31487,160,2008,46.38,Sci-Fi
375,387,3,3.97,44396,154,2004,362.01,Comedy
375,912,4,7.78,40795,118,2019,171.16,Drama
375,474,2,6.72,44352,124,2023,464.66,Drama
375,768,1,6.09,18329,109,2005,84.66,Comedy
375,17,4,5.97,12935,115,2001,494.22,Action
375,174,1,5.67,75593,114,2017,326.12,Horror
375,597,2,4.03,87858,171,2022,98.28,Action
375,392,4,4.42,25874,174,2016,14.14,Comedy
375,501,4,7.18,64430,125,2004,194.5,Horror
376,249,1,6.63,23671,132,2009,280.56,Comedy
376,554,5,2.8,89037,146,2004,450.94,Comedy
376,464,5,2.98,85928,178,2023,356.33,Action
376,426,4,1.78,4981,168,2008,255.41,Comedy
376,483,3,9.11,71533,177,2010,150.06,Drama
376,218,2,2.69,98485,119,2023,281.03,Comedy
376,940,3,2.13,61163,116,2019,101.56,Action
376,438,4,7.36,17478,121,2007,235.5,Comedy
376,161,1,8.08,27281,81,2009,478.36,Action
376,417,1,7.34,260,180,2016,299.17,Comedy
376,291,3,8.24,27127,142,2010,497.62,Sci-Fi
376,403,2,3.17,70883,151,2021,53.89,Action
376,122,2,3.46,36870,132,2011,499.47,Action
376,882,1,7.18,48934,106,2022,379.27,Comedy
376,992,5,1.69,8279,123,2002,306.26,Action
376,678,5,8.04,93969,95,2000,90.65,Drama
377,209,3,3.21,14591,128,2025,454.02,Sci-Fi
377,351,2,3.66,45541,83,2008,402.94,Comedy
377,826,5,6.73,3290,164,2016,290.45,Horror
377,130,4,8.9,23520,152,2013,44.64,Sci-Fi
377,888,3,2.16,64533,177,2008,276.93,Comedy
377,862,5,8.6,54386,162,2014,4.9,Drama
377,421,2,6.58,83233,112,2010,130.67,Sci-Fi
377,710,1,9.99,42880,137,2023,207.3,Comedy
377,11,5,9.67,42303,136,2014,203.92,Drama
377,504,1,3.88,79745,134,2015,355.54,Sci-Fi
378,770,4,8.26,10079,131,2000,33.84,Horror
378,269,3,5.97,87306,163,2013,94.78,Comedy
378,891,1,5.56,57951,160,2018,149.83,Action
378,405,5,9.94,79758,127,2023,450.76,Action
378,417,2,7.34,260,180,2016,299.17,Comedy
379,791,1,6.39,59649,132,2023,470.8,Action
379,386,3,8.75,97941,155,2013,486.2,Comedy
379,689,5,5.58,27678,165,2019,112.84,Sci-Fi
379,165,4,4.6,92185,87,2020,473.9,Sci-Fi
379,247,2,5.01,52072,116,2001,189.93,Action
379,804,1,9.23,70128,89,2002,232.0,Horror
379,453,3,4.75,85047,148,2012,230.66,Action
379,9,5,2.75,57485,179,2024,397.22,Comedy
379,242,1,7.68,17618,137,2016,233.71,Drama
379,248,3,3.57,78249,118,2010,443.37,Action
379,878,2,3.19,93967,84,2015,453.72,Sci-Fi
379,267,2,4.15,80297,128,2016,291.96,Drama
379,779,1,5.36,51438,88,2003,163.55,Comedy
380,353,3,6.72,27067,139,2016,172.24,Sci-Fi
380,877,2,2.53,5464,151,2001,4.24,Drama
380,244,5,8.36,81392,178,2003,289.85,Horror
380,95,4,8.2,52317,138,2012,96.37,Sci-Fi
380,340,3,4.09,85272,119,2002,464.82,Horror
380,332,3,4.79,63329,165,2008,16.06,Sci-Fi
380,354,4,9.77,10261,138,2004,279.66,Comedy
381,167,5,3.62,96326,116,2019,426.05,Drama
381,104,3,9.8,2553,110,2017,68.21,Action
381,901,2,9.14,58728,86,2012,283.54,Horror
381,346,5,4.28,45275,90,2023,58.72,Sci-Fi
381,194,1,8.8,44337,180,2004,164.3,Action
381,223,1,3.85,57509,166,2013,246.16,Horror
381,351,5,3.66,45541,83,2008,402.94,Comedy
381,541,5,4.11,31857,153,2021,210.57,Comedy
381,251,2,9.01,36847,103,2013,399.76,Sci-Fi
382,434,1,4.37,18704,139,2014,412.15,Horror
382,824,3,2.17,20464,98,2003,103.02,Comedy
382,93,2,3.83,80292,156,2015,472.0,Horror
382,884,4,2.22,14701,157,2009,222.98,Comedy
382,354,2,9.77,10261,138,2004,279.66,Comedy
382,495,3,8.81,6533,100,2021,78.71,Comedy
382,573,2,8.16,57502,167,2013,268.95,Action
382,313,3,4.52,70842,89,2015,82.29,Drama
382,803,2,3.46,87977,139,2010,34.27,Horror
383,41,3,1.06,39158,101,2003,321.63,Action
383,471,1,7.99,30085,146,2014,166.01,Horror
383,230,2,1.28,71253,153,2015,398.36,Drama
383,723,2,2.6,72422,158,2001,101.29,Horror
383,69,4,9.98,70228,143,2020,77.72,Horror
383,339,4,5.68,74820,104,2010,248.89,Sci-Fi
383,583,4,9.97,40723,177,2008,268.01,Drama
383,792,5,4.64,3756,82,2005,296.37,Sci-Fi
383,139,5,3.07,12994,107,2016,426.63,Comedy
383,408,4,7.08,38067,123,2011,200.19,Sci-Fi
383,503,3,9.19,39995,120,2016,462.55,Comedy
384,257,1,1.54,40835,113,2022,241.54,Drama
384,661,2,6.58,57205,80,2025,97.86,Horror
384,41,3,1.06,39158,101,2003,321.63,Action
384,66,1,3.4,19875,176,2020,83.72,Action
384,84,1,4.3,56465,148,2008,47.03,Action
384,841,1,8.7,43842,156,2012,56.1,Action
384,983,5,3.16,23207,85,2017,115.96,Comedy
384,398,5,2.76,70800,98,2023,282.94,Comedy
384,286,4,5.63,83291,162,2002,259.86,Sci-Fi
384,931,2,5.27,48159,120,2019,301.15,Horror
384,938,1,1.86,45274,147,2008,394.49,Action
384,374,1,5.33,83073,136,2009,37.19,Drama
384,263,4,1.24,20166,171,2012,60.33,Sci-Fi
385,306,2,1.26,89051,145,2001,59.32,Action
385,417,3,7.34,260,180,2016,299.17,Comedy
385,686,3,5.91,17006,107,2017,151.41,Comedy
385,898,1,4.34,65213,171,2006,226.51,Comedy
385,203,3,6.03,13869,162,2024,467.76,Horror
385,729,1,7.49,80041,144,2009,373.29,Sci-Fi
385,221,1,6.09,5342,82,2024,23.29,Comedy
385,793,1,7.83,10542,177,2012,482.9,Action
385,519,3,2.54,16335,126,2000,207.51,Drama
385,708,2,9.64,12107,156,2003,95.57,Action
386,57,2,7.56,87413,93,2007,309.2,Action
386,19,1,4.72,11987,174,2015,341.33,Horror
386,733,1,2.03,59930,178,2011,7.92,Horror
386,937,1,6.12,92703,112,2021,118.98,Sci-Fi
386,857,4,6.37,56372,159,2022,241.98,Drama
386,327,3,2.09,68843,154,2014,131.86,Action
386,722,1,1.99,59682,85,2007,469.31,Comedy
387,687,3,4.46,73322,149,2015,35.45,Horror
387,926,1,6.39,99087,114,2006,284.67,Drama
387,465,4,6.61,27650,177,2009,65.4,Action
387,48,4,7.57,12482,176,2013,254.76,Sci-Fi
387,100,5,9.2,23024,177,2009,4.28,Sci-Fi
387,330,5,1.62,50453,134,2011,368.22,Drama
387,669,5,8.27,74828,139,2020,76.19,Drama
387,949,4,8.95,74777,119,2010,273.21,Sci-Fi
387,355,3,3.39,714,103,2012,413.83,Action
387,550,3,4.42,2162,118,2024,428.65,Drama
388,988,2,9.01,39640,142,2000,190.61,Drama
388,802,5,1.21,26630,178,2003,140.79,Horror
388,21,3,8.77,91672,120,2010,9.71,Drama
388,647,5,9.36,33176,93,2025,125.85,Sci-Fi
388,471,2,7.99,30085,146,2014,166.01,Horror
388,5,3,2.32,79798,120,2016,12.73,Drama
389,884,2,2.22,14701,157,2009,222.98,Comedy
389,783,5,1.24,31737,160,2010,123.41,Comedy
389,749,4,1.16,45327,139,2000,467.85,Comedy
389,660,2,4.42,28472,115,2011,49.74,Sci-Fi
389,107,3,9.07,57679,151,2018,180.76,Comedy
389,532,5,7.05,17506,100,2018,211.6,Action
389,997,4,9.38,45004,167,2019,423.27,Sci-Fi
389,815,3,8.24,90909,86,2007,400.91,Horror
389,29,3,1.84,31448,95,2023,366.31,Horror
389,285,3,4.96,58469,120,2011,18.42,Action
389,894,4,3.87,83376,82,2008,480.08,Action
389,635,4,3.17,17449,81,2017,431.16,Drama
389,17,4,5.97,12935,115,2001,494.22,Action
389,478,1,7.33,79690,119,2013,227.92,Action
389,511,1,5.35,16669,159,2000,127.75,Horror
389,913,5,2.82,61811,138,2023,482.49,Horror
389,420,1,3.92,87954,144,2006,387.48,Drama
389,773,5,7.88,57203,176,2012,394.42,Action
389,657,3,3.61,66040,95,2006,390.07,Sci-Fi
389,878,4,3.19,93967,84,2015,453.72,Sci-Fi
390,582,5,4.01,59881,142,2010,402.94,Action
390,764,1,5.68,64108,155,2004,474.48,Action
390,120,3,3.19,75376,138,2001,408.56,Sci-Fi
390,246,1,7.3,82488,100,2020,415.61,Drama
390,46,5,7.67,91008,92,2002,477.3,Action
390,570,2,1.08,11746,102,2012,338.45,Sci-Fi
390,281,5,8.97,95657,94,2025,488.23,Horror
390,751,2,3.62,2410,142,2022,135.36,Horror
390,615,2,5.52,10735,160,2012,6.13,Horror
391,886,5,9.0,91032,161,2004,169.72,Sci-Fi
391,183,2,2.01,26813,176,2013,32.19,Horror
391,996,3,7.17,42251,177,2010,166.47,Sci-Fi
391,691,1,7.1,41629,130,2022,104.39,Drama
391,645,1,8.38,32065,152,2009,437.18,Horror
391,189,1,2.47,24141,158,2023,176.27,Comedy
391,671,5,1.82,12733,143,2018,287.42,Horror
391,471,2,7.99,30085,146,2014,166.01,Horror
391,995,1,4.33,93606,141,2006,155.54,Drama
391,348,5,8.25,74900,107,2016,249.14,Drama
391,459,1,3.29,82262,107,2019,92.97,Sci-Fi
391,773,2,7.88,57203,176,2012,394.42,Action
391,875,5,8.37,15013,135,2012,181.81,Action
391,13,3,9.33,81747,121,2015,234.07,Comedy
391,737,4,5.21,84487,105,2005,118.14,Comedy
391,98,2,2.96,39667,117,2006,396.76,Drama
392,862,4,8.6,54386,162,2014,4.9,Drama
392,194,1,8.8,44337,180,2004,164.3,Action
392,109,5,7.98,92174,136,2005,28.71,Sci-Fi
392,264,5,7.25,90024,177,2006,290.93,Sci-Fi
392,411,4,3.36,59097,154,2012,68.32,Comedy
392,657,5,3.61,66040,95,2006,390.07,Sci-Fi
392,35,2,6.36,30140,157,2002,115.88,Action
392,9,5,2.75,57485,179,2024,397.22,Comedy
392,304,2,4.82,65425,99,2004,433.65,Horror
392,599,4,7.07,78511,167,2023,31.42,Sci-Fi
392,176,2,4.46,33840,97,2016,37.6,Comedy
392,196,2,4.53,15059,132,2020,7.01,Horror
392,240,3,5.51,11885,168,2011,429.9,Sci-Fi
392,990,1,3.02,58840,108,2005,307.53,Comedy
393,403,2,3.17,70883,151,2021,53.89,Action
393,737,4,5.21,84487,105,2005,118.14,Comedy
393,41,1,1.06,39158,101,2003,321.63,Action
393,428,1,6.17,89580,130,2004,318.77,Action
393,449,5,5.48,59019,154,2023,170.66,Horror
393,594,3,1.57,21327,177,2003,369.21,Drama
393,755,1,6.36,44297,133,2002,68.33,Action
393,680,5,2.96,71122,133,2014,404.31,Comedy
393,413,3,4.66,93265,156,2020,449.83,Sci-Fi
393,240,2,5.51,11885,168,2011,429.9,Sci-Fi
393,875,1,8.37,15013,135,2012,181.81,Action
393,320,5,7.79,29293,110,2019,78.23,Drama
393,497,1,1.15,19039,139,2002,120.55,Drama
393,610,1,9.83,86013,124,2001,225.99,Sci-Fi
393,893,4,1.76,50909,116,2005,298.6,Horror
393,112,1,8.58,42298,145,2024,255.56,Horror
394,732,2,8.25,26445,129,2018,294.31,Drama
394,466,1,2.77,57353,91,2009,339.74,Comedy
394,573,2,8.16,57502,167,2013,268.95,Action
394,431,1,8.8,13043,107,2012,295.7,Action
394,942,1,4.35,97091,156,2013,79.25,Sci-Fi
394,637,3,5.57,1380,113,2002,458.39,Horror
394,499,5,5.27,84037,170,2018,328.66,Comedy
394,106,4,6.46,96903,156,2024,443.8,Action
394,663,5,2.24,90467,147,2016,410.22,Drama
394,500,2,1.95,87782,169,2008,484.75,Action
394,772,5,7.87,41799,83,2025,86.38,Drama
394,310,1,7.61,61088,114,2002,451.46,Sci-Fi
394,170,3,9.3,66754,135,2001,186.22,Sci-Fi
394,738,5,7.14,30548,106,2008,374.07,Comedy
394,72,4,2.36,73204,135,2012,70.55,Horror
394,293,2,8.18,60661,168,2013,433.2,Comedy
394,890,2,1.35,33049,82,2019,28.56,Horror
394,634,2,1.59,36019,176,2020,239.05,Comedy
394,366,3,5.02,45869,173,2002,446.23,Action
394,17,2,5.97,12935,115,2001,494.22,Action
395,121,3,9.21,45062,161,2006,330.64,Sci-Fi
395,603,3,8.37,45849,147,2010,67.16,Horror
395,42,2,3.36,15816,100,2015,385.27,Action
395,761,4,7.47,26346,113,2016,332.03,Horror
395,956,2,8.78,19852,97,2007,495.78,Sci-Fi
395,867,3,9.84,60774,97,2000,379.63,Horror
395,470,5,3.1,2082,142,2012,109.84,Action
395,687,2,4.46,73322,149,2015,35.45,Horror
395,90,1,1.27,40203,160,2009,455.96,Action
395,893,5,1.76,50909,116,2005,298.6,Horror
395,457,1,2.41,64071,111,2010,55.8,Action
395,651,2,3.86,42073,120,2002,200.04,Drama
395,74,2,3.26,91915,148,2011,169.31,Sci-Fi
395,537,5,8.77,88973,136,2019,460.87,Comedy
396,944,3,1.14,26463,175,2018,264.83,Horror
396,730,1,1.76,91682,166,2017,237.37,Drama
396,314,1,3.61,71587,106,2011,312.95,Action
396,401,5,9.6,49419,100,2003,460.68,Action
396,980,4,5.75,67431,113,2000,285.49,Action
396,358,2,6.62,76538,157,2012,264.9,Sci-Fi
396,874,1,1.85,74870,164,2015,265.44,Horror
396,812,5,8.43,56127,131,2008,146.46,Horror
396,332,1,4.79,63329,165,2008,16.06,Sci-Fi
396,24,1,2.83,22538,101,2022,273.9,Horror
396,438,3,7.36,17478,121,2007,235.5,Comedy
396,404,2,3.47,22306,162,2012,417.09,Sci-Fi
396,453,3,4.75,85047,148,2012,230.66,Action
396,266,2,2.13,91066,151,2025,385.23,Action
396,814,2,5.77,1945,103,2005,69.34,Drama
396,649,2,9.26,80946,127,2016,49.9,Comedy
396,239,5,8.65,18205,176,2009,88.13,Horror
396,513,3,6.61,61767,131,2000,136.1,Comedy
396,446,5,8.08,6551,86,2020,191.82,Action
396,545,4,7.2,6655,133,2008,412.05,Horror
397,933,4,6.97,84340,141,2009,102.59,Comedy
397,669,2,8.27,74828,139,2020,76.19,Drama
397,211,3,5.02,71522,113,2019,74.05,Drama
397,235,2,4.69,13489,98,2025,31.94,Action
397,538,5,7.53,30148,114,2020,114.76,Comedy
397,854,2,2.14,25103,175,2018,363.58,Sci-Fi
397,164,1,9.82,85832,179,2023,426.46,Horror
397,563,3,1.64,67428,95,2000,458.69,Sci-Fi
397,764,3,5.68,64108,155,2004,474.48,Action
397,431,2,8.8,13043,107,2012,295.7,Action
397,283,2,9.25,81511,101,2018,427.32,Action
397,428,2,6.17,89580,130,2004,318.77,Action
397,869,5,2.31,70416,133,2016,268.57,Horror
397,664,5,4.57,95853,95,2000,421.63,Action
397,966,4,9.41,22447,82,2013,401.31,Comedy
398,24,4,2.83,22538,101,2022,273.9,Horror
398,28,5,9.47,49524,150,2022,37.47,Sci-Fi
398,711,2,5.15,98114,138,2015,344.81,Comedy
398,604,5,7.14,98508,137,2016,338.97,Drama
398,381,3,3.12,97967,87,2007,156.04,Sci-Fi
398,932,5,5.09,55874,130,2023,80.27,Sci-Fi
398,479,4,5.66,86974,144,2003,264.82,Drama
398,534,3,9.22,29740,98,2013,129.47,Drama
398,881,2,8.72,22888,114,2015,257.8,Horror
398,230,3,1.28,71253,153,2015,398.36,Drama
398,717,5,4.95,64875,130,2000,188.24,Comedy
398,677,2,6.88,43538,175,2014,81.17,Action
398,52,2,9.5,35105,123,2004,291.62,Action
398,12,1,5.08,40872,120,2023,266.45,Action
398,745,1,2.06,8080,102,2002,9.28,Horror
398,100,3,9.2,23024,177,2009,4.28,Sci-Fi
398,684,5,8.22,12769,136,2004,342.51,Sci-Fi
398,107,1,9.07,57679,151,2018,180.76,Comedy
399,659,1,1.53,60110,103,2024,408.18,Action
399,761,3,7.47,26346,113,2016,332.03,Horror
399,138,2,5.28,94078,145,2023,151.58,Action
399,820,1,7.23,71604,120,2005,294.29,Drama
399,787,4,1.23,43591,152,2002,206.56,Comedy
399,524,5,9.53,92448,94,2004,8.95,Sci-Fi
399,755,1,6.36,44297,133,2002,68.33,Action
399,239,5,8.65,18205,176,2009,88.13,Horror
399,527,2,4.63,51584,175,2021,162.1,Drama
399,145,1,9.76,30786,108,2012,435.86,Action
399,765,2,1.22,42188,174,2013,234.53,Horror
399,887,3,3.41,2152,170,2020,327.14,Horror
400,795,4,1.16,44081,137,2009,305.77,Action
400,516,3,1.58,31126,137,2015,245.98,Sci-Fi
400,995,1,4.33,93606,141,2006,155.54,Drama
400,398,3,2.76,70800,98,2023,282.94,Comedy
400,738,2,7.14,30548,106,2008,374.07,Comedy
401,223,5,3.85,57509,166,2013,246.16,Horror
401,430,4,2.11,36875,83,2012,258.94,Action
401,121,2,9.21,45062,161,2006,330.64,Sci-Fi
401,560,1,2.3,12617,158,2014,325.81,Sci-Fi
401,258,4,1.43,55821,102,2001,95.64,Comedy
401,906,5,4.39,56166,166,2007,197.04,Sci-Fi
401,469,2,5.9,88797,168,2001,59.59,Action
402,775,1,1.45,47731,154,2004,189.17,Drama
402,676,4,3.26,10833,108,2008,414.41,Sci-Fi
402,59,5,7.69,99867,104,2012,252.53,Action
402,296,5,3.27,38068,127,2015,327.52,Action
402,351,4,3.66,45541,83,2008,402.94,Comedy
402,247,1,5.01,52072,116,2001,189.93,Action
402,153,4,2.83,43032,174,2009,218.68,Horror
402,585,2,2.85,11672,83,2001,77.16,Horror
402,346,5,4.28,45275,90,2023,58.72,Sci-Fi
402,242,1,7.68,17618,137,2016,233.71,Drama
402,265,1,4.25,20866,142,2024,155.31,Horror
402,850,3,9.11,36762,151,2022,196.11,Drama
402,551,1,2.74,68494,133,2013,175.16,Action
402,258,4,1.43,55821,102,2001,95.64,Comedy
402,17,1,5.97,12935,115,2001,494.22,Action
402,638,1,9.88,47522,129,2006,151.73,Comedy
403,572,1,5.85,47602,80,2005,128.1,Action
403,556,5,9.96,85044,153,2024,104.02,Comedy
403,664,5,4.57,95853,95,2000,421.63,Action
403,357,2,9.65,32875,107,2025,358.23,Horror
403,294,1,3.06,41792,123,2024,13.12,Comedy
403,674,2,5.86,79276,113,2020,235.42,Drama
403,871,2,3.01,82326,142,2015,267.58,Drama
403,77,5,4.45,89693,103,2025,400.06,Sci-Fi
403,495,4,8.81,6533,100,2021,78.71,Comedy
403,353,5,6.72,27067,139,2016,172.24,Sci-Fi
403,929,2,2.64,61077,150,2024,354.93,Drama
403,512,3,7.51,64447,164,2017,468.67,Drama
403,10,5,1.34,70647,116,2019,258.58,Drama
403,782,3,4.64,70405,88,2002,59.36,Action
403,490,3,8.15,60011,115,2000,73.26,Sci-Fi
404,940,5,2.13,61163,116,2019,101.56,Action
404,754,5,5.08,28794,118,2019,217.48,Horror
404,89,4,3.22,22791,112,2004,446.59,Horror
404,911,2,7.6,4350,177,2015,479.52,Horror
404,531,5,6.18,56109,161,2010,198.33,Drama
404,632,4,8.85,29726,169,2015,1.64,Action
405,13,4,9.33,81747,121,2015,234.07,Comedy
405,588,1,8.13,47748,129,2023,101.31,Comedy
405,996,4,7.17,42251,177,2010,166.47,Sci-Fi
405,33,4,7.52,87662,85,2011,64.04,Comedy
405,342,1,5.65,81897,156,2012,39.87,Sci-Fi
405,633,5,5.7,71329,123,2024,448.39,Horror
405,812,1,8.43,56127,131,2008,146.46,Horror
405,740,5,6.21,8833,119,2016,10.08,Sci-Fi
405,644,3,1.96,55263,162,2017,337.9,Drama
405,428,1,6.17,89580,130,2004,318.77,Action
405,228,2,4.13,72068,106,2020,98.28,Drama
405,472,5,8.9,77424,133,2011,397.97,Sci-Fi
405,984,1,3.31,32539,144,2014,276.9,Comedy
405,512,1,7.51,64447,164,2017,468.67,Drama
405,443,5,3.95,11806,143,2008,428.8,Comedy
405,601,5,7.27,89309,123,2008,225.62,Horror
405,752,1,5.55,73479,178,2010,416.1,Action
405,943,1,8.26,9914,176,2023,28.99,Action
405,192,1,4.69,95544,180,2024,146.0,Action
405,549,5,7.37,17345,118,2011,447.54,Comedy
406,96,3,7.66,28997,104,2007,134.27,Comedy
406,757,2,1.78,79722,81,2016,125.35,Action
406,137,3,2.34,5619,100,2011,307.38,Drama
406,739,2,7.65,71044,133,2009,323.69,Sci-Fi
406,437,2,5.35,39997,123,2007,430.92,Action
406,986,3,9.95,50646,158,2017,440.95,Action
406,883,4,2.88,44764,108,2001,338.12,Comedy
406,267,3,4.15,80297,128,2016,291.96,Drama
406,100,1,9.2,23024,177,2009,4.28,Sci-Fi
406,45,3,1.53,94599,104,2014,112.65,Horror
406,383,5,3.15,95255,88,2005,167.8,Horror
406,47,4,9.96,63782,175,2021,397.34,Action
406,745,4,2.06,8080,102,2002,9.28,Horror
406,450,3,8.4,92540,93,2004,350.68,Drama
406,816,2,7.94,40594,165,2009,49.88,Action
406,120,4,3.19,75376,138,2001,408.56,Sci-Fi
407,464,3,2.98,85928,178,2023,356.33,Action
407,42,1,3.36,15816,100,2015,385.27,Action
407,386,2,8.75,97941,155,2013,486.2,Comedy
407,519,1,2.54,16335,126,2000,207.51,Drama
407,452,1,5.2,85817,165,2007,491.24,Sci-Fi
407,743,5,9.45,53320,139,2011,320.58,Comedy
407,643,2,9.71,10431,88,2018,142.45,Horror
407,731,1,1.68,90075,140,2010,472.1,Comedy
407,592,4,6.0,65571,90,2014,410.55,Drama
407,876,5,9.08,83915,143,2025,294.52,Drama
407,215,5,1.32,3654,169,2025,16.63,Drama
408,534,4,9.22,29740,98,2013,129.47,Drama
408,495,3,8.81,6533,100,2021,78.71,Comedy
408,428,4,6.17,89580,130,2004,318.77,Action
408,369,5,9.69,63113,173,2011,128.78,Horror
408,170,3,9.3,66754,135,2001,186.22,Sci-Fi
408,433,2,2.53,65278,138,2019,121.69,Comedy
408,698,1,3.09,17021,141,2011,406.81,Action
408,690,4,6.01,40715,86,2025,19.86,Horror
408,673,3,1.01,24127,100,2019,247.96,Sci-Fi
408,371,2,7.39,96838,101,2019,357.44,Sci-Fi
409,207,5,6.86,27673,157,2005,410.03,Action
409,778,4,6.5,59642,175,2005,479.96,Comedy
409,626,5,5.42,73753,134,2018,132.26,Drama
409,158,5,8.22,4346,107,2002,449.08,Drama
409,550,2,4.42,2162,118,2024,428.65,Drama
409,435,3,7.62,93493,113,2008,431.56,Action
409,397,4,9.22,52584,167,2002,33.48,Horror
409,76,1,5.78,39297,169,2014,59.12,Horror
409,370,4,6.8,45998,135,2000,89.79,Sci-Fi
409,608,5,4.18,62105,148,2018,183.3,Comedy
409,977,2,1.2,8624,158,2012,17.31,Comedy
410,255,4,9.75,86396,163,2003,55.95,Horror
410,715,3,8.07,64781,176,2010,340.08,Action
410,930,5,8.36,69428,81,2000,443.81,Horror
410,120,4,3.19,75376,138,2001,408.56,Sci-Fi
410,230,5,1.28,71253,153,2015,398.36,Drama
410,989,2,3.55,2095,95,2023,189.17,Horror
410,461,2,3.34,48242,133,2014,17.23,Action
410,574,4,3.14,36560,106,2019,193.58,Comedy
410,387,2,3.97,44396,154,2004,362.01,Comedy
410,108,2,3.76,50110,107,2006,308.63,Comedy
410,769,4,5.47,22660,123,2003,336.15,Sci-Fi
410,607,5,2.75,23737,148,2015,10.39,Comedy
410,419,5,1.15,99453,80,2011,182.7,Action
411,186,1,6.01,77584,104,2014,185.0,Drama
411,106,5,6.46,96903,156,2024,443.8,Action
411,828,2,6.43,56744,163,2007,324.25,Horror
411,557,3,5.15,56083,111,2009,100.4,Drama
411,32,1,8.56,33775,148,2012,331.43,Action
411,978,5,9.93,23235,175,2015,460.74,Sci-Fi
411,318,4,7.37,96503,135,2020,235.73,Action
411,664,3,4.57,95853,95,2000,421.63,Action
411,165,4,4.6,92185,87,2020,473.9,Sci-Fi
411,426,3,1.78,4981,168,2008,255.41,Comedy
411,483,5,9.11,71533,177,2010,150.06,Drama
411,170,2,9.3,66754,135,2001,186.22,Sci-Fi
412,484,4,8.08,702,167,2012,470.12,Sci-Fi
412,882,1,7.18,48934,106,2022,379.27,Comedy
412,331,1,5.81,64265,92,2004,277.0,Comedy
412,489,1,7.02,42440,108,2015,482.79,Horror
412,77,4,4.45,89693,103,2025,400.06,Sci-Fi
412,125,3,2.74,84189,180,2014,202.51,Action
412,186,4,6.01,77584,104,2014,185.0,Drama
412,628,5,5.14,17014,90,2022,206.62,Sci-Fi
412,850,2,9.11,36762,151,2022,196.11,Drama
412,399,2,9.48,41081,113,2014,481.78,Drama
412,319,1,3.18,73807,104,2006,95.39,Drama
413,216,5,5.4,37078,119,2018,336.44,Comedy
413,736,5,2.36,37181,94,2005,480.94,Action
413,780,5,9.01,83260,92,2011,325.55,Horror
413,338,3,1.33,82969,88,2004,94.46,Comedy
413,996,4,7.17,42251,177,2010,166.47,Sci-Fi
413,870,4,7.6,16428,119,2011,8.27,Drama
413,942,4,4.35,97091,156,2013,79.25,Sci-Fi
413,47,4,9.96,63782,175,2021,397.34,Action
413,336,3,3.99,56385,148,2002,375.53,Sci-Fi
413,226,3,1.94,59250,84,2010,8.84,Horror
413,764,5,5.68,64108,155,2004,474.48,Action
413,199,3,5.67,24561,108,2004,321.3,Comedy
413,937,3,6.12,92703,112,2021,118.98,Sci-Fi
413,698,5,3.09,17021,141,2011,406.81,Action
413,556,5,9.96,85044,153,2024,104.02,Comedy
413,13,3,9.33,81747,121,2015,234.07,Comedy
413,283,3,9.25,81511,101,2018,427.32,Action
413,419,1,1.15,99453,80,2011,182.7,Action
414,860,2,5.62,87466,138,2016,108.45,Horror
414,481,5,5.38,27157,121,2004,268.79,Drama
414,930,2,8.36,69428,81,2000,443.81,Horror
414,81,1,1.66,99147,101,2005,271.88,Drama
414,57,3,7.56,87413,93,2007,309.2,Action
414,735,3,8.23,97692,123,2024,165.03,Drama
414,41,2,1.06,39158,101,2003,321.63,Action
414,778,2,6.5,59642,175,2005,479.96,Comedy
414,392,1,4.42,25874,174,2016,14.14,Comedy
414,638,3,9.88,47522,129,2006,151.73,Comedy
414,291,2,8.24,27127,142,2010,497.62,Sci-Fi
414,1,1,8.9,50325,127,2016,332.62,Horror
414,637,5,5.57,1380,113,2002,458.39,Horror
414,132,3,5.7,50657,135,2016,423.62,Comedy
415,337,3,6.94,46776,87,2003,266.51,Horror
415,374,3,5.33,83073,136,2009,37.19,Drama
415,38,5,8.86,24712,151,2003,461.24,Action
415,670,1,7.18,64496,122,2019,408.96,Drama
415,114,3,1.86,32342,105,2023,4.8,Action
415,976,2,7.55,64344,141,2018,66.44,Horror
416,924,3,8.08,38938,167,2000,38.8,Drama
416,631,4,1.11,7599,136,2011,211.9,Drama
416,932,3,5.09,55874,130,2023,80.27,Sci-Fi
416,872,4,7.64,27488,121,2011,128.35,Sci-Fi
416,712,5,4.19,67136,153,2017,66.92,Sci-Fi
416,964,5,7.36,66769,142,2001,313.57,Horror
416,14,2,3.85,87855,82,2019,165.71,Drama
416,583,1,9.97,40723,177,2008,268.01,Drama
416,934,5,1.07,53410,98,2000,361.76,Action
416,311,2,7.15,39798,91,2022,224.9,Comedy
416,555,2,1.52,78254,141,2002,107.08,Drama
416,762,5,4.43,95947,91,2025,266.09,Comedy
416,371,4,7.39,96838,101,2019,357.44,Sci-Fi
416,619,1,1.07,25084,143,2009,96.54,Comedy
416,621,1,1.07,1151,174,2003,6.5,Drama
416,736,4,2.36,37181,94,2005,480.94,Action
416,852,3,4.3,98101,110,2011,498.22,Comedy
416,334,1,1.09,32623,145,2024,252.54,Sci-Fi
417,814,5,5.77,1945,103,2005,69.34,Drama
417,225,1,3.27,53496,173,2020,261.7,Comedy
417,6,5,2.42,15530,84,2011,37.21,Comedy
417,136,1,3.76,14002,124,2012,209.37,Horror
417,511,2,5.35,16669,159,2000,127.75,Horror
417,590,2,7.58,43288,117,2019,44.25,Drama
417,618,3,2.15,24619,163,2024,24.27,Action
417,700,1,5.55,21264,145,2025,451.22,Drama
417,950,2,5.09,74106,122,2020,396.98,Drama
417,117,4,8.26,40757,161,2020,268.46,Action
417,105,3,8.73,76162,147,2021,138.89,Comedy
417,148,3,9.88,81316,167,2016,274.2,Drama
417,221,3,6.09,5342,82,2024,23.29,Comedy
417,421,5,6.58,83233,112,2010,130.67,Sci-Fi
417,751,4,3.62,2410,142,2022,135.36,Horror
417,1000,5,1.05,54257,129,2007,363.36,Sci-Fi
417,788,2,5.58,45119,102,2010,176.93,Action
417,795,3,1.16,44081,137,2009,305.77,Action
417,567,5,5.24,41558,144,2022,489.96,Horror
418,274,1,3.19,37071,84,2023,160.36,Drama
418,479,4,5.66,86974,144,2003,264.82,Drama
418,224,4,7.09,26078,90,2006,176.0,Action
418,560,4,2.3,12617,158,2014,325.81,Sci-Fi
418,966,3,9.41,22447,82,2013,401.31,Comedy
418,497,1,1.15,19039,139,2002,120.55,Drama
419,360,1,2.11,51949,174,2019,419.99,Comedy
419,387,5,3.97,44396,154,2004,362.01,Comedy
419,719,1,5.4,24263,125,2003,170.92,Sci-Fi
419,27,4,5.55,20440,90,2006,497.82,Comedy
419,640,4,7.69,72540,97,2019,398.94,Action
419,509,4,9.2,38901,127,2015,151.15,Drama
419,970,4,6.87,83003,180,2004,297.95,Sci-Fi
419,5,5,2.32,79798,120,2016,12.73,Drama
419,404,1,3.47,22306,162,2012,417.09,Sci-Fi
420,952,4,2.24,14941,151,2000,213.77,Comedy
420,370,2,6.8,45998,135,2000,89.79,Sci-Fi
420,455,2,4.49,9111,120,2003,302.36,Sci-Fi
420,643,2,9.71,10431,88,2018,142.45,Horror
420,342,3,5.65,81897,156,2012,39.87,Sci-Fi
420,193,2,3.3,39372,147,2006,128.91,Horror
420,588,5,8.13,47748,129,2023,101.31,Comedy
420,246,4,7.3,82488,100,2020,415.61,Drama
420,245,3,7.74,63538,85,2018,361.44,Action
420,901,5,9.14,58728,86,2012,283.54,Horror
420,539,2,7.02,92906,158,2019,318.63,Sci-Fi
420,710,4,9.99,42880,137,2023,207.3,Comedy
420,302,3,9.9,2104,155,2015,496.71,Action
420,475,2,2.83,7034,93,2019,481.66,Horror
420,957,1,3.8,69194,123,2007,287.95,Sci-Fi
420,293,3,8.18,60661,168,2013,433.2,Comedy
420,491,5,1.33,72066,118,2015,99.84,Sci-Fi
421,846,5,2.72,33592,143,2001,161.21,Action
421,368,5,8.13,30318,120,2010,101.24,Horror
421,756,2,3.09,69709,128,2023,239.29,Horror
421,47,4,9.96,63782,175,2021,397.34,Action
421,729,4,7.49,80041,144,2009,373.29,Sci-Fi
421,275,2,9.93,19551,158,2001,265.96,Sci-Fi
421,262,1,9.88,50514,92,2019,199.89,Horror
421,77,1,4.45,89693,103,2025,400.06,Sci-Fi
421,71,1,1.12,66196,149,2018,182.55,Horror
421,512,3,7.51,64447,164,2017,468.67,Drama
421,88,3,9.53,11883,178,2016,153.49,Action
421,662,2,7.44,96530,141,2009,177.54,Comedy
421,944,5,1.14,26463,175,2018,264.83,Horror
421,257,5,1.54,40835,113,2022,241.54,Drama
421,181,5,3.8,92597,167,2004,10.55,Sci-Fi
421,753,3,4.98,88366,136,2002,270.63,Horror
421,864,1,4.73,96535,159,2012,119.51,Sci-Fi
421,867,5,9.84,60774,97,2000,379.63,Horror
421,953,1,4.19,92588,170,2001,232.49,Sci-Fi
422,170,2,9.3,66754,135,2001,186.22,Sci-Fi
422,729,5,7.49,80041,144,2009,373.29,Sci-Fi
422,187,1,5.23,80449,82,2008,142.22,Action
422,134,2,6.29,50767,134,2010,393.46,Drama
422,104,5,9.8,2553,110,2017,68.21,Action
422,210,4,1.12,78391,171,2014,333.89,Sci-Fi
422,18,2,4.04,13427,88,2005,442.32,Drama
422,310,2,7.61,61088,114,2002,451.46,Sci-Fi
422,804,5,9.23,70128,89,2002,232.0,Horror
422,596,1,3.08,51778,85,2023,196.18,Sci-Fi
422,123,3,1.68,78173,93,2017,318.79,Comedy
422,801,2,4.32,7291,88,2011,33.9,Action
422,272,5,3.95,47440,171,2007,191.98,Action
422,894,1,3.87,83376,82,2008,480.08,Action
422,540,5,6.81,20077,135,2023,72.08,Sci-Fi
422,690,3,6.01,40715,86,2025,19.86,Horror
422,511,3,5.35,16669,159,2000,127.75,Horror
422,460,2,4.41,55921,174,2019,123.11,Comedy
422,621,5,1.07,1151,174,2003,6.5,Drama
423,470,4,3.1,2082,142,2012,109.84,Action
423,684,3,8.22,12769,136,2004,342.51,Sci-Fi
423,468,4,5.48,47993,148,2022,124.79,Horror
423,698,4,3.09,17021,141,2011,406.81,Action
423,795,3,1.16,44081,137,2009,305.77,Action
423,822,3,5.99,68188,172,2025,239.07,Comedy
423,20,1,9.06,66239,94,2003,92.1,Horror
423,846,3,2.72,33592,143,2001,161.21,Action
423,811,3,2.81,76982,80,2020,429.77,Comedy
423,194,1,8.8,44337,180,2004,164.3,Action
423,441,5,3.26,60167,144,2022,82.31,Horror
423,485,3,2.45,42515,100,2015,150.04,Comedy
423,384,5,8.11,90074,106,2020,385.42,Comedy
423,435,1,7.62,93493,113,2008,431.56,Action
423,314,5,3.61,71587,106,2011,312.95,Action
424,629,4,2.92,25536,86,2006,38.19,Drama
424,618,2,2.15,24619,163,2024,24.27,Action
424,947,2,4.06,85728,176,2019,40.31,Sci-Fi
424,560,4,2.3,12617,158,2014,325.81,Sci-Fi
424,750,3,3.65,97999,153,2023,56.78,Drama
424,263,1,1.24,20166,171,2012,60.33,Sci-Fi
424,517,2,3.92,47511,179,2000,303.48,Comedy
424,866,4,5.96,30418,178,2015,213.55,Drama
424,980,3,5.75,67431,113,2000,285.49,Action
424,677,5,6.88,43538,175,2014,81.17,Action
424,388,5,6.85,56306,147,2024,208.52,Comedy
424,628,4,5.14,17014,90,2022,206.62,Sci-Fi
424,843,4,3.65,2925,157,2003,279.3,Comedy
424,215,2,1.32,3654,169,2025,16.63,Drama
424,890,5,1.35,33049,82,2019,28.56,Horror
424,248,1,3.57,78249,118,2010,443.37,Action
424,394,5,9.61,81472,156,2005,103.05,Comedy
424,672,5,2.7,40024,148,2011,452.93,Drama
424,905,5,1.53,22375,95,2009,373.34,Action
424,73,5,2.77,77415,110,2003,181.86,Comedy
425,610,5,9.83,86013,124,2001,225.99,Sci-Fi
425,831,2,6.34,52150,150,2012,3.52,Sci-Fi
425,483,4,9.11,71533,177,2010,150.06,Drama
425,572,5,5.85,47602,80,2005,128.1,Action
425,561,5,8.33,80287,177,2023,431.01,Drama
425,385,3,5.35,87970,124,2016,342.74,Horror
425,541,4,4.11,31857,153,2021,210.57,Comedy
426,680,2,2.96,71122,133,2014,404.31,Comedy
426,892,4,5.64,32894,167,2011,337.23,Horror
426,549,2,7.37,17345,118,2011,447.54,Comedy
426,987,1,3.46,23901,102,2016,83.49,Drama
426,522,3,6.44,11859,145,2022,70.66,Comedy
426,135,3,2.85,21011,146,2018,17.37,Action
426,535,3,1.38,99982,139,2020,420.54,Sci-Fi
426,468,3,5.48,47993,148,2022,124.79,Horror
426,790,3,9.04,1654,88,2006,92.66,Comedy
426,724,3,1.82,19709,100,2017,84.17,Drama
426,7,2,6.06,54592,161,2018,431.3,Action
427,707,1,2.68,70948,95,2000,364.15,Comedy
427,802,5,1.21,26630,178,2003,140.79,Horror
427,285,5,4.96,58469,120,2011,18.42,Action
427,739,1,7.65,71044,133,2009,323.69,Sci-Fi
427,148,4,9.88,81316,167,2016,274.2,Drama
428,533,5,1.74,48058,138,2004,209.98,Action
428,2,3,2.72,79940,83,2019,181.28,Horror
428,241,2,1.7,33378,98,2004,176.64,Action
428,729,1,7.49,80041,144,2009,373.29,Sci-Fi
428,939,1,6.99,46882,153,2023,272.52,Horror
428,823,5,2.18,43954,94,2001,418.85,Sci-Fi
428,126,2,5.11,24173,158,2001,13.64,Action
428,405,4,9.94,79758,127,2023,450.76,Action
428,113,5,3.3,73085,179,2000,154.46,Sci-Fi
428,735,1,8.23,97692,123,2024,165.03,Drama
428,255,5,9.75,86396,163,2003,55.95,Horror
428,792,5,4.64,3756,82,2005,296.37,Sci-Fi
428,601,1,7.27,89309,123,2008,225.62,Horror
428,481,5,5.38,27157,121,2004,268.79,Drama
428,706,1,5.66,94977,89,2013,470.36,Horror
428,949,4,8.95,74777,119,2010,273.21,Sci-Fi
428,962,4,4.78,92837,123,2007,345.0,Action
428,265,5,4.25,20866,142,2024,155.31,Horror
428,417,5,7.34,260,180,2016,299.17,Comedy
429,897,4,4.21,86179,165,2000,13.44,Comedy
429,884,3,2.22,14701,157,2009,222.98,Comedy
429,540,4,6.81,20077,135,2023,72.08,Sci-Fi
429,149,2,7.13,22903,91,2013,199.65,Action
429,27,3,5.55,20440,90,2006,497.82,Comedy
429,44,3,1.45,18008,160,2001,264.4,Comedy
429,276,4,1.12,6389,101,2006,287.54,Sci-Fi
429,441,4,3.26,60167,144,2022,82.31,Horror
430,764,1,5.68,64108,155,2004,474.48,Action
430,854,4,2.14,25103,175,2018,363.58,Sci-Fi
430,447,4,4.62,46222,125,2014,357.93,Action
430,740,1,6.21,8833,119,2016,10.08,Sci-Fi
430,359,3,6.96,27567,136,2007,66.16,Comedy
430,686,4,5.91,17006,107,2017,151.41,Comedy
430,140,5,2.0,51404,108,2022,20.28,Horror
430,877,5,2.53,5464,151,2001,4.24,Drama
430,40,3,5.27,66477,124,2000,19.82,Drama
430,403,3,3.17,70883,151,2021,53.89,Action
430,461,3,3.34,48242,133,2014,17.23,Action
430,995,5,4.33,93606,141,2006,155.54,Drama
430,304,5,4.82,65425,99,2004,433.65,Horror
430,521,3,8.21,62102,103,2018,67.46,Horror
430,508,4,4.84,42748,96,2003,306.23,Sci-Fi
430,247,4,5.01,52072,116,2001,189.93,Action
430,69,2,9.98,70228,143,2020,77.72,Horror
430,736,3,2.36,37181,94,2005,480.94,Action
430,453,3,4.75,85047,148,2012,230.66,Action
431,50,3,1.61,98674,177,2011,434.99,Action
431,68,5,5.07,84734,152,2006,413.9,Sci-Fi
431,751,4,3.62,2410,142,2022,135.36,Horror
431,836,5,7.12,27441,162,2006,284.32,Sci-Fi
431,230,4,1.28,71253,153,2015,398.36,Drama
431,706,4,5.66,94977,89,2013,470.36,Horror
431,796,1,7.09,55245,129,2024,67.12,Horror
431,294,3,3.06,41792,123,2024,13.12,Comedy
431,61,5,2.4,33957,143,2013,167.78,Sci-Fi
432,700,3,5.55,21264,145,2025,451.22,Drama
432,230,2,1.28,71253,153,2015,398.36,Drama
432,123,1,1.68,78173,93,2017,318.79,Comedy
432,271,5,2.31,52133,119,2001,461.05,Drama
432,259,3,9.99,10868,132,2005,364.34,Drama
432,668,5,3.14,24072,81,2018,258.19,Drama
432,813,5,4.19,17161,127,2019,116.49,Comedy
432,955,5,6.51,20594,178,2023,106.79,Sci-Fi
432,985,3,3.33,36786,156,2000,268.77,Comedy
432,655,1,9.1,56508,100,2005,301.74,Action
432,662,4,7.44,96530,141,2009,177.54,Comedy
433,449,5,5.48,59019,154,2023,170.66,Horror
433,19,5,4.72,11987,174,2015,341.33,Horror
433,728,3,9.13,15706,102,2009,327.08,Action
433,837,1,1.17,18370,171,2017,388.14,Action
433,587,5,1.65,98381,165,2009,467.62,Drama
433,836,4,7.12,27441,162,2006,284.32,Sci-Fi
433,690,3,6.01,40715,86,2025,19.86,Horror
433,454,2,6.53,12450,158,2022,49.48,Horror
433,281,3,8.97,95657,94,2025,488.23,Horror
433,94,1,6.86,71778,131,2014,490.37,Drama
433,313,3,4.52,70842,89,2015,82.29,Drama
433,348,5,8.25,74900,107,2016,249.14,Drama
433,3,3,7.43,36207,135,2018,218.06,Horror
433,669,4,8.27,74828,139,2020,76.19,Drama
433,331,3,5.81,64265,92,2004,277.0,Comedy
433,638,2,9.88,47522,129,2006,151.73,Comedy
433,204,5,2.92,2495,120,2002,290.58,Sci-Fi
433,197,2,1.45,3644,112,2001,125.16,Horror
434,591,1,2.2,56670,170,2009,363.39,Drama
434,167,4,3.62,96326,116,2019,426.05,Drama
434,685,3,1.79,22019,157,2018,359.04,Comedy
434,355,4,3.39,714,103,2012,413.83,Action
434,193,4,3.3,39372,147,2006,128.91,Horror
434,110,5,6.9,44047,102,2005,441.28,Sci-Fi
434,465,1,6.61,27650,177,2009,65.4,Action
434,246,1,7.3,82488,100,2020,415.61,Drama
434,173,2,3.94,71439,112,2017,139.2,Drama
434,42,1,3.36,15816,100,2015,385.27,Action
434,224,4,7.09,26078,90,2006,176.0,Action
434,762,3,4.43,95947,91,2025,266.09,Comedy
434,959,1,9.89,822,113,2024,484.94,Action
434,862,1,8.6,54386,162,2014,4.9,Drama
435,242,1,7.68,17618,137,2016,233.71,Drama
435,338,1,1.33,82969,88,2004,94.46,Comedy
435,840,4,9.92,81743,116,2011,356.81,Action
435,31,1,3.96,19834,118,2016,495.64,Action
435,779,3,5.36,51438,88,2003,163.55,Comedy
435,993,3,5.11,69113,139,2011,221.36,Drama
436,132,2,5.7,50657,135,2016,423.62,Comedy
436,489,3,7.02,42440,108,2015,482.79,Horror
436,673,3,1.01,24127,100,2019,247.96,Sci-Fi
436,442,5,5.96,46466,170,2022,317.54,Horror
436,419,4,1.15,99453,80,2011,182.7,Action
436,905,5,1.53,22375,95,2009,373.34,Action
436,139,3,3.07,12994,107,2016,426.63,Comedy
436,799,3,9.47,49315,124,2019,332.13,Comedy
437,633,4,5.7,71329,123,2024,448.39,Horror
437,45,5,1.53,94599,104,2014,112.65,Horror
437,305,4,5.5,11357,136,2011,305.63,Action
437,69,3,9.98,70228,143,2020,77.72,Horror
437,487,3,9.1,53389,118,2015,167.61,Sci-Fi
437,470,3,3.1,2082,142,2012,109.84,Action
437,350,3,9.0,29125,91,2014,241.7,Horror
437,408,1,7.08,38067,123,2011,200.19,Sci-Fi
437,95,3,8.2,52317,138,2012,96.37,Sci-Fi
437,763,1,1.13,89973,172,2022,425.05,Drama
437,312,4,9.75,44565,114,2021,309.8,Sci-Fi
437,520,2,2.9,71459,160,2022,346.05,Sci-Fi
437,37,1,3.79,32335,109,2021,296.45,Drama
437,800,1,3.13,19731,103,2008,361.84,Sci-Fi
437,611,5,1.6,32205,114,2004,246.52,Action
437,238,5,5.89,83992,180,2022,8.94,Drama
438,791,5,6.39,59649,132,2023,470.8,Action
438,480,3,7.78,94156,162,2008,35.58,Drama
438,753,4,4.98,88366,136,2002,270.63,Horror
438,477,1,9.88,55707,160,2012,28.86,Horror
438,488,5,2.22,53472,123,2024,160.58,Action
438,461,1,3.34,48242,133,2014,17.23,Action
438,872,5,7.64,27488,121,2011,128.35,Sci-Fi
438,415,4,5.8,70426,161,2002,146.88,Sci-Fi
439,66,2,3.4,19875,176,2020,83.72,Action
439,975,5,4.24,23410,144,2002,84.14,Horror
439,964,4,7.36,66769,142,2001,313.57,Horror
439,219,4,9.29,5861,148,2025,248.03,Action
439,82,1,1.17,80722,136,2006,204.9,Drama
439,602,1,4.2,84860,167,2017,124.1,Action
439,295,3,6.86,80982,139,2001,394.12,Action
439,525,4,4.03,40334,118,2001,363.22,Action
439,777,3,6.96,56048,156,2017,3.23,Action
440,199,3,5.67,24561,108,2004,321.3,Comedy
440,991,2,6.38,93745,95,2022,121.14,Comedy
440,536,3,4.21,4145,106,2002,261.44,Drama
440,288,3,6.04,9779,155,2025,498.07,Horror
440,518,1,3.53,62771,174,2011,340.87,Action
440,910,5,9.02,85023,92,2018,219.63,Drama
440,756,4,3.09,69709,128,2023,239.29,Horror
440,721,2,6.73,95594,151,2019,464.09,Action
440,410,1,1.99,76037,175,2005,121.71,Drama
440,848,1,6.22,38911,150,2014,260.7,Action
440,963,1,9.42,29251,139,2010,450.39,Action
441,499,1,5.27,84037,170,2018,328.66,Comedy
441,364,2,7.76,79712,113,2011,382.93,Drama
441,679,5,4.63,87477,120,2000,390.95,Action
441,516,1,1.58,31126,137,2015,245.98,Sci-Fi
441,994,2,5.94,57188,119,2025,411.28,Horror
441,42,1,3.36,15816,100,2015,385.27,Action
441,782,1,4.64,70405,88,2002,59.36,Action
441,209,2,3.21,14591,128,2025,454.02,Sci-Fi
441,380,2,9.48,4242,152,2007,30.0,Drama
441,806,3,3.5,38984,139,2011,323.01,Sci-Fi
441,221,3,6.09,5342,82,2024,23.29,Comedy
441,526,2,2.22,85928,103,2020,440.58,Comedy
441,156,4,3.14,53338,84,2001,288.87,Drama
441,245,2,7.74,63538,85,2018,361.44,Action
442,225,3,3.27,53496,173,2020,261.7,Comedy
442,957,3,3.8,69194,123,2007,287.95,Sci-Fi
442,311,2,7.15,39798,91,2022,224.9,Comedy
442,426,1,1.78,4981,168,2008,255.41,Comedy
442,705,5,6.14,81261,120,2016,86.04,Sci-Fi
442,557,2,5.15,56083,111,2009,100.4,Drama
442,930,4,8.36,69428,81,2000,443.81,Horror
442,657,3,3.61,66040,95,2006,390.07,Sci-Fi
442,72,2,2.36,73204,135,2012,70.55,Horror
442,345,4,2.2,27687,138,2001,138.14,Sci-Fi
442,159,4,8.22,42088,158,2023,52.03,Comedy
442,326,1,5.09,3775,153,2005,315.78,Drama
442,57,1,7.56,87413,93,2007,309.2,Action
442,543,4,3.53,78712,121,2018,151.25,Action
442,153,4,2.83,43032,174,2009,218.68,Horror
442,118,3,2.66,26085,95,2014,446.75,Comedy
442,783,3,1.24,31737,160,2010,123.41,Comedy
442,216,3,5.4,37078,119,2018,336.44,Comedy
442,229,3,6.48,56113,140,2006,289.67,Action
443,619,3,1.07,25084,143,2009,96.54,Comedy
443,845,1,9.21,61599,114,2011,135.05,Comedy
443,659,1,1.53,60110,103,2024,408.18,Action
443,116,2,5.35,71734,87,2018,199.33,Comedy
443,423,2,4.54,43044,101,2012,154.5,Horror
443,219,3,9.29,5861,148,2025,248.03,Action
443,398,5,2.76,70800,98,2023,282.94,Comedy
443,106,1,6.46,96903,156,2024,443.8,Action
443,348,3,8.25,74900,107,2016,249.14,Drama
443,663,3,2.24,90467,147,2016,410.22,Drama
444,760,4,4.29,37897,138,2021,351.74,Comedy
444,236,2,6.31,26562,136,2018,371.21,Sci-Fi
444,271,3,2.31,52133,119,2001,461.05,Drama
444,868,1,5.19,87184,99,2003,377.54,Drama
444,402,4,8.44,7134,156,2016,263.41,Comedy
444,594,3,1.57,21327,177,2003,369.21,Drama
444,79,5,3.6,58314,106,2008,432.1,Horror
444,388,3,6.85,56306,147,2024,208.52,Comedy
444,307,1,3.84,74945,129,2003,100.52,Comedy
444,817,1,2.4,91802,140,2006,470.97,Sci-Fi
444,98,3,2.96,39667,117,2006,396.76,Drama
445,263,3,1.24,20166,171,2012,60.33,Sci-Fi
445,560,1,2.3,12617,158,2014,325.81,Sci-Fi
445,211,5,5.02,71522,113,2019,74.05,Drama
445,900,4,1.78,6123,172,2015,76.37,Horror
445,214,3,1.29,30380,109,2018,63.67,Horror
445,334,4,1.09,32623,145,2024,252.54,Sci-Fi
445,655,3,9.1,56508,100,2005,301.74,Action
445,146,1,4.53,69804,119,2022,467.07,Sci-Fi
445,568,2,7.79,9589,128,2001,454.36,Drama
445,795,5,1.16,44081,137,2009,305.77,Action
445,709,4,1.75,50969,170,2005,397.32,Comedy
445,574,5,3.14,36560,106,2019,193.58,Comedy
446,466,4,2.77,57353,91,2009,339.74,Comedy
446,19,2,4.72,11987,174,2015,341.33,Horror
446,944,3,1.14,26463,175,2018,264.83,Horror
446,738,1,7.14,30548,106,2008,374.07,Comedy
446,106,3,6.46,96903,156,2024,443.8,Action
446,812,5,8.43,56127,131,2008,146.46,Horror
446,68,3,5.07,84734,152,2006,413.9,Sci-Fi
446,817,5,2.4,91802,140,2006,470.97,Sci-Fi
446,34,2,1.94,93098,176,2011,391.48,Horror
446,58,5,9.73,13304,149,2019,219.19,Horror
446,933,4,6.97,84340,141,2009,102.59,Comedy
446,121,2,9.21,45062,161,2006,330.64,Sci-Fi
446,938,5,1.86,45274,147,2008,394.49,Action
446,754,2,5.08,28794,118,2019,217.48,Horror
446,331,3,5.81,64265,92,2004,277.0,Comedy
446,261,5,3.66,7319,144,2015,465.0,Comedy
446,750,5,3.65,97999,153,2023,56.78,Drama
446,645,4,8.38,32065,152,2009,437.18,Horror
446,173,2,3.94,71439,112,2017,139.2,Drama
447,156,2,3.14,53338,84,2001,288.87,Drama
447,744,4,7.7,30842,173,2013,490.92,Horror
447,684,3,8.22,12769,136,2004,342.51,Sci-Fi
447,38,5,8.86,24712,151,2003,461.24,Action
447,517,3,3.92,47511,179,2000,303.48,Comedy
447,29,4,1.84,31448,95,2023,366.31,Horror
447,316,2,3.33,58946,159,2020,30.68,Horror
447,741,4,6.24,18207,152,2000,323.25,Drama
447,222,5,8.91,33322,116,2013,332.48,Sci-Fi
447,249,5,6.63,23671,132,2009,280.56,Comedy
447,932,2,5.09,55874,130,2023,80.27,Sci-Fi
447,192,2,4.69,95544,180,2024,146.0,Action
447,97,1,6.55,43732,143,2003,233.6,Comedy
447,847,5,8.69,78973,107,2011,303.53,Action
447,388,2,6.85,56306,147,2024,208.52,Comedy
447,106,3,6.46,96903,156,2024,443.8,Action
447,64,2,4.12,60444,102,2004,114.31,Horror
447,240,5,5.51,11885,168,2011,429.9,Sci-Fi
448,376,2,6.78,2241,119,2024,356.0,Horror
448,998,5,7.16,44459,107,2008,298.06,Action
448,695,3,3.77,37793,88,2015,28.21,Action
448,288,3,6.04,9779,155,2025,498.07,Horror
448,747,5,7.14,64585,86,2007,218.75,Action
448,791,4,6.39,59649,132,2023,470.8,Action
448,563,4,1.64,67428,95,2000,458.69,Sci-Fi
448,729,3,7.49,80041,144,2009,373.29,Sci-Fi
448,537,2,8.77,88973,136,2019,460.87,Comedy
448,320,5,7.79,29293,110,2019,78.23,Drama
448,312,4,9.75,44565,114,2021,309.8,Sci-Fi
448,647,1,9.36,33176,93,2025,125.85,Sci-Fi
448,460,1,4.41,55921,174,2019,123.11,Comedy
448,790,4,9.04,1654,88,2006,92.66,Comedy
448,581,3,4.61,98121,95,2007,375.58,Action
448,335,5,6.8,73279,173,2004,101.29,Action
448,852,2,4.3,98101,110,2011,498.22,Comedy
448,646,3,6.21,36767,147,2013,214.83,Sci-Fi
448,993,4,5.11,69113,139,2011,221.36,Drama
449,289,3,8.16,15005,127,2002,56.19,Drama
449,664,4,4.57,95853,95,2000,421.63,Action
449,299,1,1.44,7264,141,2008,104.78,Drama
449,50,5,1.61,98674,177,2011,434.99,Action
449,429,4,5.87,56039,95,2013,253.5,Sci-Fi
449,138,1,5.28,94078,145,2023,151.58,Action
449,286,3,5.63,83291,162,2002,259.86,Sci-Fi
449,993,4,5.11,69113,139,2011,221.36,Drama
450,326,2,5.09,3775,153,2005,315.78,Drama
450,683,1,9.2,1211,100,2021,461.46,Comedy
450,900,5,1.78,6123,172,2015,76.37,Horror
450,304,5,4.82,65425,99,2004,433.65,Horror
450,340,2,4.09,85272,119,2002,464.82,Horror
450,901,4,9.14,58728,86,2012,283.54,Horror
451,986,2,9.95,50646,158,2017,440.95,Action
451,692,3,6.79,46747,170,2003,79.31,Sci-Fi
451,743,1,9.45,53320,139,2011,320.58,Comedy
451,877,1,2.53,5464,151,2001,4.24,Drama
451,473,2,4.16,30020,88,2019,432.07,Comedy
452,182,2,3.09,92147,88,2009,434.23,Action
452,838,1,8.35,81985,180,2012,4.02,Drama
452,634,2,1.59,36019,176,2020,239.05,Comedy
452,464,3,2.98,85928,178,2023,356.33,Action
452,504,2,3.88,79745,134,2015,355.54,Sci-Fi
452,620,5,1.09,43077,168,2002,398.58,Action
452,703,1,1.79,17068,129,2020,486.68,Sci-Fi
452,245,5,7.74,63538,85,2018,361.44,Action
452,607,2,2.75,23737,148,2015,10.39,Comedy
452,644,3,1.96,55263,162,2017,337.9,Drama
452,386,1,8.75,97941,155,2013,486.2,Comedy
452,351,1,3.66,45541,83,2008,402.94,Comedy
452,99,5,7.85,46519,122,2019,488.9,Drama
452,577,5,2.21,70053,114,2022,443.01,Action
452,48,5,7.57,12482,176,2013,254.76,Sci-Fi
452,119,5,5.16,55001,132,2018,449.76,Drama
452,939,2,6.99,46882,153,2023,272.52,Horror
453,49,2,7.79,6744,172,2010,167.94,Sci-Fi
453,341,2,7.42,12879,86,2002,458.64,Comedy
453,115,3,1.77,77559,147,2006,365.07,Comedy
453,544,1,2.53,35259,127,2008,83.19,Sci-Fi
453,920,5,6.59,95905,116,2024,446.71,Horror
453,158,4,8.22,4346,107,2002,449.08,Drama
453,675,5,2.99,9535,153,2009,485.84,Drama
453,980,2,5.75,67431,113,2000,285.49,Action
453,494,5,6.48,63787,83,2012,380.46,Action
453,454,2,6.53,12450,158,2022,49.48,Horror
453,472,3,8.9,77424,133,2011,397.97,Sci-Fi
454,62,2,6.57,4296,88,2009,337.48,Comedy
454,917,1,9.56,96958,106,2013,157.11,Comedy
454,439,2,6.1,26868,156,2023,229.31,Horror
454,128,2,1.19,18008,84,2017,488.75,Action
454,222,4,8.91,33322,116,2013,332.48,Sci-Fi
454,579,4,8.16,48731,154,2015,445.64,Drama
454,872,4,7.64,27488,121,2011,128.35,Sci-Fi
454,197,3,1.45,3644,112,2001,125.16,Horror
454,443,3,3.95,11806,143,2008,428.8,Comedy
454,335,1,6.8,73279,173,2004,101.29,Action
454,441,4,3.26,60167,144,2022,82.31,Horror
454,210,1,1.12,78391,171,2014,333.89,Sci-Fi
454,336,4,3.99,56385,148,2002,375.53,Sci-Fi
454,111,2,1.16,95508,117,2005,451.54,Action
454,826,3,6.73,3290,164,2016,290.45,Horror
454,172,2,1.33,23479,141,2025,21.85,Sci-Fi
454,138,5,5.28,94078,145,2023,151.58,Action
454,707,2,2.68,70948,95,2000,364.15,Comedy
454,91,3,2.36,32471,100,2025,97.26,Horror
454,186,2,6.01,77584,104,2014,185.0,Drama
455,139,4,3.07,12994,107,2016,426.63,Comedy
455,591,5,2.2,56670,170,2009,363.39,Drama
455,47,1,9.96,63782,175,2021,397.34,Action
455,281,4,8.97,95657,94,2025,488.23,Horror
455,421,5,6.58,83233,112,2010,130.67,Sci-Fi
455,873,5,1.23,51620,156,2003,452.06,Action
455,623,1,5.56,82398,115,2020,338.43,Drama
455,979,3,7.16,22343,121,2012,487.1,Horror
455,399,5,9.48,41081,113,2014,481.78,Drama
455,827,1,4.94,91022,163,2003,185.23,Comedy
456,510,3,8.95,25384,83,2023,69.73,Comedy
456,928,2,6.27,4593,133,2006,352.48,Sci-Fi
456,757,2,1.78,79722,81,2016,125.35,Action
456,348,1,8.25,74900,107,2016,249.14,Drama
456,165,3,4.6,92185,87,2020,473.9,Sci-Fi
456,530,5,6.61,64206,170,2004,175.97,Action
456,389,1,7.34,96328,145,2019,209.73,Horror
456,544,5,2.53,35259,127,2008,83.19,Sci-Fi
456,689,5,5.58,27678,165,2019,112.84,Sci-Fi
456,5,5,2.32,79798,120,2016,12.73,Drama
456,854,4,2.14,25103,175,2018,363.58,Sci-Fi
457,372,1,3.6,79355,160,2004,137.05,Sci-Fi
457,249,3,6.63,23671,132,2009,280.56,Comedy
457,748,4,8.77,36521,95,2009,446.46,Sci-Fi
457,175,4,4.98,70184,97,2005,107.44,Horror
457,633,5,5.7,71329,123,2024,448.39,Horror
457,314,3,3.61,71587,106,2011,312.95,Action
457,598,2,1.99,2634,81,2006,415.53,Sci-Fi
457,566,3,5.29,24787,162,2014,301.99,Sci-Fi
457,451,5,8.76,98049,146,2024,61.43,Sci-Fi
457,668,2,3.14,24072,81,2018,258.19,Drama
457,648,5,8.4,73521,98,2014,446.14,Comedy
457,926,4,6.39,99087,114,2006,284.67,Drama
457,521,5,8.21,62102,103,2018,67.46,Horror
457,950,1,5.09,74106,122,2020,396.98,Drama
457,659,1,1.53,60110,103,2024,408.18,Action
457,891,4,5.56,57951,160,2018,149.83,Action
457,319,3,3.18,73807,104,2006,95.39,Drama
457,782,5,4.64,70405,88,2002,59.36,Action
457,485,5,2.45,42515,100,2015,150.04,Comedy
458,264,4,7.25,90024,177,2006,290.93,Sci-Fi
458,756,5,3.09,69709,128,2023,239.29,Horror
458,594,1,1.57,21327,177,2003,369.21,Drama
458,50,4,1.61,98674,177,2011,434.99,Action
458,988,4,9.01,39640,142,2000,190.61,Drama
458,138,3,5.28,94078,145,2023,151.58,Action
458,206,4,7.54,29513,143,2009,265.59,Comedy
458,777,5,6.96,56048,156,2017,3.23,Action
458,423,5,4.54,43044,101,2012,154.5,Horror
458,490,3,8.15,60011,115,2000,73.26,Sci-Fi
458,201,2,4.5,86095,129,2017,477.93,Sci-Fi
458,450,5,8.4,92540,93,2004,350.68,Drama
458,673,3,1.01,24127,100,2019,247.96,Sci-Fi
458,804,4,9.23,70128,89,2002,232.0,Horror
458,81,5,1.66,99147,101,2005,271.88,Drama
458,93,5,3.83,80292,156,2015,472.0,Horror
458,482,3,3.33,82227,171,2001,201.49,Sci-Fi
459,204,1,2.92,2495,120,2002,290.58,Sci-Fi
459,803,2,3.46,87977,139,2010,34.27,Horror
459,70,1,3.19,90158,163,2023,183.97,Sci-Fi
459,569,1,5.28,80792,104,2008,20.41,Drama
459,776,3,3.17,4806,177,2007,453.69,Action
459,179,2,2.68,80168,163,2000,15.4,Sci-Fi
459,339,2,5.68,74820,104,2010,248.89,Sci-Fi
460,715,3,8.07,64781,176,2010,340.08,Action
460,627,4,8.66,25209,101,2004,255.2,Action
460,504,4,3.88,79745,134,2015,355.54,Sci-Fi
460,562,3,1.58,17100,131,2012,43.32,Action
460,530,1,6.61,64206,170,2004,175.97,Action
461,509,2,9.2,38901,127,2015,151.15,Drama
461,994,5,5.94,57188,119,2025,411.28,Horror
461,787,1,1.23,43591,152,2002,206.56,Comedy
461,157,2,8.1,11643,127,2007,155.52,Comedy
461,770,2,8.26,10079,131,2000,33.84,Horror
461,446,1,8.08,6551,86,2020,191.82,Action
461,598,3,1.99,2634,81,2006,415.53,Sci-Fi
461,836,3,7.12,27441,162,2006,284.32,Sci-Fi
461,327,1,2.09,68843,154,2014,131.86,Action
461,273,5,3.13,91452,113,2003,11.58,Sci-Fi
461,431,3,8.8,13043,107,2012,295.7,Action
461,954,3,6.71,40191,137,2020,133.07,Comedy
461,149,3,7.13,22903,91,2013,199.65,Action
461,401,5,9.6,49419,100,2003,460.68,Action
461,702,3,6.32,42434,107,2023,97.37,Drama
461,912,1,7.78,40795,118,2019,171.16,Drama
461,832,4,1.75,51782,110,2016,246.05,Horror
461,126,4,5.11,24173,158,2001,13.64,Action
462,626,2,5.42,73753,134,2018,132.26,Drama
462,672,1,2.7,40024,148,2011,452.93,Drama
462,202,5,3.0,25873,144,2023,208.88,Action
462,825,3,6.24,12402,89,2021,65.47,Action
462,460,3,4.41,55921,174,2019,123.11,Comedy
462,649,5,9.26,80946,127,2016,49.9,Comedy
462,530,3,6.61,64206,170,2004,175.97,Action
462,285,5,4.96,58469,120,2011,18.42,Action
462,696,2,1.89,26495,98,2001,449.03,Comedy
462,617,3,1.11,20931,87,2000,352.44,Horror
462,355,2,3.39,714,103,2012,413.83,Action
462,347,1,8.29,59456,171,2014,321.46,Horror
463,246,2,7.3,82488,100,2020,415.61,Drama
463,993,1,5.11,69113,139,2011,221.36,Drama
463,529,4,6.0,27718,175,2018,34.45,Action
463,118,1,2.66,26085,95,2014,446.75,Comedy
463,197,2,1.45,3644,112,2001,125.16,Horror
463,266,2,2.13,91066,151,2025,385.23,Action
463,393,4,5.76,98306,124,2002,174.8,Horror
463,955,5,6.51,20594,178,2023,106.79,Sci-Fi
463,839,2,5.47,66733,123,2003,270.83,Horror
463,604,2,7.14,98508,137,2016,338.97,Drama
463,676,1,3.26,10833,108,2008,414.41,Sci-Fi
463,228,5,4.13,72068,106,2020,98.28,Drama
463,75,1,4.16,47174,153,2009,496.72,Sci-Fi
463,563,5,1.64,67428,95,2000,458.69,Sci-Fi
463,781,3,6.06,5805,174,2025,175.6,Drama
463,484,1,8.08,702,167,2012,470.12,Sci-Fi
463,673,1,1.01,24127,100,2019,247.96,Sci-Fi
463,313,3,4.52,70842,89,2015,82.29,Drama
464,448,3,2.37,70071,109,2003,199.88,Sci-Fi
464,614,4,3.54,24141,116,2014,426.18,Horror
464,952,1,2.24,14941,151,2000,213.77,Comedy
464,934,4,1.07,53410,98,2000,361.76,Action
464,929,3,2.64,61077,150,2024,354.93,Drama
464,240,2,5.51,11885,168,2011,429.9,Sci-Fi
464,70,5,3.19,90158,163,2023,183.97,Sci-Fi
464,564,1,3.8,90003,97,2023,484.69,Drama
464,951,1,7.82,43204,164,2013,495.29,Action
464,189,2,2.47,24141,158,2023,176.27,Comedy
464,361,1,2.98,36499,160,2010,127.14,Action
464,4,4,1.13,37539,166,2020,391.75,Action
464,726,4,7.04,97921,158,2012,29.31,Action
464,729,2,7.49,80041,144,2009,373.29,Sci-Fi
464,423,1,4.54,43044,101,2012,154.5,Horror
464,810,2,6.74,92177,102,2006,8.07,Action
464,422,1,6.58,77203,178,2012,10.38,Horror
464,157,4,8.1,11643,127,2007,155.52,Comedy
465,323,4,2.96,73333,120,2020,433.16,Drama
465,90,2,1.27,40203,160,2009,455.96,Action
465,807,2,3.11,80643,89,2000,463.71,Action
465,56,5,7.84,40133,111,2013,406.83,Drama
465,339,2,5.68,74820,104,2010,248.89,Sci-Fi
465,118,1,2.66,26085,95,2014,446.75,Comedy
466,863,5,9.54,94280,178,2012,40.81,Horror
466,548,3,8.2,20271,168,2006,375.9,Comedy
466,79,2,3.6,58314,106,2008,432.1,Horror
466,555,4,1.52,78254,141,2002,107.08,Drama
466,252,2,8.15,97196,177,2000,269.63,Comedy
466,34,5,1.94,93098,176,2011,391.48,Horror
466,515,4,4.55,13864,173,2010,74.73,Horror
467,975,5,4.24,23410,144,2002,84.14,Horror
467,257,5,1.54,40835,113,2022,241.54,Drama
467,971,2,4.99,32952,132,2004,180.09,Drama
467,238,3,5.89,83992,180,2022,8.94,Drama
467,640,3,7.69,72540,97,2019,398.94,Action
467,468,3,5.48,47993,148,2022,124.79,Horror
467,737,2,5.21,84487,105,2005,118.14,Comedy
467,853,2,9.06,31021,140,2011,470.64,Sci-Fi
467,985,5,3.33,36786,156,2000,268.77,Comedy
467,589,2,8.47,79861,120,2024,256.43,Sci-Fi
467,922,5,8.42,89513,139,2014,395.33,Sci-Fi
467,945,1,2.05,23226,85,2014,369.52,Sci-Fi
467,508,4,4.84,42748,96,2003,306.23,Sci-Fi
467,826,2,6.73,3290,164,2016,290.45,Horror
467,726,1,7.04,97921,158,2012,29.31,Action
467,431,3,8.8,13043,107,2012,295.7,Action
467,562,1,1.58,17100,131,2012,43.32,Action
467,63,3,1.1,8094,146,2015,432.69,Action
467,675,4,2.99,9535,153,2009,485.84,Drama
468,500,4,1.95,87782,169,2008,484.75,Action
468,569,1,5.28,80792,104,2008,20.41,Drama
468,487,5,9.1,53389,118,2015,167.61,Sci-Fi
468,945,2,2.05,23226,85,2014,369.52,Sci-Fi
468,247,1,5.01,52072,116,2001,189.93,Action
468,501,2,7.18,64430,125,2004,194.5,Horror
469,926,3,6.39,99087,114,2006,284.67,Drama
469,921,4,6.43,84191,80,2000,96.05,Horror
469,607,5,2.75,23737,148,2015,10.39,Comedy
469,576,3,7.95,10171,90,2014,353.27,Drama
469,666,1,6.86,59527,80,2013,164.19,Drama
469,613,4,7.73,74123,172,2009,285.11,Horror
469,350,1,9.0,29125,91,2014,241.7,Horror
469,490,2,8.15,60011,115,2000,73.26,Sci-Fi
470,636,1,6.24,52730,142,2000,232.06,Sci-Fi
470,795,2,1.16,44081,137,2009,305.77,Action
470,82,1,1.17,80722,136,2006,204.9,Drama
470,984,2,3.31,32539,144,2014,276.9,Comedy
470,991,1,6.38,93745,95,2022,121.14,Comedy
470,535,5,1.38,99982,139,2020,420.54,Sci-Fi
470,34,5,1.94,93098,176,2011,391.48,Horror
470,191,4,3.28,81673,160,2005,372.45,Sci-Fi
470,858,5,6.33,53810,99,2000,213.14,Sci-Fi
470,460,3,4.41,55921,174,2019,123.11,Comedy
470,470,2,3.1,2082,142,2012,109.84,Action
471,606,4,6.57,75987,151,2018,424.04,Sci-Fi
471,572,2,5.85,47602,80,2005,128.1,Action
471,138,1,5.28,94078,145,2023,151.58,Action
471,383,5,3.15,95255,88,2005,167.8,Horror
471,799,5,9.47,49315,124,2019,332.13,Comedy
471,301,1,3.93,69620,165,2013,483.47,Horror
471,661,4,6.58,57205,80,2025,97.86,Horror
471,808,3,7.05,23281,134,2019,311.76,Comedy
471,144,5,9.05,60297,99,2003,475.81,Horror
471,350,1,9.0,29125,91,2014,241.7,Horror
471,492,2,5.37,49812,96,2024,298.23,Horror
471,426,3,1.78,4981,168,2008,255.41,Comedy
471,513,3,6.61,61767,131,2000,136.1,Comedy
471,583,4,9.97,40723,177,2008,268.01,Drama
472,164,5,9.82,85832,179,2023,426.46,Horror
472,469,2,5.9,88797,168,2001,59.59,Action
472,290,2,6.65,57610,100,2023,317.18,Sci-Fi
472,167,5,3.62,96326,116,2019,426.05,Drama
472,557,5,5.15,56083,111,2009,100.4,Drama
472,365,4,2.38,58862,176,2023,21.36,Drama
472,267,1,4.15,80297,128,2016,291.96,Drama
472,534,4,9.22,29740,98,2013,129.47,Drama
472,942,3,4.35,97091,156,2013,79.25,Sci-Fi
472,362,1,3.21,88480,80,2015,479.86,Drama
472,643,3,9.71,10431,88,2018,142.45,Horror
472,727,1,9.93,54137,167,2016,414.73,Action
472,114,2,1.86,32342,105,2023,4.8,Action
472,924,4,8.08,38938,167,2000,38.8,Drama
472,807,3,3.11,80643,89,2000,463.71,Action
472,296,2,3.27,38068,127,2015,327.52,Action
472,573,5,8.16,57502,167,2013,268.95,Action
472,741,1,6.24,18207,152,2000,323.25,Drama
473,940,3,2.13,61163,116,2019,101.56,Action
473,716,2,3.21,53768,120,2004,149.43,Action
473,129,4,4.21,91894,95,2022,469.44,Drama
473,110,1,6.9,44047,102,2005,441.28,Sci-Fi
473,807,2,3.11,80643,89,2000,463.71,Action
473,383,2,3.15,95255,88,2005,167.8,Horror
473,278,2,8.77,1239,119,2006,286.72,Action
473,122,5,3.46,36870,132,2011,499.47,Action
473,615,2,5.52,10735,160,2012,6.13,Horror
473,764,2,5.68,64108,155,2004,474.48,Action
473,673,3,1.01,24127,100,2019,247.96,Sci-Fi
473,172,5,1.33,23479,141,2025,21.85,Sci-Fi
473,28,1,9.47,49524,150,2022,37.47,Sci-Fi
473,147,3,5.83,89198,86,2004,87.22,Drama
473,326,2,5.09,3775,153,2005,315.78,Drama
473,334,3,1.09,32623,145,2024,252.54,Sci-Fi
473,623,3,5.56,82398,115,2020,338.43,Drama
473,948,3,7.35,33766,158,2025,53.46,Sci-Fi
473,96,1,7.66,28997,104,2007,134.27,Comedy
474,90,5,1.27,40203,160,2009,455.96,Action
474,688,2,8.08,66761,177,2016,257.66,Action
474,763,1,1.13,89973,172,2022,425.05,Drama
474,643,2,9.71,10431,88,2018,142.45,Horror
474,203,2,6.03,13869,162,2024,467.76,Horror
474,504,3,3.88,79745,134,2015,355.54,Sci-Fi
474,583,1,9.97,40723,177,2008,268.01,Drama
474,321,3,3.05,73138,129,2010,206.83,Action
474,416,3,5.99,59355,86,2016,340.03,Drama
474,502,5,6.4,74976,136,2007,210.11,Comedy
474,674,1,5.86,79276,113,2020,235.42,Drama
474,52,3,9.5,35105,123,2004,291.62,Action
474,928,5,6.27,4593,133,2006,352.48,Sci-Fi
474,427,2,7.63,12062,103,2021,235.42,Drama
474,258,3,1.43,55821,102,2001,95.64,Comedy
474,628,4,5.14,17014,90,2022,206.62,Sci-Fi
474,78,2,3.55,51420,95,2020,198.44,Horror
474,658,1,5.48,72956,137,2012,490.73,Comedy
474,153,5,2.83,43032,174,2009,218.68,Horror
474,953,2,4.19,92588,170,2001,232.49,Sci-Fi
475,357,2,9.65,32875,107,2025,358.23,Horror
475,951,5,7.82,43204,164,2013,495.29,Action
475,230,5,1.28,71253,153,2015,398.36,Drama
475,74,2,3.26,91915,148,2011,169.31,Sci-Fi
475,223,1,3.85,57509,166,2013,246.16,Horror
475,715,4,8.07,64781,176,2010,340.08,Action
475,798,4,2.22,71093,164,2021,10.86,Action
475,363,4,5.74,10936,118,2019,498.35,Drama
475,298,1,7.78,38539,165,2015,291.77,Comedy
475,606,5,6.57,75987,151,2018,424.04,Sci-Fi
475,676,1,3.26,10833,108,2008,414.41,Sci-Fi
475,288,3,6.04,9779,155,2025,498.07,Horror
475,673,2,1.01,24127,100,2019,247.96,Sci-Fi
475,910,3,9.02,85023,92,2018,219.63,Drama
476,556,3,9.96,85044,153,2024,104.02,Comedy
476,852,1,4.3,98101,110,2011,498.22,Comedy
476,1000,5,1.05,54257,129,2007,363.36,Sci-Fi
476,842,1,3.24,1085,109,2013,283.62,Sci-Fi
476,174,3,5.67,75593,114,2017,326.12,Horror
476,296,2,3.27,38068,127,2015,327.52,Action
476,665,4,9.17,40363,86,2017,381.75,Drama
476,102,5,5.07,440,83,2010,255.18,Comedy
476,81,5,1.66,99147,101,2005,271.88,Drama
476,132,4,5.7,50657,135,2016,423.62,Comedy
476,638,4,9.88,47522,129,2006,151.73,Comedy
477,919,1,7.5,53999,107,2022,211.99,Drama
477,779,3,5.36,51438,88,2003,163.55,Comedy
477,872,1,7.64,27488,121,2011,128.35,Sci-Fi
477,876,5,9.08,83915,143,2025,294.52,Drama
477,534,1,9.22,29740,98,2013,129.47,Drama
477,650,5,3.22,49269,89,2013,74.97,Action
477,647,3,9.36,33176,93,2025,125.85,Sci-Fi
477,563,3,1.64,67428,95,2000,458.69,Sci-Fi
477,557,4,5.15,56083,111,2009,100.4,Drama
477,526,4,2.22,85928,103,2020,440.58,Comedy
477,336,4,3.99,56385,148,2002,375.53,Sci-Fi
477,121,1,9.21,45062,161,2006,330.64,Sci-Fi
477,303,1,9.25,60116,98,2018,495.39,Drama
477,562,5,1.58,17100,131,2012,43.32,Action
477,16,1,1.79,79126,83,2002,411.19,Sci-Fi
477,334,5,1.09,32623,145,2024,252.54,Sci-Fi
478,875,2,8.37,15013,135,2012,181.81,Action
478,421,4,6.58,83233,112,2010,130.67,Sci-Fi
478,776,4,3.17,4806,177,2007,453.69,Action
478,198,4,5.48,634,116,2005,116.52,Drama
478,621,3,1.07,1151,174,2003,6.5,Drama
478,767,3,5.57,96171,137,2012,38.83,Sci-Fi
478,950,3,5.09,74106,122,2020,396.98,Drama
478,351,2,3.66,45541,83,2008,402.94,Comedy
478,829,1,8.73,97987,103,2008,153.07,Sci-Fi
478,475,3,2.83,7034,93,2019,481.66,Horror
478,885,4,6.41,92131,136,2003,292.64,Sci-Fi
478,942,3,4.35,97091,156,2013,79.25,Sci-Fi
478,983,3,3.16,23207,85,2017,115.96,Comedy
478,465,3,6.61,27650,177,2009,65.4,Action
478,215,2,1.32,3654,169,2025,16.63,Drama
478,302,5,9.9,2104,155,2015,496.71,Action
478,275,1,9.93,19551,158,2001,265.96,Sci-Fi
478,366,2,5.02,45869,173,2002,446.23,Action
479,97,5,6.55,43732,143,2003,233.6,Comedy
479,346,4,4.28,45275,90,2023,58.72,Sci-Fi
479,625,1,6.58,29443,86,2000,150.83,Action
479,177,1,8.6,1850,133,2016,435.45,Drama
479,167,5,3.62,96326,116,2019,426.05,Drama
479,621,5,1.07,1151,174,2003,6.5,Drama
479,311,4,7.15,39798,91,2022,224.9,Comedy
479,295,1,6.86,80982,139,2001,394.12,Action
480,925,4,8.6,92541,92,2023,21.13,Comedy
480,337,1,6.94,46776,87,2003,266.51,Horror
480,342,4,5.65,81897,156,2012,39.87,Sci-Fi
480,466,5,2.77,57353,91,2009,339.74,Comedy
480,912,5,7.78,40795,118,2019,171.16,Drama
480,326,1,5.09,3775,153,2005,315.78,Drama
480,336,5,3.99,56385,148,2002,375.53,Sci-Fi
481,276,5,1.12,6389,101,2006,287.54,Sci-Fi
481,738,4,7.14,30548,106,2008,374.07,Comedy
481,959,3,9.89,822,113,2024,484.94,Action
481,479,2,5.66,86974,144,2003,264.82,Drama
481,755,5,6.36,44297,133,2002,68.33,Action
481,778,1,6.5,59642,175,2005,479.96,Comedy
481,249,2,6.63,23671,132,2009,280.56,Comedy
481,27,3,5.55,20440,90,2006,497.82,Comedy
481,113,1,3.3,73085,179,2000,154.46,Sci-Fi
481,391,5,8.09,88110,113,2017,166.22,Action
481,770,5,8.26,10079,131,2000,33.84,Horror
481,375,3,8.8,16617,167,2009,159.29,Horror
481,726,4,7.04,97921,158,2012,29.31,Action
481,840,2,9.92,81743,116,2011,356.81,Action
481,862,4,8.6,54386,162,2014,4.9,Drama
481,527,1,4.63,51584,175,2021,162.1,Drama
482,309,1,2.82,72774,174,2016,61.07,Sci-Fi
482,543,1,3.53,78712,121,2018,151.25,Action
482,231,5,1.45,69817,91,2008,326.06,Sci-Fi
482,76,2,5.78,39297,169,2014,59.12,Horror
482,144,4,9.05,60297,99,2003,475.81,Horror
482,69,5,9.98,70228,143,2020,77.72,Horror
482,475,5,2.83,7034,93,2019,481.66,Horror
482,940,5,2.13,61163,116,2019,101.56,Action
482,253,3,3.19,48607,161,2005,480.77,Horror
482,398,5,2.76,70800,98,2023,282.94,Comedy
482,332,1,4.79,63329,165,2008,16.06,Sci-Fi
482,650,1,3.22,49269,89,2013,74.97,Action
482,703,3,1.79,17068,129,2020,486.68,Sci-Fi
482,603,4,8.37,45849,147,2010,67.16,Horror
482,133,4,7.37,97865,130,2001,262.76,Sci-Fi
482,413,1,4.66,93265,156,2020,449.83,Sci-Fi
482,352,4,8.87,44665,90,2020,234.89,Horror
483,846,1,2.72,33592,143,2001,161.21,Action
483,302,4,9.9,2104,155,2015,496.71,Action
483,724,3,1.82,19709,100,2017,84.17,Drama
483,450,5,8.4,92540,93,2004,350.68,Drama
483,687,2,4.46,73322,149,2015,35.45,Horror
484,67,5,6.61,86508,180,2003,493.47,Comedy
484,213,4,9.87,43394,93,2015,56.13,Action
484,73,2,2.77,77415,110,2003,181.86,Comedy
484,257,4,1.54,40835,113,2022,241.54,Drama
484,943,3,8.26,9914,176,2023,28.99,Action
484,796,1,7.09,55245,129,2024,67.12,Horror
484,820,3,7.23,71604,120,2005,294.29,Drama
484,426,4,1.78,4981,168,2008,255.41,Comedy
484,31,2,3.96,19834,118,2016,495.64,Action
484,646,3,6.21,36767,147,2013,214.83,Sci-Fi
484,370,5,6.8,45998,135,2000,89.79,Sci-Fi
484,691,5,7.1,41629,130,2022,104.39,Drama
484,494,2,6.48,63787,83,2012,380.46,Action
484,996,3,7.17,42251,177,2010,166.47,Sci-Fi
485,566,4,5.29,24787,162,2014,301.99,Sci-Fi
485,32,5,8.56,33775,148,2012,331.43,Action
485,341,5,7.42,12879,86,2002,458.64,Comedy
485,791,3,6.39,59649,132,2023,470.8,Action
485,304,1,4.82,65425,99,2004,433.65,Horror
485,828,3,6.43,56744,163,2007,324.25,Horror
485,932,3,5.09,55874,130,2023,80.27,Sci-Fi
485,604,2,7.14,98508,137,2016,338.97,Drama
485,319,3,3.18,73807,104,2006,95.39,Drama
485,264,3,7.25,90024,177,2006,290.93,Sci-Fi
485,390,4,9.22,91305,118,2020,59.42,Sci-Fi
485,371,5,7.39,96838,101,2019,357.44,Sci-Fi
486,405,3,9.94,79758,127,2023,450.76,Action
486,607,4,2.75,23737,148,2015,10.39,Comedy
486,260,4,5.4,71909,102,2024,113.42,Comedy
486,896,3,3.19,73721,178,2014,235.73,Drama
486,888,2,2.16,64533,177,2008,276.93,Comedy
486,528,4,3.52,72319,102,2008,63.43,Drama
486,678,2,8.04,93969,95,2000,90.65,Drama
487,203,5,6.03,13869,162,2024,467.76,Horror
487,883,2,2.88,44764,108,2001,338.12,Comedy
487,129,4,4.21,91894,95,2022,469.44,Drama
487,768,5,6.09,18329,109,2005,84.66,Comedy
487,621,5,1.07,1151,174,2003,6.5,Drama
487,531,3,6.18,56109,161,2010,198.33,Drama
487,665,5,9.17,40363,86,2017,381.75,Drama
487,857,1,6.37,56372,159,2022,241.98,Drama
487,849,1,7.56,75342,169,2008,232.82,Horror
487,206,5,7.54,29513,143,2009,265.59,Comedy
487,630,1,6.84,58001,91,2001,18.58,Drama
487,764,2,5.68,64108,155,2004,474.48,Action
487,146,4,4.53,69804,119,2022,467.07,Sci-Fi
487,886,5,9.0,91032,161,2004,169.72,Sci-Fi
487,232,1,5.07,37648,97,2012,416.63,Sci-Fi
487,59,4,7.69,99867,104,2012,252.53,Action
488,784,1,2.64,2654,137,2021,225.41,Horror
488,845,4,9.21,61599,114,2011,135.05,Comedy
488,807,4,3.11,80643,89,2000,463.71,Action
488,785,4,1.42,88806,96,2007,70.11,Comedy
488,108,5,3.76,50110,107,2006,308.63,Comedy
488,870,5,7.6,16428,119,2011,8.27,Drama
489,264,3,7.25,90024,177,2006,290.93,Sci-Fi
489,804,4,9.23,70128,89,2002,232.0,Horror
489,511,2,5.35,16669,159,2000,127.75,Horror
489,988,5,9.01,39640,142,2000,190.61,Drama
489,302,4,9.9,2104,155,2015,496.71,Action
489,596,5,3.08,51778,85,2023,196.18,Sci-Fi
489,971,4,4.99,32952,132,2004,180.09,Drama
489,484,2,8.08,702,167,2012,470.12,Sci-Fi
489,486,3,3.96,76012,124,2007,113.38,Drama
489,872,3,7.64,27488,121,2011,128.35,Sci-Fi
489,852,5,4.3,98101,110,2011,498.22,Comedy
489,630,2,6.84,58001,91,2001,18.58,Drama
490,844,3,4.51,31995,137,2023,16.2,Drama
490,5,1,2.32,79798,120,2016,12.73,Drama
490,536,2,4.21,4145,106,2002,261.44,Drama
490,62,4,6.57,4296,88,2009,337.48,Comedy
490,958,5,1.38,74585,119,2015,83.46,Comedy
490,671,2,1.82,12733,143,2018,287.42,Horror
491,780,2,9.01,83260,92,2011,325.55,Horror
491,589,3,8.47,79861,120,2024,256.43,Sci-Fi
491,270,4,1.06,63500,110,2019,307.45,Comedy
491,816,2,7.94,40594,165,2009,49.88,Action
491,854,1,2.14,25103,175,2018,363.58,Sci-Fi
491,133,2,7.37,97865,130,2001,262.76,Sci-Fi
491,970,5,6.87,83003,180,2004,297.95,Sci-Fi
491,163,2,8.25,23602,107,2020,307.57,Action
491,650,2,3.22,49269,89,2013,74.97,Action
491,668,3,3.14,24072,81,2018,258.19,Drama
491,35,4,6.36,30140,157,2002,115.88,Action
491,78,4,3.55,51420,95,2020,198.44,Horror
491,966,5,9.41,22447,82,2013,401.31,Comedy
491,737,3,5.21,84487,105,2005,118.14,Comedy
491,865,4,9.02,18913,142,2002,369.68,Action
491,167,3,3.62,96326,116,2019,426.05,Drama
491,974,3,6.02,67474,176,2017,455.13,Comedy
491,990,1,3.02,58840,108,2005,307.53,Comedy
492,886,2,9.0,91032,161,2004,169.72,Sci-Fi
492,662,5,7.44,96530,141,2009,177.54,Comedy
492,704,4,4.77,85510,176,2013,330.46,Horror
492,350,2,9.0,29125,91,2014,241.7,Horror
492,536,1,4.21,4145,106,2002,261.44,Drama
492,726,4,7.04,97921,158,2012,29.31,Action
492,870,5,7.6,16428,119,2011,8.27,Drama
492,115,5,1.77,77559,147,2006,365.07,Comedy
492,855,2,4.31,36642,164,2009,135.3,Horror
492,936,4,7.47,23064,131,2000,184.33,Drama
493,893,4,1.76,50909,116,2005,298.6,Horror
493,322,1,1.32,40061,107,2011,460.36,Action
493,339,4,5.68,74820,104,2010,248.89,Sci-Fi
493,253,2,3.19,48607,161,2005,480.77,Horror
493,439,5,6.1,26868,156,2023,229.31,Horror
493,647,4,9.36,33176,93,2025,125.85,Sci-Fi
493,988,5,9.01,39640,142,2000,190.61,Drama
493,218,3,2.69,98485,119,2023,281.03,Comedy
493,108,2,3.76,50110,107,2006,308.63,Comedy
493,709,1,1.75,50969,170,2005,397.32,Comedy
494,556,2,9.96,85044,153,2024,104.02,Comedy
494,930,3,8.36,69428,81,2000,443.81,Horror
494,879,1,9.51,4225,170,2022,149.09,Comedy
494,613,2,7.73,74123,172,2009,285.11,Horror
494,440,2,5.09,78151,150,2001,43.78,Comedy
494,809,4,9.96,68074,94,2019,377.72,Drama
494,488,4,2.22,53472,123,2024,160.58,Action
494,881,2,8.72,22888,114,2015,257.8,Horror
494,19,4,4.72,11987,174,2015,341.33,Horror
494,328,4,9.87,74905,147,2012,222.22,Sci-Fi
494,998,5,7.16,44459,107,2008,298.06,Action
495,636,1,6.24,52730,142,2000,232.06,Sci-Fi
495,358,3,6.62,76538,157,2012,264.9,Sci-Fi
495,129,1,4.21,91894,95,2022,469.44,Drama
495,461,5,3.34,48242,133,2014,17.23,Action
495,87,2,8.35,72060,124,2009,181.4,Horror
495,810,2,6.74,92177,102,2006,8.07,Action
495,829,3,8.73,97987,103,2008,153.07,Sci-Fi
495,463,4,4.05,43827,152,2024,205.66,Action
495,378,1,3.67,13659,125,2022,136.87,Action
496,895,5,2.74,82117,167,2002,498.92,Horror
496,421,3,6.58,83233,112,2010,130.67,Sci-Fi
496,200,2,3.82,90946,107,2006,111.99,Drama
496,699,1,3.73,36279,131,2011,124.53,Sci-Fi
496,838,3,8.35,81985,180,2012,4.02,Drama
496,468,1,5.48,47993,148,2022,124.79,Horror
496,677,3,6.88,43538,175,2014,81.17,Action
496,683,3,9.2,1211,100,2021,461.46,Comedy
496,249,3,6.63,23671,132,2009,280.56,Comedy
496,511,1,5.35,16669,159,2000,127.75,Horror
496,961,4,8.74,4618,138,2016,447.99,Sci-Fi
496,836,3,7.12,27441,162,2006,284.32,Sci-Fi
497,687,1,4.46,73322,149,2015,35.45,Horror
497,11,4,9.67,42303,136,2014,203.92,Drama
497,299,1,1.44,7264,141,2008,104.78,Drama
497,983,5,3.16,23207,85,2017,115.96,Comedy
497,939,3,6.99,46882,153,2023,272.52,Horror
497,404,1,3.47,22306,162,2012,417.09,Sci-Fi
497,665,1,9.17,40363,86,2017,381.75,Drama
497,883,5,2.88,44764,108,2001,338.12,Comedy
497,362,1,3.21,88480,80,2015,479.86,Drama
498,124,1,9.14,6101,86,2021,159.1,Drama
498,496,3,4.78,69787,146,2020,187.73,Comedy
498,247,4,5.01,52072,116,2001,189.93,Action
498,509,3,9.2,38901,127,2015,151.15,Drama
498,551,2,2.74,68494,133,2013,175.16,Action
498,481,5,5.38,27157,121,2004,268.79,Drama
498,282,3,5.74,7407,132,2013,490.16,Sci-Fi
498,900,4,1.78,6123,172,2015,76.37,Horror
498,150,2,4.74,53119,103,2019,138.6,Comedy
499,348,5,8.25,74900,107,2016,249.14,Drama
499,395,5,4.83,82972,113,2024,220.74,Action
499,980,3,5.75,67431,113,2000,285.49,Action
499,987,3,3.46,23901,102,2016,83.49,Drama
499,291,2,8.24,27127,142,2010,497.62,Sci-Fi
500,937,1,6.12,92703,112,2021,118.98,Sci-Fi
500,645,5,8.38,32065,152,2009,437.18,Horror
500,612,3,6.59,2854,166,2012,75.64,Sci-Fi
500,226,1,1.94,59250,84,2010,8.84,Horror
500,197,5,1.45,3644,112,2001,125.16,Horror
500,39,4,9.34,24862,124,2023,234.75,Sci-Fi
500,758,4,7.8,26077,125,2001,402.33,Horror
500,214,3,1.29,30380,109,2018,63.67,Horror
500,87,4,8.35,72060,124,2009,181.4,Horror
500,585,3,2.85,11672,83,2001,77.16,Horror
500,2,3,2.72,79940,83,2019,181.28,Horror
500,812,4,8.43,56127,131,2008,146.46,Horror
500,775,4,1.45,47731,154,2004,189.17,Drama
500,371,4,7.39,96838,101,2019,357.44,Sci-Fi
500,644,1,1.96,55263,162,2017,337.9,Drama
500,926,2,6.39,99087,114,2006,284.67,Drama
500,164,2,9.82,85832,179,2023,426.46,Horror
501,116,2,5.35,71734,87,2018,199.33,Comedy
501,926,5,6.39,99087,114,2006,284.67,Drama
501,97,5,6.55,43732,143,2003,233.6,Comedy
501,538,1,7.53,30148,114,2020,114.76,Comedy
501,467,3,1.35,9133,129,2008,299.21,Comedy
501,987,5,3.46,23901,102,2016,83.49,Drama
501,909,2,3.21,29367,171,2015,362.06,Comedy
501,548,3,8.2,20271,168,2006,375.9,Comedy
501,802,5,1.21,26630,178,2003,140.79,Horror
501,937,3,6.12,92703,112,2021,118.98,Sci-Fi
501,994,1,5.94,57188,119,2025,411.28,Horror
501,404,4,3.47,22306,162,2012,417.09,Sci-Fi
501,934,1,1.07,53410,98,2000,361.76,Action
501,77,1,4.45,89693,103,2025,400.06,Sci-Fi
501,143,2,9.16,86016,98,2024,375.78,Sci-Fi
501,763,2,1.13,89973,172,2022,425.05,Drama
502,699,5,3.73,36279,131,2011,124.53,Sci-Fi
502,178,5,5.37,23495,94,2019,424.66,Action
502,550,3,4.42,2162,118,2024,428.65,Drama
502,65,2,7.17,91950,129,2008,184.62,Comedy
502,302,4,9.9,2104,155,2015,496.71,Action
502,772,1,7.87,41799,83,2025,86.38,Drama
502,452,3,5.2,85817,165,2007,491.24,Sci-Fi
502,378,5,3.67,13659,125,2022,136.87,Action
503,99,1,7.85,46519,122,2019,488.9,Drama
503,105,1,8.73,76162,147,2021,138.89,Comedy
503,531,3,6.18,56109,161,2010,198.33,Drama
503,991,3,6.38,93745,95,2022,121.14,Comedy
503,980,1,5.75,67431,113,2000,285.49,Action
503,985,4,3.33,36786,156,2000,268.77,Comedy
503,805,3,6.79,35610,99,2020,499.68,Action
503,451,1,8.76,98049,146,2024,61.43,Sci-Fi
503,813,5,4.19,17161,127,2019,116.49,Comedy
503,979,2,7.16,22343,121,2012,487.1,Horror
503,17,2,5.97,12935,115,2001,494.22,Action
503,689,2,5.58,27678,165,2019,112.84,Sci-Fi
503,348,5,8.25,74900,107,2016,249.14,Drama
503,626,3,5.42,73753,134,2018,132.26,Drama
503,153,4,2.83,43032,174,2009,218.68,Horror
503,872,3,7.64,27488,121,2011,128.35,Sci-Fi
503,419,3,1.15,99453,80,2011,182.7,Action
503,192,4,4.69,95544,180,2024,146.0,Action
504,529,5,6.0,27718,175,2018,34.45,Action
504,544,5,2.53,35259,127,2008,83.19,Sci-Fi
504,277,4,8.36,93504,89,2024,302.8,Comedy
504,191,2,3.28,81673,160,2005,372.45,Sci-Fi
504,70,2,3.19,90158,163,2023,183.97,Sci-Fi
504,810,5,6.74,92177,102,2006,8.07,Action
504,703,4,1.79,17068,129,2020,486.68,Sci-Fi
504,422,1,6.58,77203,178,2012,10.38,Horror
504,395,5,4.83,82972,113,2024,220.74,Action
504,478,1,7.33,79690,119,2013,227.92,Action
504,43,2,5.91,86088,102,2012,123.05,Horror
504,273,1,3.13,91452,113,2003,11.58,Sci-Fi
504,59,3,7.69,99867,104,2012,252.53,Action
505,281,5,8.97,95657,94,2025,488.23,Horror
505,58,4,9.73,13304,149,2019,219.19,Horror
505,911,2,7.6,4350,177,2015,479.52,Horror
505,999,5,8.28,84936,85,2018,272.14,Action
505,295,5,6.86,80982,139,2001,394.12,Action
505,593,5,4.11,17141,171,2013,27.47,Sci-Fi
505,221,4,6.09,5342,82,2024,23.29,Comedy
505,63,1,1.1,8094,146,2015,432.69,Action
505,793,1,7.83,10542,177,2012,482.9,Action
505,411,1,3.36,59097,154,2012,68.32,Comedy
505,168,5,2.73,83702,100,2023,447.0,Action
505,49,2,7.79,6744,172,2010,167.94,Sci-Fi
505,242,1,7.68,17618,137,2016,233.71,Drama
505,406,3,8.02,49702,90,2006,444.04,Action
505,560,2,2.3,12617,158,2014,325.81,Sci-Fi
505,126,1,5.11,24173,158,2001,13.64,Action
506,156,3,3.14,53338,84,2001,288.87,Drama
506,651,5,3.86,42073,120,2002,200.04,Drama
506,411,1,3.36,59097,154,2012,68.32,Comedy
506,874,2,1.85,74870,164,2015,265.44,Horror
506,835,4,2.66,70480,96,2007,158.45,Sci-Fi
506,972,4,4.82,99936,122,2008,121.31,Sci-Fi
506,869,5,2.31,70416,133,2016,268.57,Horror
507,210,2,1.12,78391,171,2014,333.89,Sci-Fi
507,425,3,8.58,92039,95,2020,138.42,Horror
507,64,4,4.12,60444,102,2004,114.31,Horror
507,198,1,5.48,634,116,2005,116.52,Drama
507,312,4,9.75,44565,114,2021,309.8,Sci-Fi
507,458,1,6.05,71201,123,2013,162.74,Horror
507,291,1,8.24,27127,142,2010,497.62,Sci-Fi
507,333,5,7.58,70874,154,2014,399.59,Action
507,110,2,6.9,44047,102,2005,441.28,Sci-Fi
507,112,5,8.58,42298,145,2024,255.56,Horror
507,271,2,2.31,52133,119,2001,461.05,Drama
507,610,2,9.83,86013,124,2001,225.99,Sci-Fi
507,888,4,2.16,64533,177,2008,276.93,Comedy
507,818,5,3.0,64087,165,2010,361.27,Action
507,575,2,1.84,43051,130,2012,171.28,Comedy
507,988,2,9.01,39640,142,2000,190.61,Drama
507,90,4,1.27,40203,160,2009,455.96,Action
507,958,5,1.38,74585,119,2015,83.46,Comedy
507,225,1,3.27,53496,173,2020,261.7,Comedy
507,432,1,9.33,93221,160,2001,172.39,Sci-Fi
508,464,4,2.98,85928,178,2023,356.33,Action
508,628,1,5.14,17014,90,2022,206.62,Sci-Fi
508,471,1,7.99,30085,146,2014,166.01,Horror
508,555,5,1.52,78254,141,2002,107.08,Drama
508,156,4,3.14,53338,84,2001,288.87,Drama
508,429,5,5.87,56039,95,2013,253.5,Sci-Fi
508,943,4,8.26,9914,176,2023,28.99,Action
508,552,1,7.04,92587,151,2017,354.57,Sci-Fi
509,984,4,3.31,32539,144,2014,276.9,Comedy
509,63,5,1.1,8094,146,2015,432.69,Action
509,74,4,3.26,91915,148,2011,169.31,Sci-Fi
509,651,2,3.86,42073,120,2002,200.04,Drama
509,811,2,2.81,76982,80,2020,429.77,Comedy
509,546,1,9.88,72294,168,2011,20.67,Drama
509,693,4,6.75,94532,138,2018,333.2,Sci-Fi
509,184,5,1.6,10118,167,2012,26.61,Horror
509,754,3,5.08,28794,118,2019,217.48,Horror
509,605,5,3.9,35008,168,2011,420.72,Comedy
509,686,1,5.91,17006,107,2017,151.41,Comedy
509,882,1,7.18,48934,106,2022,379.27,Comedy
509,195,3,9.01,70167,90,2003,232.83,Comedy
510,686,4,5.91,17006,107,2017,151.41,Comedy
510,957,2,3.8,69194,123,2007,287.95,Sci-Fi
510,546,3,9.88,72294,168,2011,20.67,Drama
510,954,1,6.71,40191,137,2020,133.07,Comedy
510,257,5,1.54,40835,113,2022,241.54,Drama
510,271,1,2.31,52133,119,2001,461.05,Drama
510,282,3,5.74,7407,132,2013,490.16,Sci-Fi
510,690,5,6.01,40715,86,2025,19.86,Horror
510,542,3,4.59,68455,81,2000,217.18,Drama
510,289,3,8.16,15005,127,2002,56.19,Drama
510,674,4,5.86,79276,113,2020,235.42,Drama
511,762,4,4.43,95947,91,2025,266.09,Comedy
511,101,5,2.47,93064,80,2001,115.52,Drama
511,560,1,2.3,12617,158,2014,325.81,Sci-Fi
511,485,1,2.45,42515,100,2015,150.04,Comedy
511,641,2,7.75,17215,142,2002,222.44,Sci-Fi
511,114,2,1.86,32342,105,2023,4.8,Action
511,297,5,3.31,61997,155,2010,446.15,Horror
511,893,4,1.76,50909,116,2005,298.6,Horror
512,862,1,8.6,54386,162,2014,4.9,Drama
512,720,2,3.35,3362,87,2016,276.99,Drama
512,418,2,6.96,6023,135,2008,263.88,Horror
512,65,3,7.17,91950,129,2008,184.62,Comedy
512,506,1,3.31,66681,143,2005,122.63,Action
513,330,5,1.62,50453,134,2011,368.22,Drama
513,585,5,2.85,11672,83,2001,77.16,Horror
513,324,5,6.6,31955,124,2018,31.98,Action
513,310,4,7.61,61088,114,2002,451.46,Sci-Fi
513,88,4,9.53,11883,178,2016,153.49,Action
513,527,5,4.63,51584,175,2021,162.1,Drama
513,94,4,6.86,71778,131,2014,490.37,Drama
513,959,4,9.89,822,113,2024,484.94,Action
513,117,3,8.26,40757,161,2020,268.46,Action
513,482,1,3.33,82227,171,2001,201.49,Sci-Fi
514,518,3,3.53,62771,174,2011,340.87,Action
514,109,1,7.98,92174,136,2005,28.71,Sci-Fi
514,887,2,3.41,2152,170,2020,327.14,Horror
514,695,2,3.77,37793,88,2015,28.21,Action
514,383,1,3.15,95255,88,2005,167.8,Horror
514,421,5,6.58,83233,112,2010,130.67,Sci-Fi
514,289,3,8.16,15005,127,2002,56.19,Drama
514,603,5,8.37,45849,147,2010,67.16,Horror
514,457,1,2.41,64071,111,2010,55.8,Action
514,959,4,9.89,822,113,2024,484.94,Action
514,760,5,4.29,37897,138,2021,351.74,Comedy
514,763,3,1.13,89973,172,2022,425.05,Drama
515,811,4,2.81,76982,80,2020,429.77,Comedy
515,455,3,4.49,9111,120,2003,302.36,Sci-Fi
515,840,3,9.92,81743,116,2011,356.81,Action
515,932,5,5.09,55874,130,2023,80.27,Sci-Fi
515,222,5,8.91,33322,116,2013,332.48,Sci-Fi
516,324,5,6.6,31955,124,2018,31.98,Action
516,657,3,3.61,66040,95,2006,390.07,Sci-Fi
516,539,2,7.02,92906,158,2019,318.63,Sci-Fi
516,443,4,3.95,11806,143,2008,428.8,Comedy
516,550,2,4.42,2162,118,2024,428.65,Drama
516,376,1,6.78,2241,119,2024,356.0,Horror
516,722,5,1.99,59682,85,2007,469.31,Comedy
516,864,5,4.73,96535,159,2012,119.51,Sci-Fi
516,560,3,2.3,12617,158,2014,325.81,Sci-Fi
516,131,1,9.46,35844,151,2000,314.03,Drama
516,669,4,8.27,74828,139,2020,76.19,Drama
516,559,4,8.07,41430,143,2006,132.37,Comedy
516,624,5,3.2,41552,153,2012,243.27,Horror
517,518,1,3.53,62771,174,2011,340.87,Action
517,337,5,6.94,46776,87,2003,266.51,Horror
517,718,1,2.52,41871,103,2006,162.38,Drama
517,29,2,1.84,31448,95,2023,366.31,Horror
517,981,2,1.96,93419,151,2012,240.82,Sci-Fi
517,550,5,4.42,2162,118,2024,428.65,Drama
517,884,1,2.22,14701,157,2009,222.98,Comedy
517,535,5,1.38,99982,139,2020,420.54,Sci-Fi
517,586,1,5.71,39977,170,2015,371.14,Comedy
517,595,1,3.88,14438,130,2015,424.95,Horror
517,621,3,1.07,1151,174,2003,6.5,Drama
517,585,4,2.85,11672,83,2001,77.16,Horror
517,382,3,6.33,83895,93,2015,475.43,Sci-Fi
517,569,2,5.28,80792,104,2008,20.41,Drama
517,911,2,7.6,4350,177,2015,479.52,Horror
517,443,5,3.95,11806,143,2008,428.8,Comedy
517,487,1,9.1,53389,118,2015,167.61,Sci-Fi
517,536,5,4.21,4145,106,2002,261.44,Drama
517,777,3,6.96,56048,156,2017,3.23,Action
517,933,1,6.97,84340,141,2009,102.59,Comedy
518,248,4,3.57,78249,118,2010,443.37,Action
518,219,2,9.29,5861,148,2025,248.03,Action
518,961,5,8.74,4618,138,2016,447.99,Sci-Fi
518,372,1,3.6,79355,160,2004,137.05,Sci-Fi
518,714,2,4.85,52167,177,2009,411.4,Action
518,545,1,7.2,6655,133,2008,412.05,Horror
518,467,2,1.35,9133,129,2008,299.21,Comedy
518,9,1,2.75,57485,179,2024,397.22,Comedy
518,315,1,1.1,32606,136,2023,277.41,Sci-Fi
518,853,2,9.06,31021,140,2011,470.64,Sci-Fi
518,688,5,8.08,66761,177,2016,257.66,Action
518,708,1,9.64,12107,156,2003,95.57,Action
518,63,1,1.1,8094,146,2015,432.69,Action
518,185,2,7.79,89483,140,2002,65.44,Action
518,969,2,4.25,70855,102,2024,486.27,Horror
518,14,1,3.85,87855,82,2019,165.71,Drama
518,783,3,1.24,31737,160,2010,123.41,Comedy
518,453,4,4.75,85047,148,2012,230.66,Action
519,110,1,6.9,44047,102,2005,441.28,Sci-Fi
519,890,1,1.35,33049,82,2019,28.56,Horror
519,555,2,1.52,78254,141,2002,107.08,Drama
519,202,1,3.0,25873,144,2023,208.88,Action
519,106,2,6.46,96903,156,2024,443.8,Action
519,927,3,3.23,26566,147,2025,311.01,Comedy
519,653,1,1.37,18636,115,2013,385.98,Drama
520,195,5,9.01,70167,90,2003,232.83,Comedy
520,444,2,1.42,26408,118,2025,69.18,Sci-Fi
520,18,1,4.04,13427,88,2005,442.32,Drama
520,520,4,2.9,71459,160,2022,346.05,Sci-Fi
520,399,3,9.48,41081,113,2014,481.78,Drama
520,176,4,4.46,33840,97,2016,37.6,Comedy
520,673,3,1.01,24127,100,2019,247.96,Sci-Fi
520,835,5,2.66,70480,96,2007,158.45,Sci-Fi
520,831,4,6.34,52150,150,2012,3.52,Sci-Fi
520,621,2,1.07,1151,174,2003,6.5,Drama
521,15,1,2.7,50047,137,2000,141.61,Sci-Fi
521,859,4,3.4,29069,166,2000,239.74,Sci-Fi
521,652,4,1.86,90366,91,2005,157.31,Drama
521,432,1,9.33,93221,160,2001,172.39,Sci-Fi
521,684,2,8.22,12769,136,2004,342.51,Sci-Fi
521,887,2,3.41,2152,170,2020,327.14,Horror
521,462,1,1.54,50183,105,2017,259.14,Action
521,48,3,7.57,12482,176,2013,254.76,Sci-Fi
521,593,1,4.11,17141,171,2013,27.47,Sci-Fi
521,631,4,1.11,7599,136,2011,211.9,Drama
522,716,3,3.21,53768,120,2004,149.43,Action
522,488,4,2.22,53472,123,2024,160.58,Action
522,504,4,3.88,79745,134,2015,355.54,Sci-Fi
522,965,1,3.7,26025,146,2000,10.94,Sci-Fi
522,234,4,7.93,68179,133,2025,179.42,Comedy
522,632,2,8.85,29726,169,2015,1.64,Action
522,980,1,5.75,67431,113,2000,285.49,Action
522,195,4,9.01,70167,90,2003,232.83,Comedy
522,172,1,1.33,23479,141,2025,21.85,Sci-Fi
522,723,4,2.6,72422,158,2001,101.29,Horror
522,355,3,3.39,714,103,2012,413.83,Action
522,806,1,3.5,38984,139,2011,323.01,Sci-Fi
522,36,3,7.29,58229,112,2009,151.09,Sci-Fi
522,475,3,2.83,7034,93,2019,481.66,Horror
522,568,2,7.79,9589,128,2001,454.36,Drama
522,777,2,6.96,56048,156,2017,3.23,Action
522,535,5,1.38,99982,139,2020,420.54,Sci-Fi
522,526,2,2.22,85928,103,2020,440.58,Comedy
522,719,4,5.4,24263,125,2003,170.92,Sci-Fi
523,768,4,6.09,18329,109,2005,84.66,Comedy
523,136,1,3.76,14002,124,2012,209.37,Horror
523,216,5,5.4,37078,119,2018,336.44,Comedy
523,736,3,2.36,37181,94,2005,480.94,Action
523,795,1,1.16,44081,137,2009,305.77,Action
523,336,5,3.99,56385,148,2002,375.53,Sci-Fi
523,435,2,7.62,93493,113,2008,431.56,Action
523,448,1,2.37,70071,109,2003,199.88,Sci-Fi
523,477,2,9.88,55707,160,2012,28.86,Horror
523,23,3,8.94,89492,86,2008,162.23,Comedy
523,419,2,1.15,99453,80,2011,182.7,Action
523,867,3,9.84,60774,97,2000,379.63,Horror
524,42,1,3.36,15816,100,2015,385.27,Action
524,249,2,6.63,23671,132,2009,280.56,Comedy
524,778,3,6.5,59642,175,2005,479.96,Comedy
524,773,4,7.88,57203,176,2012,394.42,Action
524,57,4,7.56,87413,93,2007,309.2,Action
524,98,3,2.96,39667,117,2006,396.76,Drama
524,621,1,1.07,1151,174,2003,6.5,Drama
524,10,3,1.34,70647,116,2019,258.58,Drama
524,455,4,4.49,9111,120,2003,302.36,Sci-Fi
524,965,5,3.7,26025,146,2000,10.94,Sci-Fi
524,933,4,6.97,84340,141,2009,102.59,Comedy
524,161,3,8.08,27281,81,2009,478.36,Action
524,946,2,6.69,56771,168,2022,405.12,Horror
524,900,5,1.78,6123,172,2015,76.37,Horror
524,131,3,9.46,35844,151,2000,314.03,Drama
524,862,1,8.6,54386,162,2014,4.9,Drama
524,356,3,5.45,87246,128,2001,273.29,Horror
524,462,5,1.54,50183,105,2017,259.14,Action
524,526,4,2.22,85928,103,2020,440.58,Comedy
525,709,5,1.75,50969,170,2005,397.32,Comedy
525,765,5,1.22,42188,174,2013,234.53,Horror
525,787,4,1.23,43591,152,2002,206.56,Comedy
525,925,3,8.6,92541,92,2023,21.13,Comedy
525,932,5,5.09,55874,130,2023,80.27,Sci-Fi
525,660,3,4.42,28472,115,2011,49.74,Sci-Fi
525,410,2,1.99,76037,175,2005,121.71,Drama
525,958,4,1.38,74585,119,2015,83.46,Comedy
525,436,2,9.03,10031,89,2004,428.41,Horror
525,780,3,9.01,83260,92,2011,325.55,Horror
525,493,5,8.08,59731,99,2014,73.29,Drama
525,285,3,4.96,58469,120,2011,18.42,Action
525,500,4,1.95,87782,169,2008,484.75,Action
525,271,3,2.31,52133,119,2001,461.05,Drama
525,435,4,7.62,93493,113,2008,431.56,Action
525,581,4,4.61,98121,95,2007,375.58,Action
525,100,3,9.2,23024,177,2009,4.28,Sci-Fi
525,723,4,2.6,72422,158,2001,101.29,Horror
525,997,3,9.38,45004,167,2019,423.27,Sci-Fi
526,566,4,5.29,24787,162,2014,301.99,Sci-Fi
526,769,5,5.47,22660,123,2003,336.15,Sci-Fi
526,874,1,1.85,74870,164,2015,265.44,Horror
526,674,1,5.86,79276,113,2020,235.42,Drama
526,763,5,1.13,89973,172,2022,425.05,Drama
526,444,2,1.42,26408,118,2025,69.18,Sci-Fi
526,18,2,4.04,13427,88,2005,442.32,Drama
526,489,2,7.02,42440,108,2015,482.79,Horror
526,780,5,9.01,83260,92,2011,325.55,Horror
526,352,4,8.87,44665,90,2020,234.89,Horror
526,668,4,3.14,24072,81,2018,258.19,Drama
526,914,2,3.88,35491,137,2013,470.66,Comedy
526,960,5,1.56,52459,127,2000,92.35,Action
526,38,3,8.86,24712,151,2003,461.24,Action
526,134,5,6.29,50767,134,2010,393.46,Drama
527,579,4,8.16,48731,154,2015,445.64,Drama
527,931,5,5.27,48159,120,2019,301.15,Horror
527,217,1,7.06,66917,96,2016,434.09,Comedy
527,765,2,1.22,42188,174,2013,234.53,Horror
527,742,5,4.87,1175,99,2005,29.68,Horror
527,444,4,1.42,26408,118,2025,69.18,Sci-Fi
527,417,4,7.34,260,180,2016,299.17,Comedy
527,330,3,1.62,50453,134,2011,368.22,Drama
527,342,3,5.65,81897,156,2012,39.87,Sci-Fi
527,956,1,8.78,19852,97,2007,495.78,Sci-Fi
527,646,1,6.21,36767,147,2013,214.83,Sci-Fi
527,396,4,8.31,82834,121,2004,168.25,Horror
527,667,4,3.84,82538,112,2005,458.45,Sci-Fi
528,745,2,2.06,8080,102,2002,9.28,Horror
528,257,5,1.54,40835,113,2022,241.54,Drama
528,996,3,7.17,42251,177,2010,166.47,Sci-Fi
528,600,4,7.22,98609,140,2004,369.68,Drama
528,908,5,4.44,88574,99,2002,52.23,Sci-Fi
528,357,2,9.65,32875,107,2025,358.23,Horror
528,283,4,9.25,81511,101,2018,427.32,Action
528,973,3,5.43,9551,125,2012,244.78,Comedy
529,558,3,4.03,20855,129,2021,394.46,Sci-Fi
529,383,1,3.15,95255,88,2005,167.8,Horror
529,376,1,6.78,2241,119,2024,356.0,Horror
529,277,2,8.36,93504,89,2024,302.8,Comedy
529,152,2,4.03,31325,135,2019,81.37,Horror
529,781,5,6.06,5805,174,2025,175.6,Drama
529,547,3,9.24,49636,170,2000,146.51,Comedy
529,369,2,9.69,63113,173,2011,128.78,Horror
529,197,2,1.45,3644,112,2001,125.16,Horror
529,847,4,8.69,78973,107,2011,303.53,Action
529,604,4,7.14,98508,137,2016,338.97,Drama
529,2,5,2.72,79940,83,2019,181.28,Horror
529,64,3,4.12,60444,102,2004,114.31,Horror
529,823,4,2.18,43954,94,2001,418.85,Sci-Fi
529,37,4,3.79,32335,109,2021,296.45,Drama
530,551,2,2.74,68494,133,2013,175.16,Action
530,948,4,7.35,33766,158,2025,53.46,Sci-Fi
530,537,4,8.77,88973,136,2019,460.87,Comedy
530,768,2,6.09,18329,109,2005,84.66,Comedy
530,126,1,5.11,24173,158,2001,13.64,Action
530,12,1,5.08,40872,120,2023,266.45,Action
530,914,5,3.88,35491,137,2013,470.66,Comedy
530,529,5,6.0,27718,175,2018,34.45,Action
530,946,3,6.69,56771,168,2022,405.12,Horror
530,526,2,2.22,85928,103,2020,440.58,Comedy
530,171,1,3.42,10857,137,2002,348.98,Comedy
530,531,2,6.18,56109,161,2010,198.33,Drama
530,686,4,5.91,17006,107,2017,151.41,Comedy
530,144,1,9.05,60297,99,2003,475.81,Horror
530,964,4,7.36,66769,142,2001,313.57,Horror
530,78,1,3.55,51420,95,2020,198.44,Horror
531,443,4,3.95,11806,143,2008,428.8,Comedy
531,463,3,4.05,43827,152,2024,205.66,Action
531,613,5,7.73,74123,172,2009,285.11,Horror
531,162,3,4.45,61449,149,2023,235.42,Action
531,907,4,3.67,44489,134,2018,242.36,Sci-Fi
531,887,4,3.41,2152,170,2020,327.14,Horror
531,178,2,5.37,23495,94,2019,424.66,Action
531,491,5,1.33,72066,118,2015,99.84,Sci-Fi
531,291,1,8.24,27127,142,2010,497.62,Sci-Fi
531,105,4,8.73,76162,147,2021,138.89,Comedy
531,802,4,1.21,26630,178,2003,140.79,Horror
531,414,4,4.99,99295,112,2024,488.92,Drama
532,350,3,9.0,29125,91,2014,241.7,Horror
532,221,2,6.09,5342,82,2024,23.29,Comedy
532,141,1,9.05,6761,112,2016,375.22,Action
532,666,1,6.86,59527,80,2013,164.19,Drama
532,19,5,4.72,11987,174,2015,341.33,Horror
532,222,3,8.91,33322,116,2013,332.48,Sci-Fi
532,790,3,9.04,1654,88,2006,92.66,Comedy
533,18,4,4.04,13427,88,2005,442.32,Drama
533,322,1,1.32,40061,107,2011,460.36,Action
533,418,4,6.96,6023,135,2008,263.88,Horror
533,583,2,9.97,40723,177,2008,268.01,Drama
533,607,1,2.75,23737,148,2015,10.39,Comedy
533,340,3,4.09,85272,119,2002,464.82,Horror
533,841,2,8.7,43842,156,2012,56.1,Action
533,230,2,1.28,71253,153,2015,398.36,Drama
533,528,2,3.52,72319,102,2008,63.43,Drama
533,745,3,2.06,8080,102,2002,9.28,Horror
533,158,3,8.22,4346,107,2002,449.08,Drama
533,426,2,1.78,4981,168,2008,255.41,Comedy
533,718,2,2.52,41871,103,2006,162.38,Drama
533,739,4,7.65,71044,133,2009,323.69,Sci-Fi
533,503,1,9.19,39995,120,2016,462.55,Comedy
533,101,3,2.47,93064,80,2001,115.52,Drama
533,956,1,8.78,19852,97,2007,495.78,Sci-Fi
533,78,3,3.55,51420,95,2020,198.44,Horror
533,411,2,3.36,59097,154,2012,68.32,Comedy
533,965,3,3.7,26025,146,2000,10.94,Sci-Fi
534,689,3,5.58,27678,165,2019,112.84,Sci-Fi
534,115,2,1.77,77559,147,2006,365.07,Comedy
534,851,1,2.28,69328,83,2011,445.7,Action
534,854,2,2.14,25103,175,2018,363.58,Sci-Fi
534,4,2,1.13,37539,166,2020,391.75,Action
534,38,1,8.86,24712,151,2003,461.24,Action
534,317,5,1.26,47758,147,2000,491.31,Action
534,25,2,4.03,68555,139,2021,344.84,Drama
534,930,5,8.36,69428,81,2000,443.81,Horror
534,325,5,2.8,65662,163,2020,365.16,Drama
534,168,2,2.73,83702,100,2023,447.0,Action
534,635,4,3.17,17449,81,2017,431.16,Drama
534,712,3,4.19,67136,153,2017,66.92,Sci-Fi
534,756,4,3.09,69709,128,2023,239.29,Horror
534,878,3,3.19,93967,84,2015,453.72,Sci-Fi
534,545,5,7.2,6655,133,2008,412.05,Horror
534,3,2,7.43,36207,135,2018,218.06,Horror
534,487,4,9.1,53389,118,2015,167.61,Sci-Fi
534,416,3,5.99,59355,86,2016,340.03,Drama
535,302,5,9.9,2104,155,2015,496.71,Action
535,499,5,5.27,84037,170,2018,328.66,Comedy
535,771,4,6.82,69570,113,2002,370.97,Action
535,323,3,2.96,73333,120,2020,433.16,Drama
535,811,4,2.81,76982,80,2020,429.77,Comedy
535,126,1,5.11,24173,158,2001,13.64,Action
535,956,1,8.78,19852,97,2007,495.78,Sci-Fi
535,212,2,4.75,12534,100,2007,240.29,Drama
535,997,1,9.38,45004,167,2019,423.27,Sci-Fi
535,540,4,6.81,20077,135,2023,72.08,Sci-Fi
535,538,1,7.53,30148,114,2020,114.76,Comedy
535,117,5,8.26,40757,161,2020,268.46,Action
535,615,4,5.52,10735,160,2012,6.13,Horror
536,487,2,9.1,53389,118,2015,167.61,Sci-Fi
536,909,1,3.21,29367,171,2015,362.06,Comedy
536,284,4,1.24,4404,150,2011,95.24,Sci-Fi
536,429,4,5.87,56039,95,2013,253.5,Sci-Fi
536,651,1,3.86,42073,120,2002,200.04,Drama
536,266,1,2.13,91066,151,2025,385.23,Action
536,324,1,6.6,31955,124,2018,31.98,Action
536,615,1,5.52,10735,160,2012,6.13,Horror
536,701,4,9.07,4375,147,2012,480.64,Action
536,244,4,8.36,81392,178,2003,289.85,Horror
536,22,3,2.86,65286,133,2018,253.08,Action
536,939,5,6.99,46882,153,2023,272.52,Horror
536,918,3,2.32,40586,93,2024,437.61,Drama
536,223,5,3.85,57509,166,2013,246.16,Horror
536,549,2,7.37,17345,118,2011,447.54,Comedy
536,696,2,1.89,26495,98,2001,449.03,Comedy
536,860,2,5.62,87466,138,2016,108.45,Horror
537,468,1,5.48,47993,148,2022,124.79,Horror
537,971,4,4.99,32952,132,2004,180.09,Drama
537,207,2,6.86,27673,157,2005,410.03,Action
537,139,4,3.07,12994,107,2016,426.63,Comedy
537,588,3,8.13,47748,129,2023,101.31,Comedy
537,24,2,2.83,22538,101,2022,273.9,Horror
537,623,3,5.56,82398,115,2020,338.43,Drama
537,695,2,3.77,37793,88,2015,28.21,Action
537,974,5,6.02,67474,176,2017,455.13,Comedy
537,682,2,9.85,31487,160,2008,46.38,Sci-Fi
537,407,3,5.15,2369,166,2018,282.96,Action
537,807,2,3.11,80643,89,2000,463.71,Action
537,311,5,7.15,39798,91,2022,224.9,Comedy
537,86,5,8.59,23654,105,2010,341.58,Action
537,81,2,1.66,99147,101,2005,271.88,Drama
537,727,2,9.93,54137,167,2016,414.73,Action
537,143,1,9.16,86016,98,2024,375.78,Sci-Fi
538,182,3,3.09,92147,88,2009,434.23,Action
538,949,2,8.95,74777,119,2010,273.21,Sci-Fi
538,927,4,3.23,26566,147,2025,311.01,Comedy
538,829,4,8.73,97987,103,2008,153.07,Sci-Fi
538,11,5,9.67,42303,136,2014,203.92,Drama
538,761,3,7.47,26346,113,2016,332.03,Horror
538,859,1,3.4,29069,166,2000,239.74,Sci-Fi
538,177,3,8.6,1850,133,2016,435.45,Drama
538,517,3,3.92,47511,179,2000,303.48,Comedy
538,428,5,6.17,89580,130,2004,318.77,Action
539,298,1,7.78,38539,165,2015,291.77,Comedy
539,317,1,1.26,47758,147,2000,491.31,Action
539,764,3,5.68,64108,155,2004,474.48,Action
539,42,2,3.36,15816,100,2015,385.27,Action
539,656,2,7.66,98777,97,2010,451.66,Action
539,999,3,8.28,84936,85,2018,272.14,Action
539,187,1,5.23,80449,82,2008,142.22,Action
539,167,4,3.62,96326,116,2019,426.05,Drama
539,549,1,7.37,17345,118,2011,447.54,Comedy
540,572,2,5.85,47602,80,2005,128.1,Action
540,897,4,4.21,86179,165,2000,13.44,Comedy
540,297,3,3.31,61997,155,2010,446.15,Horror
540,582,1,4.01,59881,142,2010,402.94,Action
540,47,5,9.96,63782,175,2021,397.34,Action
540,613,3,7.73,74123,172,2009,285.11,Horror
540,271,2,2.31,52133,119,2001,461.05,Drama
540,700,1,5.55,21264,145,2025,451.22,Drama
540,362,4,3.21,88480,80,2015,479.86,Drama
540,698,1,3.09,17021,141,2011,406.81,Action
540,157,2,8.1,11643,127,2007,155.52,Comedy
540,570,5,1.08,11746,102,2012,338.45,Sci-Fi
540,885,1,6.41,92131,136,2003,292.64,Sci-Fi
540,956,2,8.78,19852,97,2007,495.78,Sci-Fi
540,366,5,5.02,45869,173,2002,446.23,Action
540,285,1,4.96,58469,120,2011,18.42,Action
540,433,3,2.53,65278,138,2019,121.69,Comedy
540,953,4,4.19,92588,170,2001,232.49,Sci-Fi
541,324,3,6.6,31955,124,2018,31.98,Action
541,670,1,7.18,64496,122,2019,408.96,Drama
541,1000,4,1.05,54257,129,2007,363.36,Sci-Fi
541,546,2,9.88,72294,168,2011,20.67,Drama
541,188,4,5.79,42785,107,2012,229.32,Drama
541,419,1,1.15,99453,80,2011,182.7,Action
541,117,5,8.26,40757,161,2020,268.46,Action
541,760,1,4.29,37897,138,2021,351.74,Comedy
542,413,3,4.66,93265,156,2020,449.83,Sci-Fi
542,70,1,3.19,90158,163,2023,183.97,Sci-Fi
542,350,4,9.0,29125,91,2014,241.7,Horror
542,184,1,1.6,10118,167,2012,26.61,Horror
542,133,1,7.37,97865,130,2001,262.76,Sci-Fi
542,98,4,2.96,39667,117,2006,396.76,Drama
542,268,5,6.05,91815,120,2019,22.36,Comedy
543,300,3,3.78,10236,174,2020,347.12,Action
543,919,2,7.5,53999,107,2022,211.99,Drama
543,609,2,6.41,7360,96,2005,81.26,Sci-Fi
543,879,3,9.51,4225,170,2022,149.09,Comedy
543,650,2,3.22,49269,89,2013,74.97,Action
543,212,3,4.75,12534,100,2007,240.29,Drama
543,588,4,8.13,47748,129,2023,101.31,Comedy
543,167,1,3.62,96326,116,2019,426.05,Drama
543,960,4,1.56,52459,127,2000,92.35,Action
543,870,5,7.6,16428,119,2011,8.27,Drama
543,190,3,4.53,83320,124,2014,369.37,Horror
543,656,2,7.66,98777,97,2010,451.66,Action
544,647,2,9.36,33176,93,2025,125.85,Sci-Fi
544,879,4,9.51,4225,170,2022,149.09,Comedy
544,307,1,3.84,74945,129,2003,100.52,Comedy
544,474,4,6.72,44352,124,2023,464.66,Drama
544,448,4,2.37,70071,109,2003,199.88,Sci-Fi
544,285,4,4.96,58469,120,2011,18.42,Action
544,458,4,6.05,71201,123,2013,162.74,Horror
544,340,5,4.09,85272,119,2002,464.82,Horror
544,436,3,9.03,10031,89,2004,428.41,Horror
544,848,5,6.22,38911,150,2014,260.7,Action
544,645,4,8.38,32065,152,2009,437.18,Horror
544,513,2,6.61,61767,131,2000,136.1,Comedy
544,743,4,9.45,53320,139,2011,320.58,Comedy
544,523,4,8.4,5989,107,2004,281.78,Action
544,115,2,1.77,77559,147,2006,365.07,Comedy
544,805,2,6.79,35610,99,2020,499.68,Action
544,850,2,9.11,36762,151,2022,196.11,Drama
544,135,2,2.85,21011,146,2018,17.37,Action
544,935,3,8.94,64847,104,2002,184.65,Sci-Fi
545,911,4,7.6,4350,177,2015,479.52,Horror
545,503,3,9.19,39995,120,2016,462.55,Comedy
545,267,3,4.15,80297,128,2016,291.96,Drama
545,161,2,8.08,27281,81,2009,478.36,Action
545,848,3,6.22,38911,150,2014,260.7,Action
545,128,5,1.19,18008,84,2017,488.75,Action
545,527,3,4.63,51584,175,2021,162.1,Drama
545,653,5,1.37,18636,115,2013,385.98,Drama
545,526,3,2.22,85928,103,2020,440.58,Comedy
545,858,2,6.33,53810,99,2000,213.14,Sci-Fi
545,979,3,7.16,22343,121,2012,487.1,Horror
545,704,5,4.77,85510,176,2013,330.46,Horror
545,901,2,9.14,58728,86,2012,283.54,Horror
545,753,1,4.98,88366,136,2002,270.63,Horror
545,18,2,4.04,13427,88,2005,442.32,Drama
546,731,5,1.68,90075,140,2010,472.1,Comedy
546,440,2,5.09,78151,150,2001,43.78,Comedy
546,684,3,8.22,12769,136,2004,342.51,Sci-Fi
546,259,5,9.99,10868,132,2005,364.34,Drama
546,179,2,2.68,80168,163,2000,15.4,Sci-Fi
546,289,2,8.16,15005,127,2002,56.19,Drama
546,575,5,1.84,43051,130,2012,171.28,Comedy
547,34,5,1.94,93098,176,2011,391.48,Horror
547,143,4,9.16,86016,98,2024,375.78,Sci-Fi
547,78,2,3.55,51420,95,2020,198.44,Horror
547,613,1,7.73,74123,172,2009,285.11,Horror
547,212,4,4.75,12534,100,2007,240.29,Drama
548,791,2,6.39,59649,132,2023,470.8,Action
548,487,3,9.1,53389,118,2015,167.61,Sci-Fi
548,522,2,6.44,11859,145,2022,70.66,Comedy
548,234,3,7.93,68179,133,2025,179.42,Comedy
548,198,1,5.48,634,116,2005,116.52,Drama
548,904,4,6.3,2322,147,2017,180.08,Action
548,501,2,7.18,64430,125,2004,194.5,Horror
548,36,5,7.29,58229,112,2009,151.09,Sci-Fi
548,248,2,3.57,78249,118,2010,443.37,Action
548,716,3,3.21,53768,120,2004,149.43,Action
548,393,3,5.76,98306,124,2002,174.8,Horror
548,610,5,9.83,86013,124,2001,225.99,Sci-Fi
548,735,5,8.23,97692,123,2024,165.03,Drama
548,595,1,3.88,14438,130,2015,424.95,Horror
548,429,4,5.87,56039,95,2013,253.5,Sci-Fi
548,857,5,6.37,56372,159,2022,241.98,Drama
548,952,3,2.24,14941,151,2000,213.77,Comedy
549,112,2,8.58,42298,145,2024,255.56,Horror
549,762,1,4.43,95947,91,2025,266.09,Comedy
549,953,3,4.19,92588,170,2001,232.49,Sci-Fi
549,62,3,6.57,4296,88,2009,337.48,Comedy
549,66,1,3.4,19875,176,2020,83.72,Action
549,620,4,1.09,43077,168,2002,398.58,Action
549,156,1,3.14,53338,84,2001,288.87,Drama
550,938,1,1.86,45274,147,2008,394.49,Action
550,507,4,4.68,67944,81,2025,429.68,Sci-Fi
550,203,2,6.03,13869,162,2024,467.76,Horror
550,610,4,9.83,86013,124,2001,225.99,Sci-Fi
550,166,1,2.83,912,139,2004,359.99,Comedy
550,829,4,8.73,97987,103,2008,153.07,Sci-Fi
550,813,3,4.19,17161,127,2019,116.49,Comedy
550,115,1,1.77,77559,147,2006,365.07,Comedy
550,344,3,6.93,31645,116,2020,407.34,Comedy
550,163,3,8.25,23602,107,2020,307.57,Action
550,645,2,8.38,32065,152,2009,437.18,Horror
550,857,2,6.37,56372,159,2022,241.98,Drama
550,397,5,9.22,52584,167,2002,33.48,Horror
550,475,1,2.83,7034,93,2019,481.66,Horror
550,81,5,1.66,99147,101,2005,271.88,Drama
550,515,2,4.55,13864,173,2010,74.73,Horror
550,318,5,7.37,96503,135,2020,235.73,Action
550,214,4,1.29,30380,109,2018,63.67,Horror
551,257,2,1.54,40835,113,2022,241.54,Drama
551,435,3,7.62,93493,113,2008,431.56,Action
551,779,2,5.36,51438,88,2003,163.55,Comedy
551,143,1,9.16,86016,98,2024,375.78,Sci-Fi
551,473,2,4.16,30020,88,2019,432.07,Comedy
551,392,4,4.42,25874,174,2016,14.14,Comedy
551,918,2,2.32,40586,93,2024,437.61,Drama
551,246,4,7.3,82488,100,2020,415.61,Drama
551,381,1,3.12,97967,87,2007,156.04,Sci-Fi
551,142,1,5.21,45471,129,2018,295.35,Action
551,992,4,1.69,8279,123,2002,306.26,Action
551,469,2,5.9,88797,168,2001,59.59,Action
551,585,2,2.85,11672,83,2001,77.16,Horror
552,20,5,9.06,66239,94,2003,92.1,Horror
552,820,2,7.23,71604,120,2005,294.29,Drama
552,366,1,5.02,45869,173,2002,446.23,Action
552,640,2,7.69,72540,97,2019,398.94,Action
552,102,5,5.07,440,83,2010,255.18,Comedy
552,487,2,9.1,53389,118,2015,167.61,Sci-Fi
552,777,3,6.96,56048,156,2017,3.23,Action
553,719,3,5.4,24263,125,2003,170.92,Sci-Fi
553,799,4,9.47,49315,124,2019,332.13,Comedy
553,139,1,3.07,12994,107,2016,426.63,Comedy
553,609,3,6.41,7360,96,2005,81.26,Sci-Fi
553,766,3,1.61,83972,148,2024,33.57,Action
553,520,3,2.9,71459,160,2022,346.05,Sci-Fi
553,102,4,5.07,440,83,2010,255.18,Comedy
553,40,3,5.27,66477,124,2000,19.82,Drama
553,464,4,2.98,85928,178,2023,356.33,Action
553,780,3,9.01,83260,92,2011,325.55,Horror
553,273,1,3.13,91452,113,2003,11.58,Sci-Fi
553,853,4,9.06,31021,140,2011,470.64,Sci-Fi
553,913,4,2.82,61811,138,2023,482.49,Horror
553,222,5,8.91,33322,116,2013,332.48,Sci-Fi
553,595,4,3.88,14438,130,2015,424.95,Horror
553,145,5,9.76,30786,108,2012,435.86,Action
553,622,3,1.61,90974,157,2024,411.14,Comedy
553,500,2,1.95,87782,169,2008,484.75,Action
553,757,5,1.78,79722,81,2016,125.35,Action
554,252,4,8.15,97196,177,2000,269.63,Comedy
554,76,2,5.78,39297,169,2014,59.12,Horror
554,428,3,6.17,89580,130,2004,318.77,Action
554,771,1,6.82,69570,113,2002,370.97,Action
554,318,1,7.37,96503,135,2020,235.73,Action
554,873,4,1.23,51620,156,2003,452.06,Action
554,894,4,3.87,83376,82,2008,480.08,Action
554,352,4,8.87,44665,90,2020,234.89,Horror
554,724,5,1.82,19709,100,2017,84.17,Drama
554,189,4,2.47,24141,158,2023,176.27,Comedy
555,106,5,6.46,96903,156,2024,443.8,Action
555,332,5,4.79,63329,165,2008,16.06,Sci-Fi
555,115,5,1.77,77559,147,2006,365.07,Comedy
555,883,4,2.88,44764,108,2001,338.12,Comedy
555,795,2,1.16,44081,137,2009,305.77,Action
555,372,1,3.6,79355,160,2004,137.05,Sci-Fi
555,79,1,3.6,58314,106,2008,432.1,Horror
555,537,1,8.77,88973,136,2019,460.87,Comedy
555,558,5,4.03,20855,129,2021,394.46,Sci-Fi
555,842,2,3.24,1085,109,2013,283.62,Sci-Fi
555,896,3,3.19,73721,178,2014,235.73,Drama
555,844,1,4.51,31995,137,2023,16.2,Drama
556,367,2,3.09,90522,145,2012,170.67,Horror
556,251,1,9.01,36847,103,2013,399.76,Sci-Fi
556,800,4,3.13,19731,103,2008,361.84,Sci-Fi
556,512,5,7.51,64447,164,2017,468.67,Drama
556,592,1,6.0,65571,90,2014,410.55,Drama
556,120,1,3.19,75376,138,2001,408.56,Sci-Fi
556,348,4,8.25,74900,107,2016,249.14,Drama
556,44,1,1.45,18008,160,2001,264.4,Comedy
556,207,2,6.86,27673,157,2005,410.03,Action
556,99,2,7.85,46519,122,2019,488.9,Drama
556,281,3,8.97,95657,94,2025,488.23,Horror
556,9,2,2.75,57485,179,2024,397.22,Comedy
556,770,2,8.26,10079,131,2000,33.84,Horror
556,30,3,5.22,27809,167,2006,142.13,Horror
556,246,4,7.3,82488,100,2020,415.61,Drama
557,802,2,1.21,26630,178,2003,140.79,Horror
557,405,1,9.94,79758,127,2023,450.76,Action
557,261,4,3.66,7319,144,2015,465.0,Comedy
557,3,3,7.43,36207,135,2018,218.06,Horror
557,421,2,6.58,83233,112,2010,130.67,Sci-Fi
557,460,4,4.41,55921,174,2019,123.11,Comedy
557,863,1,9.54,94280,178,2012,40.81,Horror
557,311,5,7.15,39798,91,2022,224.9,Comedy
557,140,2,2.0,51404,108,2022,20.28,Horror
558,865,2,9.02,18913,142,2002,369.68,Action
558,238,3,5.89,83992,180,2022,8.94,Drama
558,684,3,8.22,12769,136,2004,342.51,Sci-Fi
558,115,2,1.77,77559,147,2006,365.07,Comedy
558,500,3,1.95,87782,169,2008,484.75,Action
558,492,3,5.37,49812,96,2024,298.23,Horror
558,58,1,9.73,13304,149,2019,219.19,Horror
558,517,3,3.92,47511,179,2000,303.48,Comedy
558,235,4,4.69,13489,98,2025,31.94,Action
559,205,1,9.25,3989,125,2005,38.39,Sci-Fi
559,38,1,8.86,24712,151,2003,461.24,Action
559,475,5,2.83,7034,93,2019,481.66,Horror
559,190,2,4.53,83320,124,2014,369.37,Horror
559,871,5,3.01,82326,142,2015,267.58,Drama
559,912,5,7.78,40795,118,2019,171.16,Drama
559,763,3,1.13,89973,172,2022,425.05,Drama
559,320,4,7.79,29293,110,2019,78.23,Drama
559,441,4,3.26,60167,144,2022,82.31,Horror
560,627,5,8.66,25209,101,2004,255.2,Action
560,694,2,1.06,73142,168,2021,313.93,Horror
560,475,3,2.83,7034,93,2019,481.66,Horror
560,603,2,8.37,45849,147,2010,67.16,Horror
560,581,5,4.61,98121,95,2007,375.58,Action
560,557,3,5.15,56083,111,2009,100.4,Drama
560,174,1,5.67,75593,114,2017,326.12,Horror
560,281,5,8.97,95657,94,2025,488.23,Horror
560,330,4,1.62,50453,134,2011,368.22,Drama
560,843,2,3.65,2925,157,2003,279.3,Comedy
560,131,4,9.46,35844,151,2000,314.03,Drama
560,608,2,4.18,62105,148,2018,183.3,Comedy
561,414,3,4.99,99295,112,2024,488.92,Drama
561,832,4,1.75,51782,110,2016,246.05,Horror
561,833,5,9.64,89226,83,2018,438.4,Sci-Fi
561,344,5,6.93,31645,116,2020,407.34,Comedy
561,545,3,7.2,6655,133,2008,412.05,Horror
561,27,2,5.55,20440,90,2006,497.82,Comedy
561,724,3,1.82,19709,100,2017,84.17,Drama
561,599,2,7.07,78511,167,2023,31.42,Sci-Fi
561,880,2,5.08,14236,166,2020,164.15,Horror
561,477,1,9.88,55707,160,2012,28.86,Horror
562,212,5,4.75,12534,100,2007,240.29,Drama
562,617,4,1.11,20931,87,2000,352.44,Horror
562,596,1,3.08,51778,85,2023,196.18,Sci-Fi
562,184,5,1.6,10118,167,2012,26.61,Horror
562,519,4,2.54,16335,126,2000,207.51,Drama
562,346,1,4.28,45275,90,2023,58.72,Sci-Fi
562,465,3,6.61,27650,177,2009,65.4,Action
562,124,4,9.14,6101,86,2021,159.1,Drama
563,586,5,5.71,39977,170,2015,371.14,Comedy
563,873,4,1.23,51620,156,2003,452.06,Action
563,997,1,9.38,45004,167,2019,423.27,Sci-Fi
563,919,2,7.5,53999,107,2022,211.99,Drama
563,164,3,9.82,85832,179,2023,426.46,Horror
563,653,5,1.37,18636,115,2013,385.98,Drama
563,808,4,7.05,23281,134,2019,311.76,Comedy
563,763,4,1.13,89973,172,2022,425.05,Drama
563,793,1,7.83,10542,177,2012,482.9,Action
563,445,5,9.66,55105,91,2011,66.05,Sci-Fi
564,920,1,6.59,95905,116,2024,446.71,Horror
564,755,1,6.36,44297,133,2002,68.33,Action
564,171,2,3.42,10857,137,2002,348.98,Comedy
564,734,2,2.4,84384,100,2007,99.23,Action
564,312,5,9.75,44565,114,2021,309.8,Sci-Fi
564,221,2,6.09,5342,82,2024,23.29,Comedy
564,826,2,6.73,3290,164,2016,290.45,Horror
564,737,5,5.21,84487,105,2005,118.14,Comedy
564,302,2,9.9,2104,155,2015,496.71,Action
564,522,4,6.44,11859,145,2022,70.66,Comedy
564,144,1,9.05,60297,99,2003,475.81,Horror
564,901,2,9.14,58728,86,2012,283.54,Horror
564,641,1,7.75,17215,142,2002,222.44,Sci-Fi
564,850,4,9.11,36762,151,2022,196.11,Drama
564,606,2,6.57,75987,151,2018,424.04,Sci-Fi
565,240,3,5.51,11885,168,2011,429.9,Sci-Fi
565,196,3,4.53,15059,132,2020,7.01,Horror
565,64,5,4.12,60444,102,2004,114.31,Horror
565,567,4,5.24,41558,144,2022,489.96,Horror
565,243,4,4.15,27887,163,2000,497.35,Comedy
565,65,3,7.17,91950,129,2008,184.62,Comedy
565,576,2,7.95,10171,90,2014,353.27,Drama
565,788,4,5.58,45119,102,2010,176.93,Action
565,227,1,7.08,39839,107,2000,189.71,Comedy
565,929,1,2.64,61077,150,2024,354.93,Drama
565,780,1,9.01,83260,92,2011,325.55,Horror
565,414,3,4.99,99295,112,2024,488.92,Drama
565,847,4,8.69,78973,107,2011,303.53,Action
565,337,2,6.94,46776,87,2003,266.51,Horror
565,353,4,6.72,27067,139,2016,172.24,Sci-Fi
565,757,2,1.78,79722,81,2016,125.35,Action
565,180,4,5.32,6140,96,2010,165.88,Sci-Fi
565,304,1,4.82,65425,99,2004,433.65,Horror
565,503,1,9.19,39995,120,2016,462.55,Comedy
565,89,3,3.22,22791,112,2004,446.59,Horror
566,80,3,9.63,57833,100,2017,116.87,Comedy
566,18,5,4.04,13427,88,2005,442.32,Drama
566,433,1,2.53,65278,138,2019,121.69,Comedy
566,821,3,8.49,22979,178,2017,212.43,Comedy
566,736,4,2.36,37181,94,2005,480.94,Action
566,192,2,4.69,95544,180,2024,146.0,Action
566,291,2,8.24,27127,142,2010,497.62,Sci-Fi
566,712,1,4.19,67136,153,2017,66.92,Sci-Fi
566,299,3,1.44,7264,141,2008,104.78,Drama
566,123,2,1.68,78173,93,2017,318.79,Comedy
567,463,3,4.05,43827,152,2024,205.66,Action
567,983,1,3.16,23207,85,2017,115.96,Comedy
567,712,4,4.19,67136,153,2017,66.92,Sci-Fi
567,179,4,2.68,80168,163,2000,15.4,Sci-Fi
567,409,1,3.94,76523,92,2009,439.75,Sci-Fi
568,432,5,9.33,93221,160,2001,172.39,Sci-Fi
568,663,1,2.24,90467,147,2016,410.22,Drama
568,13,2,9.33,81747,121,2015,234.07,Comedy
568,937,5,6.12,92703,112,2021,118.98,Sci-Fi
568,469,5,5.9,88797,168,2001,59.59,Action
568,579,4,8.16,48731,154,2015,445.64,Drama
568,286,2,5.63,83291,162,2002,259.86,Sci-Fi
568,234,4,7.93,68179,133,2025,179.42,Comedy
568,708,2,9.64,12107,156,2003,95.57,Action
568,71,5,1.12,66196,149,2018,182.55,Horror
569,157,2,8.1,11643,127,2007,155.52,Comedy
569,665,2,9.17,40363,86,2017,381.75,Drama
569,381,4,3.12,97967,87,2007,156.04,Sci-Fi
569,991,1,6.38,93745,95,2022,121.14,Comedy
569,925,4,8.6,92541,92,2023,21.13,Comedy
569,15,1,2.7,50047,137,2000,141.61,Sci-Fi
569,700,4,5.55,21264,145,2025,451.22,Drama
569,309,2,2.82,72774,174,2016,61.07,Sci-Fi
569,798,1,2.22,71093,164,2021,10.86,Action
569,896,2,3.19,73721,178,2014,235.73,Drama
569,689,5,5.58,27678,165,2019,112.84,Sci-Fi
570,304,2,4.82,65425,99,2004,433.65,Horror
570,609,2,6.41,7360,96,2005,81.26,Sci-Fi
570,114,2,1.86,32342,105,2023,4.8,Action
570,118,4,2.66,26085,95,2014,446.75,Comedy
570,968,4,6.05,82673,123,2022,225.15,Action
570,910,4,9.02,85023,92,2018,219.63,Drama
570,895,1,2.74,82117,167,2002,498.92,Horror
570,106,2,6.46,96903,156,2024,443.8,Action
571,851,5,2.28,69328,83,2011,445.7,Action
571,395,1,4.83,82972,113,2024,220.74,Action
571,297,1,3.31,61997,155,2010,446.15,Horror
571,789,5,1.91,60846,172,2004,159.97,Horror
571,205,1,9.25,3989,125,2005,38.39,Sci-Fi
571,380,5,9.48,4242,152,2007,30.0,Drama
571,935,5,8.94,64847,104,2002,184.65,Sci-Fi
571,529,1,6.0,27718,175,2018,34.45,Action
571,699,4,3.73,36279,131,2011,124.53,Sci-Fi
571,535,4,1.38,99982,139,2020,420.54,Sci-Fi
571,460,5,4.41,55921,174,2019,123.11,Comedy
571,855,3,4.31,36642,164,2009,135.3,Horror
571,978,2,9.93,23235,175,2015,460.74,Sci-Fi
571,703,4,1.79,17068,129,2020,486.68,Sci-Fi
571,517,4,3.92,47511,179,2000,303.48,Comedy
571,326,2,5.09,3775,153,2005,315.78,Drama
572,381,5,3.12,97967,87,2007,156.04,Sci-Fi
572,997,2,9.38,45004,167,2019,423.27,Sci-Fi
572,553,4,8.31,2505,170,2001,97.02,Horror
572,477,1,9.88,55707,160,2012,28.86,Horror
572,236,2,6.31,26562,136,2018,371.21,Sci-Fi
572,804,1,9.23,70128,89,2002,232.0,Horror
572,917,4,9.56,96958,106,2013,157.11,Comedy
572,547,4,9.24,49636,170,2000,146.51,Comedy
572,93,5,3.83,80292,156,2015,472.0,Horror
572,823,4,2.18,43954,94,2001,418.85,Sci-Fi
572,414,4,4.99,99295,112,2024,488.92,Drama
572,796,1,7.09,55245,129,2024,67.12,Horror
572,248,3,3.57,78249,118,2010,443.37,Action
572,434,3,4.37,18704,139,2014,412.15,Horror
572,6,3,2.42,15530,84,2011,37.21,Comedy
572,437,3,5.35,39997,123,2007,430.92,Action
572,517,2,3.92,47511,179,2000,303.48,Comedy
572,878,2,3.19,93967,84,2015,453.72,Sci-Fi
572,214,3,1.29,30380,109,2018,63.67,Horror
573,316,4,3.33,58946,159,2020,30.68,Horror
573,617,4,1.11,20931,87,2000,352.44,Horror
573,561,1,8.33,80287,177,2023,431.01,Drama
573,497,5,1.15,19039,139,2002,120.55,Drama
573,598,4,1.99,2634,81,2006,415.53,Sci-Fi
573,498,3,2.82,55173,109,2003,401.26,Sci-Fi
573,977,1,1.2,8624,158,2012,17.31,Comedy
573,413,2,4.66,93265,156,2020,449.83,Sci-Fi
573,357,4,9.65,32875,107,2025,358.23,Horror
574,705,1,6.14,81261,120,2016,86.04,Sci-Fi
574,51,1,4.71,26392,95,2018,389.54,Sci-Fi
574,774,2,4.9,19363,103,2001,217.05,Horror
574,203,5,6.03,13869,162,2024,467.76,Horror
574,760,4,4.29,37897,138,2021,351.74,Comedy
574,426,2,1.78,4981,168,2008,255.41,Comedy
574,413,2,4.66,93265,156,2020,449.83,Sci-Fi
574,453,4,4.75,85047,148,2012,230.66,Action
574,210,5,1.12,78391,171,2014,333.89,Sci-Fi
574,912,4,7.78,40795,118,2019,171.16,Drama
574,10,1,1.34,70647,116,2019,258.58,Drama
574,703,5,1.79,17068,129,2020,486.68,Sci-Fi
574,30,4,5.22,27809,167,2006,142.13,Horror
574,134,4,6.29,50767,134,2010,393.46,Drama
574,266,3,2.13,91066,151,2025,385.23,Action
574,370,3,6.8,45998,135,2000,89.79,Sci-Fi
574,533,2,1.74,48058,138,2004,209.98,Action
574,216,3,5.4,37078,119,2018,336.44,Comedy
574,777,4,6.96,56048,156,2017,3.23,Action
575,623,5,5.56,82398,115,2020,338.43,Drama
575,793,3,7.83,10542,177,2012,482.9,Action
575,353,3,6.72,27067,139,2016,172.24,Sci-Fi
575,858,2,6.33,53810,99,2000,213.14,Sci-Fi
575,363,4,5.74,10936,118,2019,498.35,Drama
575,413,4,4.66,93265,156,2020,449.83,Sci-Fi
575,116,1,5.35,71734,87,2018,199.33,Comedy
575,186,3,6.01,77584,104,2014,185.0,Drama
575,51,1,4.71,26392,95,2018,389.54,Sci-Fi
575,769,5,5.47,22660,123,2003,336.15,Sci-Fi
575,775,2,1.45,47731,154,2004,189.17,Drama
575,368,4,8.13,30318,120,2010,101.24,Horror
575,785,1,1.42,88806,96,2007,70.11,Comedy
575,457,2,2.41,64071,111,2010,55.8,Action
575,742,2,4.87,1175,99,2005,29.68,Horror
576,460,5,4.41,55921,174,2019,123.11,Comedy
576,394,3,9.61,81472,156,2005,103.05,Comedy
576,198,1,5.48,634,116,2005,116.52,Drama
576,798,2,2.22,71093,164,2021,10.86,Action
576,562,2,1.58,17100,131,2012,43.32,Action
576,820,4,7.23,71604,120,2005,294.29,Drama
576,675,3,2.99,9535,153,2009,485.84,Drama
576,45,5,1.53,94599,104,2014,112.65,Horror
576,805,5,6.79,35610,99,2020,499.68,Action
576,507,5,4.68,67944,81,2025,429.68,Sci-Fi
577,882,2,7.18,48934,106,2022,379.27,Comedy
577,820,1,7.23,71604,120,2005,294.29,Drama
577,712,4,4.19,67136,153,2017,66.92,Sci-Fi
577,592,4,6.0,65571,90,2014,410.55,Drama
577,101,4,2.47,93064,80,2001,115.52,Drama
577,994,2,5.94,57188,119,2025,411.28,Horror
577,804,2,9.23,70128,89,2002,232.0,Horror
577,736,3,2.36,37181,94,2005,480.94,Action
577,112,2,8.58,42298,145,2024,255.56,Horror
577,102,3,5.07,440,83,2010,255.18,Comedy
577,890,2,1.35,33049,82,2019,28.56,Horror
577,229,5,6.48,56113,140,2006,289.67,Action
577,876,1,9.08,83915,143,2025,294.52,Drama
577,701,3,9.07,4375,147,2012,480.64,Action
578,170,5,9.3,66754,135,2001,186.22,Sci-Fi
578,536,1,4.21,4145,106,2002,261.44,Drama
578,869,1,2.31,70416,133,2016,268.57,Horror
578,715,1,8.07,64781,176,2010,340.08,Action
578,383,2,3.15,95255,88,2005,167.8,Horror
578,88,1,9.53,11883,178,2016,153.49,Action
578,916,4,9.44,12241,176,2024,87.09,Horror
578,993,2,5.11,69113,139,2011,221.36,Drama
578,435,4,7.62,93493,113,2008,431.56,Action
578,585,1,2.85,11672,83,2001,77.16,Horror
578,488,4,2.22,53472,123,2024,160.58,Action
578,842,3,3.24,1085,109,2013,283.62,Sci-Fi
579,40,2,5.27,66477,124,2000,19.82,Drama
579,657,3,3.61,66040,95,2006,390.07,Sci-Fi
579,213,2,9.87,43394,93,2015,56.13,Action
579,861,4,1.24,78417,97,2001,270.55,Action
579,860,3,5.62,87466,138,2016,108.45,Horror
579,292,1,8.56,88144,155,2015,17.06,Sci-Fi
580,14,1,3.85,87855,82,2019,165.71,Drama
580,342,3,5.65,81897,156,2012,39.87,Sci-Fi
580,110,2,6.9,44047,102,2005,441.28,Sci-Fi
580,64,3,4.12,60444,102,2004,114.31,Horror
580,743,5,9.45,53320,139,2011,320.58,Comedy
580,862,3,8.6,54386,162,2014,4.9,Drama
580,372,2,3.6,79355,160,2004,137.05,Sci-Fi
580,629,5,2.92,25536,86,2006,38.19,Drama
580,177,2,8.6,1850,133,2016,435.45,Drama
580,415,1,5.8,70426,161,2002,146.88,Sci-Fi
581,997,3,9.38,45004,167,2019,423.27,Sci-Fi
581,46,1,7.67,91008,92,2002,477.3,Action
581,640,1,7.69,72540,97,2019,398.94,Action
581,907,3,3.67,44489,134,2018,242.36,Sci-Fi
581,621,4,1.07,1151,174,2003,6.5,Drama
581,197,1,1.45,3644,112,2001,125.16,Horror
581,711,5,5.15,98114,138,2015,344.81,Comedy
581,409,5,3.94,76523,92,2009,439.75,Sci-Fi
581,839,5,5.47,66733,123,2003,270.83,Horror
581,388,4,6.85,56306,147,2024,208.52,Comedy
581,84,3,4.3,56465,148,2008,47.03,Action
581,267,3,4.15,80297,128,2016,291.96,Drama
581,624,3,3.2,41552,153,2012,243.27,Horror
581,913,2,2.82,61811,138,2023,482.49,Horror
581,937,3,6.12,92703,112,2021,118.98,Sci-Fi
581,977,2,1.2,8624,158,2012,17.31,Comedy
581,453,3,4.75,85047,148,2012,230.66,Action
581,762,3,4.43,95947,91,2025,266.09,Comedy
582,514,4,2.45,61762,171,2018,476.47,Action
582,538,1,7.53,30148,114,2020,114.76,Comedy
582,265,2,4.25,20866,142,2024,155.31,Horror
582,987,2,3.46,23901,102,2016,83.49,Drama
582,432,1,9.33,93221,160,2001,172.39,Sci-Fi
582,664,2,4.57,95853,95,2000,421.63,Action
582,851,4,2.28,69328,83,2011,445.7,Action
582,241,3,1.7,33378,98,2004,176.64,Action
582,607,1,2.75,23737,148,2015,10.39,Comedy
582,893,5,1.76,50909,116,2005,298.6,Horror
582,19,2,4.72,11987,174,2015,341.33,Horror
582,613,4,7.73,74123,172,2009,285.11,Horror
582,681,3,9.65,20204,144,2025,399.7,Action
583,450,5,8.4,92540,93,2004,350.68,Drama
583,486,4,3.96,76012,124,2007,113.38,Drama
583,651,5,3.86,42073,120,2002,200.04,Drama
583,262,5,9.88,50514,92,2019,199.89,Horror
583,607,1,2.75,23737,148,2015,10.39,Comedy
583,271,3,2.31,52133,119,2001,461.05,Drama
584,300,2,3.78,10236,174,2020,347.12,Action
584,51,4,4.71,26392,95,2018,389.54,Sci-Fi
584,93,1,3.83,80292,156,2015,472.0,Horror
584,389,3,7.34,96328,145,2019,209.73,Horror
584,152,4,4.03,31325,135,2019,81.37,Horror
584,579,1,8.16,48731,154,2015,445.64,Drama
585,236,5,6.31,26562,136,2018,371.21,Sci-Fi
585,289,5,8.16,15005,127,2002,56.19,Drama
585,515,4,4.55,13864,173,2010,74.73,Horror
585,182,1,3.09,92147,88,2009,434.23,Action
585,644,2,1.96,55263,162,2017,337.9,Drama
585,143,1,9.16,86016,98,2024,375.78,Sci-Fi
585,864,1,4.73,96535,159,2012,119.51,Sci-Fi
585,809,4,9.96,68074,94,2019,377.72,Drama
585,250,4,4.54,3706,140,2010,138.55,Action
585,172,1,1.33,23479,141,2025,21.85,Sci-Fi
585,24,5,2.83,22538,101,2022,273.9,Horror
585,104,5,9.8,2553,110,2017,68.21,Action
585,744,4,7.7,30842,173,2013,490.92,Horror
585,984,3,3.31,32539,144,2014,276.9,Comedy
585,546,1,9.88,72294,168,2011,20.67,Drama
585,385,5,5.35,87970,124,2016,342.74,Horror
585,902,5,3.38,24483,101,2019,82.65,Drama
585,273,4,3.13,91452,113,2003,11.58,Sci-Fi
585,224,2,7.09,26078,90,2006,176.0,Action
586,222,1,8.91,33322,116,2013,332.48,Sci-Fi
586,657,1,3.61,66040,95,2006,390.07,Sci-Fi
586,487,4,9.1,53389,118,2015,167.61,Sci-Fi
586,356,2,5.45,87246,128,2001,273.29,Horror
586,646,5,6.21,36767,147,2013,214.83,Sci-Fi
586,5,1,2.32,79798,120,2016,12.73,Drama
586,568,2,7.79,9589,128,2001,454.36,Drama
586,125,5,2.74,84189,180,2014,202.51,Action
586,734,4,2.4,84384,100,2007,99.23,Action
586,783,4,1.24,31737,160,2010,123.41,Comedy
586,947,4,4.06,85728,176,2019,40.31,Sci-Fi
586,361,1,2.98,36499,160,2010,127.14,Action
586,337,3,6.94,46776,87,2003,266.51,Horror
586,448,3,2.37,70071,109,2003,199.88,Sci-Fi
586,674,3,5.86,79276,113,2020,235.42,Drama
586,983,5,3.16,23207,85,2017,115.96,Comedy
586,112,4,8.58,42298,145,2024,255.56,Horror
586,905,1,1.53,22375,95,2009,373.34,Action
586,874,3,1.85,74870,164,2015,265.44,Horror
586,66,3,3.4,19875,176,2020,83.72,Action
587,512,2,7.51,64447,164,2017,468.67,Drama
587,346,2,4.28,45275,90,2023,58.72,Sci-Fi
587,847,2,8.69,78973,107,2011,303.53,Action
587,737,2,5.21,84487,105,2005,118.14,Comedy
587,783,5,1.24,31737,160,2010,123.41,Comedy
587,434,1,4.37,18704,139,2014,412.15,Horror
587,3,3,7.43,36207,135,2018,218.06,Horror
587,149,1,7.13,22903,91,2013,199.65,Action
587,983,3,3.16,23207,85,2017,115.96,Comedy
587,328,3,9.87,74905,147,2012,222.22,Sci-Fi
587,387,4,3.97,44396,154,2004,362.01,Comedy
587,224,5,7.09,26078,90,2006,176.0,Action
587,723,2,2.6,72422,158,2001,101.29,Horror
587,537,4,8.77,88973,136,2019,460.87,Comedy
587,82,5,1.17,80722,136,2006,204.9,Drama
587,195,2,9.01,70167,90,2003,232.83,Comedy
587,68,2,5.07,84734,152,2006,413.9,Sci-Fi
587,260,3,5.4,71909,102,2024,113.42,Comedy
587,456,1,6.3,42470,106,2015,15.1,Drama
588,498,2,2.82,55173,109,2003,401.26,Sci-Fi
588,536,5,4.21,4145,106,2002,261.44,Drama
588,6,1,2.42,15530,84,2011,37.21,Comedy
588,479,3,5.66,86974,144,2003,264.82,Drama
588,161,3,8.08,27281,81,2009,478.36,Action
588,828,2,6.43,56744,163,2007,324.25,Horror
588,902,5,3.38,24483,101,2019,82.65,Drama
588,386,1,8.75,97941,155,2013,486.2,Comedy
588,37,4,3.79,32335,109,2021,296.45,Drama
588,290,5,6.65,57610,100,2023,317.18,Sci-Fi
588,140,5,2.0,51404,108,2022,20.28,Horror
588,767,4,5.57,96171,137,2012,38.83,Sci-Fi
588,804,4,9.23,70128,89,2002,232.0,Horror
588,214,3,1.29,30380,109,2018,63.67,Horror
588,151,5,2.27,67558,150,2021,324.07,Drama
588,35,5,6.36,30140,157,2002,115.88,Action
588,734,1,2.4,84384,100,2007,99.23,Action
588,625,5,6.58,29443,86,2000,150.83,Action
588,501,4,7.18,64430,125,2004,194.5,Horror
588,644,5,1.96,55263,162,2017,337.9,Drama
589,968,4,6.05,82673,123,2022,225.15,Action
589,540,3,6.81,20077,135,2023,72.08,Sci-Fi
589,935,4,8.94,64847,104,2002,184.65,Sci-Fi
589,268,3,6.05,91815,120,2019,22.36,Comedy
589,494,1,6.48,63787,83,2012,380.46,Action
589,976,2,7.55,64344,141,2018,66.44,Horror
589,975,1,4.24,23410,144,2002,84.14,Horror
589,952,1,2.24,14941,151,2000,213.77,Comedy
589,321,1,3.05,73138,129,2010,206.83,Action
589,264,3,7.25,90024,177,2006,290.93,Sci-Fi
589,211,2,5.02,71522,113,2019,74.05,Drama
589,381,5,3.12,97967,87,2007,156.04,Sci-Fi
589,989,3,3.55,2095,95,2023,189.17,Horror
589,775,1,1.45,47731,154,2004,189.17,Drama
589,969,2,4.25,70855,102,2024,486.27,Horror
589,759,2,6.36,99083,176,2003,378.71,Comedy
589,382,3,6.33,83895,93,2015,475.43,Sci-Fi
589,932,4,5.09,55874,130,2023,80.27,Sci-Fi
589,524,3,9.53,92448,94,2004,8.95,Sci-Fi
590,989,2,3.55,2095,95,2023,189.17,Horror
590,448,2,2.37,70071,109,2003,199.88,Sci-Fi
590,623,2,5.56,82398,115,2020,338.43,Drama
590,265,2,4.25,20866,142,2024,155.31,Horror
590,403,2,3.17,70883,151,2021,53.89,Action
590,461,1,3.34,48242,133,2014,17.23,Action
590,308,2,4.09,90928,135,2011,484.1,Comedy
590,542,5,4.59,68455,81,2000,217.18,Drama
590,957,3,3.8,69194,123,2007,287.95,Sci-Fi
590,109,3,7.98,92174,136,2005,28.71,Sci-Fi
590,843,5,3.65,2925,157,2003,279.3,Comedy
590,127,5,4.68,85641,101,2025,291.73,Horror
590,963,5,9.42,29251,139,2010,450.39,Action
591,388,4,6.85,56306,147,2024,208.52,Comedy
591,20,3,9.06,66239,94,2003,92.1,Horror
591,544,2,2.53,35259,127,2008,83.19,Sci-Fi
591,908,5,4.44,88574,99,2002,52.23,Sci-Fi
591,622,2,1.61,90974,157,2024,411.14,Comedy
591,12,3,5.08,40872,120,2023,266.45,Action
591,274,1,3.19,37071,84,2023,160.36,Drama
591,21,4,8.77,91672,120,2010,9.71,Drama
591,490,3,8.15,60011,115,2000,73.26,Sci-Fi
591,138,5,5.28,94078,145,2023,151.58,Action
592,17,2,5.97,12935,115,2001,494.22,Action
592,830,2,2.86,93154,86,2007,54.87,Horror
592,922,4,8.42,89513,139,2014,395.33,Sci-Fi
592,328,4,9.87,74905,147,2012,222.22,Sci-Fi
592,816,3,7.94,40594,165,2009,49.88,Action
592,42,2,3.36,15816,100,2015,385.27,Action
593,28,1,9.47,49524,150,2022,37.47,Sci-Fi
593,49,4,7.79,6744,172,2010,167.94,Sci-Fi
593,204,4,2.92,2495,120,2002,290.58,Sci-Fi
593,564,3,3.8,90003,97,2023,484.69,Drama
593,505,4,3.75,73561,113,2020,122.21,Sci-Fi
593,978,1,9.93,23235,175,2015,460.74,Sci-Fi
593,959,3,9.89,822,113,2024,484.94,Action
593,125,3,2.74,84189,180,2014,202.51,Action
593,99,3,7.85,46519,122,2019,488.9,Drama
593,782,1,4.64,70405,88,2002,59.36,Action
593,118,2,2.66,26085,95,2014,446.75,Comedy
594,255,3,9.75,86396,163,2003,55.95,Horror
594,647,3,9.36,33176,93,2025,125.85,Sci-Fi
594,79,2,3.6,58314,106,2008,432.1,Horror
594,997,2,9.38,45004,167,2019,423.27,Sci-Fi
594,500,1,1.95,87782,169,2008,484.75,Action
594,741,1,6.24,18207,152,2000,323.25,Drama
594,624,1,3.2,41552,153,2012,243.27,Horror
595,592,2,6.0,65571,90,2014,410.55,Drama
595,625,2,6.58,29443,86,2000,150.83,Action
595,550,5,4.42,2162,118,2024,428.65,Drama
595,989,5,3.55,2095,95,2023,189.17,Horror
595,284,4,1.24,4404,150,2011,95.24,Sci-Fi
595,292,2,8.56,88144,155,2015,17.06,Sci-Fi
595,67,1,6.61,86508,180,2003,493.47,Comedy
595,711,4,5.15,98114,138,2015,344.81,Comedy
596,147,5,5.83,89198,86,2004,87.22,Drama
596,474,3,6.72,44352,124,2023,464.66,Drama
596,940,4,2.13,61163,116,2019,101.56,Action
596,529,4,6.0,27718,175,2018,34.45,Action
596,827,5,4.94,91022,163,2003,185.23,Comedy
596,538,3,7.53,30148,114,2020,114.76,Comedy
597,478,4,7.33,79690,119,2013,227.92,Action
597,314,1,3.61,71587,106,2011,312.95,Action
597,807,4,3.11,80643,89,2000,463.71,Action
597,585,2,2.85,11672,83,2001,77.16,Horror
597,347,1,8.29,59456,171,2014,321.46,Horror
597,374,1,5.33,83073,136,2009,37.19,Drama
597,864,5,4.73,96535,159,2012,119.51,Sci-Fi
597,61,3,2.4,33957,143,2013,167.78,Sci-Fi
597,520,3,2.9,71459,160,2022,346.05,Sci-Fi
597,679,3,4.63,87477,120,2000,390.95,Action
597,24,4,2.83,22538,101,2022,273.9,Horror
597,486,1,3.96,76012,124,2007,113.38,Drama
598,687,4,4.46,73322,149,2015,35.45,Horror
598,302,4,9.9,2104,155,2015,496.71,Action
598,966,5,9.41,22447,82,2013,401.31,Comedy
598,443,4,3.95,11806,143,2008,428.8,Comedy
598,900,2,1.78,6123,172,2015,76.37,Horror
598,561,5,8.33,80287,177,2023,431.01,Drama
598,682,1,9.85,31487,160,2008,46.38,Sci-Fi
598,243,1,4.15,27887,163,2000,497.35,Comedy
598,820,1,7.23,71604,120,2005,294.29,Drama
598,244,5,8.36,81392,178,2003,289.85,Horror
598,845,4,9.21,61599,114,2011,135.05,Comedy
598,813,3,4.19,17161,127,2019,116.49,Comedy
598,157,5,8.1,11643,127,2007,155.52,Comedy
598,315,5,1.1,32606,136,2023,277.41,Sci-Fi
598,21,5,8.77,91672,120,2010,9.71,Drama
598,556,4,9.96,85044,153,2024,104.02,Comedy
599,565,3,4.9,3488,93,2025,179.93,Sci-Fi
599,186,1,6.01,77584,104,2014,185.0,Drama
599,681,1,9.65,20204,144,2025,399.7,Action
599,733,2,2.03,59930,178,2011,7.92,Horror
599,118,1,2.66,26085,95,2014,446.75,Comedy
599,29,2,1.84,31448,95,2023,366.31,Horror
600,807,4,3.11,80643,89,2000,463.71,Action
600,726,4,7.04,97921,158,2012,29.31,Action
600,632,3,8.85,29726,169,2015,1.64,Action
600,431,3,8.8,13043,107,2012,295.7,Action
600,989,1,3.55,2095,95,2023,189.17,Horror
600,174,5,5.67,75593,114,2017,326.12,Horror
600,749,1,1.16,45327,139,2000,467.85,Comedy
600,854,5,2.14,25103,175,2018,363.58,Sci-Fi
600,274,1,3.19,37071,84,2023,160.36,Drama
600,522,4,6.44,11859,145,2022,70.66,Comedy
600,88,3,9.53,11883,178,2016,153.49,Action
600,192,2,4.69,95544,180,2024,146.0,Action
600,725,4,5.75,2501,169,2002,319.52,Sci-Fi
600,360,3,2.11,51949,174,2019,419.99,Comedy
600,561,2,8.33,80287,177,2023,431.01,Drama
601,78,2,3.55,51420,95,2020,198.44,Horror
601,809,3,9.96,68074,94,2019,377.72,Drama
601,742,4,4.87,1175,99,2005,29.68,Horror
601,175,2,4.98,70184,97,2005,107.44,Horror
601,879,1,9.51,4225,170,2022,149.09,Comedy
601,45,4,1.53,94599,104,2014,112.65,Horror
601,792,1,4.64,3756,82,2005,296.37,Sci-Fi
601,280,2,7.51,53033,97,2016,303.32,Sci-Fi
601,446,1,8.08,6551,86,2020,191.82,Action
601,861,1,1.24,78417,97,2001,270.55,Action
601,355,5,3.39,714,103,2012,413.83,Action
601,606,3,6.57,75987,151,2018,424.04,Sci-Fi
601,292,3,8.56,88144,155,2015,17.06,Sci-Fi
601,41,1,1.06,39158,101,2003,321.63,Action
601,930,5,8.36,69428,81,2000,443.81,Horror
601,949,1,8.95,74777,119,2010,273.21,Sci-Fi
601,566,5,5.29,24787,162,2014,301.99,Sci-Fi
601,789,3,1.91,60846,172,2004,159.97,Horror
602,5,2,2.32,79798,120,2016,12.73,Drama
602,618,4,2.15,24619,163,2024,24.27,Action
602,458,5,6.05,71201,123,2013,162.74,Horror
602,214,4,1.29,30380,109,2018,63.67,Horror
602,380,4,9.48,4242,152,2007,30.0,Drama
602,828,4,6.43,56744,163,2007,324.25,Horror
602,435,4,7.62,93493,113,2008,431.56,Action
602,948,1,7.35,33766,158,2025,53.46,Sci-Fi
602,602,5,4.2,84860,167,2017,124.1,Action
602,625,5,6.58,29443,86,2000,150.83,Action
602,431,4,8.8,13043,107,2012,295.7,Action
602,983,4,3.16,23207,85,2017,115.96,Comedy
603,574,4,3.14,36560,106,2019,193.58,Comedy
603,867,1,9.84,60774,97,2000,379.63,Horror
603,527,4,4.63,51584,175,2021,162.1,Drama
603,513,5,6.61,61767,131,2000,136.1,Comedy
603,102,2,5.07,440,83,2010,255.18,Comedy
603,899,1,2.65,5209,105,2023,280.34,Comedy
603,330,5,1.62,50453,134,2011,368.22,Drama
603,303,5,9.25,60116,98,2018,495.39,Drama
604,493,4,8.08,59731,99,2014,73.29,Drama
604,655,3,9.1,56508,100,2005,301.74,Action
604,811,1,2.81,76982,80,2020,429.77,Comedy
604,88,3,9.53,11883,178,2016,153.49,Action
604,836,3,7.12,27441,162,2006,284.32,Sci-Fi
604,614,2,3.54,24141,116,2014,426.18,Horror
604,107,4,9.07,57679,151,2018,180.76,Comedy
604,269,5,5.97,87306,163,2013,94.78,Comedy
604,685,4,1.79,22019,157,2018,359.04,Comedy
604,266,2,2.13,91066,151,2025,385.23,Action
604,223,5,3.85,57509,166,2013,246.16,Horror
604,75,3,4.16,47174,153,2009,496.72,Sci-Fi
604,523,1,8.4,5989,107,2004,281.78,Action
604,761,4,7.47,26346,113,2016,332.03,Horror
604,425,1,8.58,92039,95,2020,138.42,Horror
605,87,3,8.35,72060,124,2009,181.4,Horror
605,847,5,8.69,78973,107,2011,303.53,Action
605,82,1,1.17,80722,136,2006,204.9,Drama
605,157,5,8.1,11643,127,2007,155.52,Comedy
605,153,5,2.83,43032,174,2009,218.68,Horror
605,33,1,7.52,87662,85,2011,64.04,Comedy
605,347,4,8.29,59456,171,2014,321.46,Horror
605,570,3,1.08,11746,102,2012,338.45,Sci-Fi
605,622,5,1.61,90974,157,2024,411.14,Comedy
605,698,2,3.09,17021,141,2011,406.81,Action
606,94,4,6.86,71778,131,2014,490.37,Drama
606,207,5,6.86,27673,157,2005,410.03,Action
606,332,2,4.79,63329,165,2008,16.06,Sci-Fi
606,564,4,3.8,90003,97,2023,484.69,Drama
606,248,4,3.57,78249,118,2010,443.37,Action
606,319,4,3.18,73807,104,2006,95.39,Drama
606,490,3,8.15,60011,115,2000,73.26,Sci-Fi
606,81,4,1.66,99147,101,2005,271.88,Drama
606,419,2,1.15,99453,80,2011,182.7,Action
606,398,1,2.76,70800,98,2023,282.94,Comedy
606,796,1,7.09,55245,129,2024,67.12,Horror
606,253,1,3.19,48607,161,2005,480.77,Horror
606,222,3,8.91,33322,116,2013,332.48,Sci-Fi
606,11,3,9.67,42303,136,2014,203.92,Drama
606,437,1,5.35,39997,123,2007,430.92,Action
606,140,3,2.0,51404,108,2022,20.28,Horror
606,768,4,6.09,18329,109,2005,84.66,Comedy
606,738,1,7.14,30548,106,2008,374.07,Comedy
607,486,5,3.96,76012,124,2007,113.38,Drama
607,783,1,1.24,31737,160,2010,123.41,Comedy
607,387,5,3.97,44396,154,2004,362.01,Comedy
607,742,4,4.87,1175,99,2005,29.68,Horror
607,150,1,4.74,53119,103,2019,138.6,Comedy
607,875,4,8.37,15013,135,2012,181.81,Action
607,300,2,3.78,10236,174,2020,347.12,Action
607,179,1,2.68,80168,163,2000,15.4,Sci-Fi
607,592,5,6.0,65571,90,2014,410.55,Drama
608,397,2,9.22,52584,167,2002,33.48,Horror
608,871,5,3.01,82326,142,2015,267.58,Drama
608,187,1,5.23,80449,82,2008,142.22,Action
608,562,3,1.58,17100,131,2012,43.32,Action
608,858,4,6.33,53810,99,2000,213.14,Sci-Fi
608,278,2,8.77,1239,119,2006,286.72,Action
608,954,1,6.71,40191,137,2020,133.07,Comedy
608,389,2,7.34,96328,145,2019,209.73,Horror
608,88,3,9.53,11883,178,2016,153.49,Action
609,720,1,3.35,3362,87,2016,276.99,Drama
609,340,5,4.09,85272,119,2002,464.82,Horror
609,578,5,2.68,15228,113,2006,287.88,Horror
609,816,1,7.94,40594,165,2009,49.88,Action
609,405,4,9.94,79758,127,2023,450.76,Action
609,8,2,5.75,18558,176,2004,113.77,Sci-Fi
610,453,4,4.75,85047,148,2012,230.66,Action
610,236,3,6.31,26562,136,2018,371.21,Sci-Fi
610,1000,5,1.05,54257,129,2007,363.36,Sci-Fi
610,652,5,1.86,90366,91,2005,157.31,Drama
610,88,2,9.53,11883,178,2016,153.49,Action
610,928,5,6.27,4593,133,2006,352.48,Sci-Fi
610,784,4,2.64,2654,137,2021,225.41,Horror
610,32,2,8.56,33775,148,2012,331.43,Action
610,479,3,5.66,86974,144,2003,264.82,Drama
610,746,4,8.82,81051,114,2004,283.12,Sci-Fi
611,892,2,5.64,32894,167,2011,337.23,Horror
611,493,2,8.08,59731,99,2014,73.29,Drama
611,473,2,4.16,30020,88,2019,432.07,Comedy
611,324,5,6.6,31955,124,2018,31.98,Action
611,43,4,5.91,86088,102,2012,123.05,Horror
611,912,2,7.78,40795,118,2019,171.16,Drama
611,289,3,8.16,15005,127,2002,56.19,Drama
611,773,4,7.88,57203,176,2012,394.42,Action
611,800,5,3.13,19731,103,2008,361.84,Sci-Fi
611,335,3,6.8,73279,173,2004,101.29,Action
611,948,4,7.35,33766,158,2025,53.46,Sci-Fi
611,973,3,5.43,9551,125,2012,244.78,Comedy
611,904,3,6.3,2322,147,2017,180.08,Action
612,382,3,6.33,83895,93,2015,475.43,Sci-Fi
612,253,3,3.19,48607,161,2005,480.77,Horror
612,220,2,5.14,6131,113,2016,137.22,Horror
612,151,2,2.27,67558,150,2021,324.07,Drama
612,786,5,5.98,85209,111,2001,331.63,Action
613,110,4,6.9,44047,102,2005,441.28,Sci-Fi
613,320,3,7.79,29293,110,2019,78.23,Drama
613,638,5,9.88,47522,129,2006,151.73,Comedy
613,443,2,3.95,11806,143,2008,428.8,Comedy
613,900,4,1.78,6123,172,2015,76.37,Horror
613,981,1,1.96,93419,151,2012,240.82,Sci-Fi
614,363,5,5.74,10936,118,2019,498.35,Drama
614,768,4,6.09,18329,109,2005,84.66,Comedy
614,227,5,7.08,39839,107,2000,189.71,Comedy
614,355,2,3.39,714,103,2012,413.83,Action
614,885,3,6.41,92131,136,2003,292.64,Sci-Fi
614,481,1,5.38,27157,121,2004,268.79,Drama
614,623,4,5.56,82398,115,2020,338.43,Drama
614,402,5,8.44,7134,156,2016,263.41,Comedy
614,25,2,4.03,68555,139,2021,344.84,Drama
614,694,2,1.06,73142,168,2021,313.93,Horror
614,155,3,4.39,32376,86,2002,71.63,Drama
614,409,3,3.94,76523,92,2009,439.75,Sci-Fi
614,259,4,9.99,10868,132,2005,364.34,Drama
614,206,4,7.54,29513,143,2009,265.59,Comedy
615,348,4,8.25,74900,107,2016,249.14,Drama
615,548,1,8.2,20271,168,2006,375.9,Comedy
615,410,2,1.99,76037,175,2005,121.71,Drama
615,753,2,4.98,88366,136,2002,270.63,Horror
615,400,5,9.03,27328,124,2003,272.8,Comedy
615,227,1,7.08,39839,107,2000,189.71,Comedy
615,849,1,7.56,75342,169,2008,232.82,Horror
615,470,3,3.1,2082,142,2012,109.84,Action
615,685,5,1.79,22019,157,2018,359.04,Comedy
615,842,3,3.24,1085,109,2013,283.62,Sci-Fi
615,126,3,5.11,24173,158,2001,13.64,Action
615,939,5,6.99,46882,153,2023,272.52,Horror
615,961,1,8.74,4618,138,2016,447.99,Sci-Fi
616,943,2,8.26,9914,176,2023,28.99,Action
616,438,2,7.36,17478,121,2007,235.5,Comedy
616,454,3,6.53,12450,158,2022,49.48,Horror
616,721,4,6.73,95594,151,2019,464.09,Action
616,828,2,6.43,56744,163,2007,324.25,Horror
616,165,3,4.6,92185,87,2020,473.9,Sci-Fi
616,227,3,7.08,39839,107,2000,189.71,Comedy
617,814,5,5.77,1945,103,2005,69.34,Drama
617,639,4,9.24,26069,114,2025,431.25,Horror
617,215,2,1.32,3654,169,2025,16.63,Drama
617,116,5,5.35,71734,87,2018,199.33,Comedy
617,318,5,7.37,96503,135,2020,235.73,Action
617,916,5,9.44,12241,176,2024,87.09,Horror
618,792,1,4.64,3756,82,2005,296.37,Sci-Fi
618,895,2,2.74,82117,167,2002,498.92,Horror
618,823,3,2.18,43954,94,2001,418.85,Sci-Fi
618,217,1,7.06,66917,96,2016,434.09,Comedy
618,784,2,2.64,2654,137,2021,225.41,Horror
618,202,2,3.0,25873,144,2023,208.88,Action
618,211,3,5.02,71522,113,2019,74.05,Drama
618,956,3,8.78,19852,97,2007,495.78,Sci-Fi
618,853,3,9.06,31021,140,2011,470.64,Sci-Fi
618,427,1,7.63,12062,103,2021,235.42,Drama
618,969,1,4.25,70855,102,2024,486.27,Horror
618,582,5,4.01,59881,142,2010,402.94,Action
618,353,3,6.72,27067,139,2016,172.24,Sci-Fi
618,531,2,6.18,56109,161,2010,198.33,Drama
618,561,1,8.33,80287,177,2023,431.01,Drama
619,995,4,4.33,93606,141,2006,155.54,Drama
619,769,4,5.47,22660,123,2003,336.15,Sci-Fi
619,312,5,9.75,44565,114,2021,309.8,Sci-Fi
619,1000,5,1.05,54257,129,2007,363.36,Sci-Fi
619,960,3,1.56,52459,127,2000,92.35,Action
619,15,3,2.7,50047,137,2000,141.61,Sci-Fi
619,631,1,1.11,7599,136,2011,211.9,Drama
619,634,4,1.59,36019,176,2020,239.05,Comedy
619,827,4,4.94,91022,163,2003,185.23,Comedy
619,748,5,8.77,36521,95,2009,446.46,Sci-Fi
619,532,2,7.05,17506,100,2018,211.6,Action
619,411,4,3.36,59097,154,2012,68.32,Comedy
619,554,2,2.8,89037,146,2004,450.94,Comedy
619,766,5,1.61,83972,148,2024,33.57,Action
619,655,1,9.1,56508,100,2005,301.74,Action
619,647,4,9.36,33176,93,2025,125.85,Sci-Fi
619,94,3,6.86,71778,131,2014,490.37,Drama
620,481,2,5.38,27157,121,2004,268.79,Drama
620,73,3,2.77,77415,110,2003,181.86,Comedy
620,85,1,2.29,328,123,2008,87.29,Drama
620,426,3,1.78,4981,168,2008,255.41,Comedy
620,554,3,2.8,89037,146,2004,450.94,Comedy
620,640,5,7.69,72540,97,2019,398.94,Action
620,411,1,3.36,59097,154,2012,68.32,Comedy
620,349,5,9.49,7838,96,2014,473.2,Sci-Fi
620,469,5,5.9,88797,168,2001,59.59,Action
620,576,4,7.95,10171,90,2014,353.27,Drama
620,572,2,5.85,47602,80,2005,128.1,Action
620,596,2,3.08,51778,85,2023,196.18,Sci-Fi
621,603,3,8.37,45849,147,2010,67.16,Horror
621,887,3,3.41,2152,170,2020,327.14,Horror
621,69,1,9.98,70228,143,2020,77.72,Horror
621,828,5,6.43,56744,163,2007,324.25,Horror
621,43,4,5.91,86088,102,2012,123.05,Horror
621,213,1,9.87,43394,93,2015,56.13,Action
621,998,4,7.16,44459,107,2008,298.06,Action
621,244,4,8.36,81392,178,2003,289.85,Horror
621,867,3,9.84,60774,97,2000,379.63,Horror
622,233,5,7.41,84108,123,2006,207.68,Comedy
622,579,5,8.16,48731,154,2015,445.64,Drama
622,758,2,7.8,26077,125,2001,402.33,Horror
622,580,4,6.05,27680,81,2003,216.5,Comedy
622,293,5,8.18,60661,168,2013,433.2,Comedy
622,439,2,6.1,26868,156,2023,229.31,Horror
622,611,3,1.6,32205,114,2004,246.52,Action
622,290,1,6.65,57610,100,2023,317.18,Sci-Fi
622,428,2,6.17,89580,130,2004,318.77,Action
622,968,2,6.05,82673,123,2022,225.15,Action
622,532,1,7.05,17506,100,2018,211.6,Action
623,671,1,1.82,12733,143,2018,287.42,Horror
623,950,3,5.09,74106,122,2020,396.98,Drama
623,558,5,4.03,20855,129,2021,394.46,Sci-Fi
623,403,5,3.17,70883,151,2021,53.89,Action
623,962,5,4.78,92837,123,2007,345.0,Action
623,100,4,9.2,23024,177,2009,4.28,Sci-Fi
623,644,5,1.96,55263,162,2017,337.9,Drama
624,907,1,3.67,44489,134,2018,242.36,Sci-Fi
624,223,1,3.85,57509,166,2013,246.16,Horror
624,438,5,7.36,17478,121,2007,235.5,Comedy
624,55,2,9.79,18604,117,2012,118.49,Comedy
624,414,4,4.99,99295,112,2024,488.92,Drama
624,855,2,4.31,36642,164,2009,135.3,Horror
624,775,1,1.45,47731,154,2004,189.17,Drama
624,27,4,5.55,20440,90,2006,497.82,Comedy
624,658,5,5.48,72956,137,2012,490.73,Comedy
624,486,5,3.96,76012,124,2007,113.38,Drama
624,926,1,6.39,99087,114,2006,284.67,Drama
624,782,4,4.64,70405,88,2002,59.36,Action
625,134,4,6.29,50767,134,2010,393.46,Drama
625,42,5,3.36,15816,100,2015,385.27,Action
625,994,3,5.94,57188,119,2025,411.28,Horror
625,618,5,2.15,24619,163,2024,24.27,Action
625,625,1,6.58,29443,86,2000,150.83,Action
625,721,2,6.73,95594,151,2019,464.09,Action
625,354,4,9.77,10261,138,2004,279.66,Comedy
625,362,3,3.21,88480,80,2015,479.86,Drama
625,346,5,4.28,45275,90,2023,58.72,Sci-Fi
625,704,5,4.77,85510,176,2013,330.46,Horror
625,194,1,8.8,44337,180,2004,164.3,Action
625,930,3,8.36,69428,81,2000,443.81,Horror
625,965,2,3.7,26025,146,2000,10.94,Sci-Fi
625,481,5,5.38,27157,121,2004,268.79,Drama
625,80,2,9.63,57833,100,2017,116.87,Comedy
626,173,4,3.94,71439,112,2017,139.2,Drama
626,222,4,8.91,33322,116,2013,332.48,Sci-Fi
626,245,4,7.74,63538,85,2018,361.44,Action
626,464,1,2.98,85928,178,2023,356.33,Action
626,682,1,9.85,31487,160,2008,46.38,Sci-Fi
626,765,5,1.22,42188,174,2013,234.53,Horror
626,431,4,8.8,13043,107,2012,295.7,Action
626,602,1,4.2,84860,167,2017,124.1,Action
626,632,2,8.85,29726,169,2015,1.64,Action
626,172,1,1.33,23479,141,2025,21.85,Sci-Fi
626,341,1,7.42,12879,86,2002,458.64,Comedy
626,112,2,8.58,42298,145,2024,255.56,Horror
626,711,4,5.15,98114,138,2015,344.81,Comedy
626,294,5,3.06,41792,123,2024,13.12,Comedy
626,681,2,9.65,20204,144,2025,399.7,Action
626,156,1,3.14,53338,84,2001,288.87,Drama
626,891,2,5.56,57951,160,2018,149.83,Action
626,243,4,4.15,27887,163,2000,497.35,Comedy
627,530,4,6.61,64206,170,2004,175.97,Action
627,246,1,7.3,82488,100,2020,415.61,Drama
627,452,1,5.2,85817,165,2007,491.24,Sci-Fi
627,395,5,4.83,82972,113,2024,220.74,Action
627,179,4,2.68,80168,163,2000,15.4,Sci-Fi
627,444,1,1.42,26408,118,2025,69.18,Sci-Fi
627,829,1,8.73,97987,103,2008,153.07,Sci-Fi
627,597,2,4.03,87858,171,2022,98.28,Action
627,868,1,5.19,87184,99,2003,377.54,Drama
627,178,4,5.37,23495,94,2019,424.66,Action
627,393,3,5.76,98306,124,2002,174.8,Horror
627,102,1,5.07,440,83,2010,255.18,Comedy
627,870,3,7.6,16428,119,2011,8.27,Drama
627,619,2,1.07,25084,143,2009,96.54,Comedy
627,750,2,3.65,97999,153,2023,56.78,Drama
627,792,4,4.64,3756,82,2005,296.37,Sci-Fi
627,366,4,5.02,45869,173,2002,446.23,Action
627,957,2,3.8,69194,123,2007,287.95,Sci-Fi
627,724,5,1.82,19709,100,2017,84.17,Drama
628,324,4,6.6,31955,124,2018,31.98,Action
628,773,3,7.88,57203,176,2012,394.42,Action
628,651,1,3.86,42073,120,2002,200.04,Drama
628,179,2,2.68,80168,163,2000,15.4,Sci-Fi
628,797,1,3.84,80631,157,2012,353.45,Horror
628,892,5,5.64,32894,167,2011,337.23,Horror
628,173,1,3.94,71439,112,2017,139.2,Drama
628,202,4,3.0,25873,144,2023,208.88,Action
628,915,2,8.72,18791,156,2024,397.31,Drama
628,310,3,7.61,61088,114,2002,451.46,Sci-Fi
628,495,3,8.81,6533,100,2021,78.71,Comedy
628,94,5,6.86,71778,131,2014,490.37,Drama
628,377,4,5.56,19771,147,2023,361.59,Sci-Fi
628,909,5,3.21,29367,171,2015,362.06,Comedy
628,402,5,8.44,7134,156,2016,263.41,Comedy
628,513,4,6.61,61767,131,2000,136.1,Comedy
629,387,2,3.97,44396,154,2004,362.01,Comedy
629,140,4,2.0,51404,108,2022,20.28,Horror
629,91,2,2.36,32471,100,2025,97.26,Horror
629,127,3,4.68,85641,101,2025,291.73,Horror
629,883,1,2.88,44764,108,2001,338.12,Comedy
629,973,1,5.43,9551,125,2012,244.78,Comedy
629,929,3,2.64,61077,150,2024,354.93,Drama
629,971,4,4.99,32952,132,2004,180.09,Drama
629,711,4,5.15,98114,138,2015,344.81,Comedy
629,226,2,1.94,59250,84,2010,8.84,Horror
629,240,4,5.51,11885,168,2011,429.9,Sci-Fi
629,972,1,4.82,99936,122,2008,121.31,Sci-Fi
629,896,3,3.19,73721,178,2014,235.73,Drama
629,24,4,2.83,22538,101,2022,273.9,Horror
630,923,1,3.54,86445,110,2015,398.82,Comedy
630,32,2,8.56,33775,148,2012,331.43,Action
630,352,3,8.87,44665,90,2020,234.89,Horror
630,677,3,6.88,43538,175,2014,81.17,Action
630,489,4,7.02,42440,108,2015,482.79,Horror
630,103,1,9.8,92693,159,2003,444.24,Horror
630,872,2,7.64,27488,121,2011,128.35,Sci-Fi
630,898,5,4.34,65213,171,2006,226.51,Comedy
630,773,1,7.88,57203,176,2012,394.42,Action
630,920,5,6.59,95905,116,2024,446.71,Horror
630,976,3,7.55,64344,141,2018,66.44,Horror
630,16,1,1.79,79126,83,2002,411.19,Sci-Fi
630,338,5,1.33,82969,88,2004,94.46,Comedy
630,613,3,7.73,74123,172,2009,285.11,Horror
630,99,4,7.85,46519,122,2019,488.9,Drama
630,986,4,9.95,50646,158,2017,440.95,Action
630,998,3,7.16,44459,107,2008,298.06,Action
630,921,3,6.43,84191,80,2000,96.05,Horror
631,241,5,1.7,33378,98,2004,176.64,Action
631,463,1,4.05,43827,152,2024,205.66,Action
631,893,1,1.76,50909,116,2005,298.6,Horror
631,24,1,2.83,22538,101,2022,273.9,Horror
631,666,1,6.86,59527,80,2013,164.19,Drama
631,727,4,9.93,54137,167,2016,414.73,Action
631,282,1,5.74,7407,132,2013,490.16,Sci-Fi
632,839,2,5.47,66733,123,2003,270.83,Horror
632,631,1,1.11,7599,136,2011,211.9,Drama
632,362,3,3.21,88480,80,2015,479.86,Drama
632,843,4,3.65,2925,157,2003,279.3,Comedy
632,289,4,8.16,15005,127,2002,56.19,Drama
632,352,2,8.87,44665,90,2020,234.89,Horror
632,257,4,1.54,40835,113,2022,241.54,Drama
632,490,1,8.15,60011,115,2000,73.26,Sci-Fi
632,823,1,2.18,43954,94,2001,418.85,Sci-Fi
633,845,4,9.21,61599,114,2011,135.05,Comedy
633,727,2,9.93,54137,167,2016,414.73,Action
633,811,2,2.81,76982,80,2020,429.77,Comedy
633,352,5,8.87,44665,90,2020,234.89,Horror
633,112,1,8.58,42298,145,2024,255.56,Horror
633,426,5,1.78,4981,168,2008,255.41,Comedy
633,321,4,3.05,73138,129,2010,206.83,Action
633,795,3,1.16,44081,137,2009,305.77,Action
634,662,2,7.44,96530,141,2009,177.54,Comedy
634,596,3,3.08,51778,85,2023,196.18,Sci-Fi
634,218,5,2.69,98485,119,2023,281.03,Comedy
634,769,4,5.47,22660,123,2003,336.15,Sci-Fi
634,784,4,2.64,2654,137,2021,225.41,Horror
634,364,1,7.76,79712,113,2011,382.93,Drama
634,881,3,8.72,22888,114,2015,257.8,Horror
634,367,4,3.09,90522,145,2012,170.67,Horror
634,242,4,7.68,17618,137,2016,233.71,Drama
634,756,4,3.09,69709,128,2023,239.29,Horror
634,916,1,9.44,12241,176,2024,87.09,Horror
634,276,2,1.12,6389,101,2006,287.54,Sci-Fi
634,961,5,8.74,4618,138,2016,447.99,Sci-Fi
635,78,2,3.55,51420,95,2020,198.44,Horror
635,742,3,4.87,1175,99,2005,29.68,Horror
635,834,5,8.67,54291,92,2021,100.9,Horror
635,270,4,1.06,63500,110,2019,307.45,Comedy
635,434,3,4.37,18704,139,2014,412.15,Horror
635,342,4,5.65,81897,156,2012,39.87,Sci-Fi
635,142,1,5.21,45471,129,2018,295.35,Action
635,329,2,8.95,54412,129,2000,92.94,Sci-Fi
635,689,2,5.58,27678,165,2019,112.84,Sci-Fi
635,612,2,6.59,2854,166,2012,75.64,Sci-Fi
635,684,4,8.22,12769,136,2004,342.51,Sci-Fi
635,239,2,8.65,18205,176,2009,88.13,Horror
635,623,2,5.56,82398,115,2020,338.43,Drama
635,749,4,1.16,45327,139,2000,467.85,Comedy
635,552,4,7.04,92587,151,2017,354.57,Sci-Fi
635,285,4,4.96,58469,120,2011,18.42,Action
635,387,5,3.97,44396,154,2004,362.01,Comedy
636,791,1,6.39,59649,132,2023,470.8,Action
636,631,3,1.11,7599,136,2011,211.9,Drama
636,222,4,8.91,33322,116,2013,332.48,Sci-Fi
636,600,3,7.22,98609,140,2004,369.68,Drama
636,972,2,4.82,99936,122,2008,121.31,Sci-Fi
636,531,3,6.18,56109,161,2010,198.33,Drama
636,296,1,3.27,38068,127,2015,327.52,Action
636,299,4,1.44,7264,141,2008,104.78,Drama
636,617,4,1.11,20931,87,2000,352.44,Horror
636,542,5,4.59,68455,81,2000,217.18,Drama
636,560,5,2.3,12617,158,2014,325.81,Sci-Fi
636,480,5,7.78,94156,162,2008,35.58,Drama
636,287,2,5.31,74630,175,2012,380.09,Horror
636,653,5,1.37,18636,115,2013,385.98,Drama
636,497,5,1.15,19039,139,2002,120.55,Drama
636,982,3,6.91,85155,178,2012,61.74,Horror
636,645,1,8.38,32065,152,2009,437.18,Horror
636,430,3,2.11,36875,83,2012,258.94,Action
636,869,3,2.31,70416,133,2016,268.57,Horror
637,857,4,6.37,56372,159,2022,241.98,Drama
637,724,5,1.82,19709,100,2017,84.17,Drama
637,814,2,5.77,1945,103,2005,69.34,Drama
637,129,2,4.21,91894,95,2022,469.44,Drama
637,423,1,4.54,43044,101,2012,154.5,Horror
637,962,5,4.78,92837,123,2007,345.0,Action
637,812,4,8.43,56127,131,2008,146.46,Horror
637,80,2,9.63,57833,100,2017,116.87,Comedy
637,751,4,3.62,2410,142,2022,135.36,Horror
637,603,3,8.37,45849,147,2010,67.16,Horror
637,247,3,5.01,52072,116,2001,189.93,Action
637,511,1,5.35,16669,159,2000,127.75,Horror
637,354,2,9.77,10261,138,2004,279.66,Comedy
637,612,1,6.59,2854,166,2012,75.64,Sci-Fi
637,754,1,5.08,28794,118,2019,217.48,Horror
637,497,1,1.15,19039,139,2002,120.55,Drama
637,193,1,3.3,39372,147,2006,128.91,Horror
638,440,4,5.09,78151,150,2001,43.78,Comedy
638,367,4,3.09,90522,145,2012,170.67,Horror
638,708,3,9.64,12107,156,2003,95.57,Action
638,991,2,6.38,93745,95,2022,121.14,Comedy
638,53,5,1.0,93204,158,2006,73.02,Comedy
638,528,5,3.52,72319,102,2008,63.43,Drama
638,405,5,9.94,79758,127,2023,450.76,Action
638,578,4,2.68,15228,113,2006,287.88,Horror
638,505,4,3.75,73561,113,2020,122.21,Sci-Fi
638,382,1,6.33,83895,93,2015,475.43,Sci-Fi
638,187,5,5.23,80449,82,2008,142.22,Action
638,919,1,7.5,53999,107,2022,211.99,Drama
639,550,2,4.42,2162,118,2024,428.65,Drama
639,817,2,2.4,91802,140,2006,470.97,Sci-Fi
639,855,3,4.31,36642,164,2009,135.3,Horror
639,484,3,8.08,702,167,2012,470.12,Sci-Fi
639,496,1,4.78,69787,146,2020,187.73,Comedy
639,592,5,6.0,65571,90,2014,410.55,Drama
639,181,2,3.8,92597,167,2004,10.55,Sci-Fi
639,998,4,7.16,44459,107,2008,298.06,Action
639,160,5,3.04,35728,99,2006,6.23,Horror
639,945,4,2.05,23226,85,2014,369.52,Sci-Fi
639,589,2,8.47,79861,120,2024,256.43,Sci-Fi
639,886,1,9.0,91032,161,2004,169.72,Sci-Fi
639,163,2,8.25,23602,107,2020,307.57,Action
639,758,1,7.8,26077,125,2001,402.33,Horror
639,525,2,4.03,40334,118,2001,363.22,Action
639,919,2,7.5,53999,107,2022,211.99,Drama
639,887,1,3.41,2152,170,2020,327.14,Horror
639,528,4,3.52,72319,102,2008,63.43,Drama
639,729,2,7.49,80041,144,2009,373.29,Sci-Fi
639,827,4,4.94,91022,163,2003,185.23,Comedy
640,832,2,1.75,51782,110,2016,246.05,Horror
640,165,1,4.6,92185,87,2020,473.9,Sci-Fi
640,483,5,9.11,71533,177,2010,150.06,Drama
640,318,2,7.37,96503,135,2020,235.73,Action
640,552,2,7.04,92587,151,2017,354.57,Sci-Fi
640,395,4,4.83,82972,113,2024,220.74,Action
640,803,3,3.46,87977,139,2010,34.27,Horror
640,929,1,2.64,61077,150,2024,354.93,Drama
640,962,5,4.78,92837,123,2007,345.0,Action
640,228,2,4.13,72068,106,2020,98.28,Drama
641,603,3,8.37,45849,147,2010,67.16,Horror
641,506,2,3.31,66681,143,2005,122.63,Action
641,309,1,2.82,72774,174,2016,61.07,Sci-Fi
641,675,4,2.99,9535,153,2009,485.84,Drama
641,876,2,9.08,83915,143,2025,294.52,Drama
641,528,5,3.52,72319,102,2008,63.43,Drama
641,969,1,4.25,70855,102,2024,486.27,Horror
641,163,4,8.25,23602,107,2020,307.57,Action
641,844,4,4.51,31995,137,2023,16.2,Drama
641,353,1,6.72,27067,139,2016,172.24,Sci-Fi
641,544,4,2.53,35259,127,2008,83.19,Sci-Fi
641,745,5,2.06,8080,102,2002,9.28,Horror
641,404,1,3.47,22306,162,2012,417.09,Sci-Fi
641,691,2,7.1,41629,130,2022,104.39,Drama
641,124,2,9.14,6101,86,2021,159.1,Drama
641,647,2,9.36,33176,93,2025,125.85,Sci-Fi
641,60,5,5.59,7891,162,2009,340.93,Drama
642,774,1,4.9,19363,103,2001,217.05,Horror
642,513,5,6.61,61767,131,2000,136.1,Comedy
642,711,2,5.15,98114,138,2015,344.81,Comedy
642,234,5,7.93,68179,133,2025,179.42,Comedy
642,750,4,3.65,97999,153,2023,56.78,Drama
642,840,2,9.92,81743,116,2011,356.81,Action
642,788,5,5.58,45119,102,2010,176.93,Action
642,468,2,5.48,47993,148,2022,124.79,Horror
642,474,3,6.72,44352,124,2023,464.66,Drama
642,170,2,9.3,66754,135,2001,186.22,Sci-Fi
643,764,1,5.68,64108,155,2004,474.48,Action
643,925,4,8.6,92541,92,2023,21.13,Comedy
643,701,1,9.07,4375,147,2012,480.64,Action
643,56,3,7.84,40133,111,2013,406.83,Drama
643,742,1,4.87,1175,99,2005,29.68,Horror
644,550,2,4.42,2162,118,2024,428.65,Drama
644,293,1,8.18,60661,168,2013,433.2,Comedy
644,112,3,8.58,42298,145,2024,255.56,Horror
644,620,5,1.09,43077,168,2002,398.58,Action
644,934,5,1.07,53410,98,2000,361.76,Action
644,691,5,7.1,41629,130,2022,104.39,Drama
644,300,4,3.78,10236,174,2020,347.12,Action
644,762,3,4.43,95947,91,2025,266.09,Comedy
645,507,3,4.68,67944,81,2025,429.68,Sci-Fi
645,743,5,9.45,53320,139,2011,320.58,Comedy
645,820,1,7.23,71604,120,2005,294.29,Drama
645,608,4,4.18,62105,148,2018,183.3,Comedy
645,206,3,7.54,29513,143,2009,265.59,Comedy
645,388,3,6.85,56306,147,2024,208.52,Comedy
645,140,3,2.0,51404,108,2022,20.28,Horror
645,20,4,9.06,66239,94,2003,92.1,Horror
645,34,5,1.94,93098,176,2011,391.48,Horror
645,481,5,5.38,27157,121,2004,268.79,Drama
645,947,5,4.06,85728,176,2019,40.31,Sci-Fi
645,827,5,4.94,91022,163,2003,185.23,Comedy
645,660,5,4.42,28472,115,2011,49.74,Sci-Fi
645,559,3,8.07,41430,143,2006,132.37,Comedy
645,578,1,2.68,15228,113,2006,287.88,Horror
645,346,4,4.28,45275,90,2023,58.72,Sci-Fi
646,392,5,4.42,25874,174,2016,14.14,Comedy
646,394,3,9.61,81472,156,2005,103.05,Comedy
646,312,5,9.75,44565,114,2021,309.8,Sci-Fi
646,283,2,9.25,81511,101,2018,427.32,Action
646,673,5,1.01,24127,100,2019,247.96,Sci-Fi
646,929,3,2.64,61077,150,2024,354.93,Drama
646,792,2,4.64,3756,82,2005,296.37,Sci-Fi
646,857,1,6.37,56372,159,2022,241.98,Drama
646,427,1,7.63,12062,103,2021,235.42,Drama
646,257,1,1.54,40835,113,2022,241.54,Drama
646,457,2,2.41,64071,111,2010,55.8,Action
646,196,5,4.53,15059,132,2020,7.01,Horror
646,105,3,8.73,76162,147,2021,138.89,Comedy
646,569,3,5.28,80792,104,2008,20.41,Drama
646,88,2,9.53,11883,178,2016,153.49,Action
647,63,4,1.1,8094,146,2015,432.69,Action
647,316,1,3.33,58946,159,2020,30.68,Horror
647,468,4,5.48,47993,148,2022,124.79,Horror
647,617,2,1.11,20931,87,2000,352.44,Horror
647,862,3,8.6,54386,162,2014,4.9,Drama
647,41,4,1.06,39158,101,2003,321.63,Action
648,810,4,6.74,92177,102,2006,8.07,Action
648,399,4,9.48,41081,113,2014,481.78,Drama
648,441,3,3.26,60167,144,2022,82.31,Horror
648,456,5,6.3,42470,106,2015,15.1,Drama
648,790,4,9.04,1654,88,2006,92.66,Comedy
648,213,3,9.87,43394,93,2015,56.13,Action
648,504,3,3.88,79745,134,2015,355.54,Sci-Fi
648,425,5,8.58,92039,95,2020,138.42,Horror
648,430,4,2.11,36875,83,2012,258.94,Action
648,988,5,9.01,39640,142,2000,190.61,Drama
648,966,2,9.41,22447,82,2013,401.31,Comedy
648,743,3,9.45,53320,139,2011,320.58,Comedy
648,481,3,5.38,27157,121,2004,268.79,Drama
648,770,2,8.26,10079,131,2000,33.84,Horror
648,353,3,6.72,27067,139,2016,172.24,Sci-Fi
648,214,4,1.29,30380,109,2018,63.67,Horror
648,845,4,9.21,61599,114,2011,135.05,Comedy
648,681,2,9.65,20204,144,2025,399.7,Action
649,311,4,7.15,39798,91,2022,224.9,Comedy
649,662,5,7.44,96530,141,2009,177.54,Comedy
649,693,3,6.75,94532,138,2018,333.2,Sci-Fi
649,300,5,3.78,10236,174,2020,347.12,Action
649,903,1,1.94,81926,135,2005,421.75,Sci-Fi
649,40,4,5.27,66477,124,2000,19.82,Drama
649,971,3,4.99,32952,132,2004,180.09,Drama
649,145,2,9.76,30786,108,2012,435.86,Action
649,754,5,5.08,28794,118,2019,217.48,Horror
650,856,4,1.57,45832,110,2000,241.71,Comedy
650,899,4,2.65,5209,105,2023,280.34,Comedy
650,801,1,4.32,7291,88,2011,33.9,Action
650,742,1,4.87,1175,99,2005,29.68,Horror
650,454,5,6.53,12450,158,2022,49.48,Horror
650,77,3,4.45,89693,103,2025,400.06,Sci-Fi
650,713,4,1.79,84819,102,2014,207.56,Action
650,310,5,7.61,61088,114,2002,451.46,Sci-Fi
651,42,4,3.36,15816,100,2015,385.27,Action
651,843,4,3.65,2925,157,2003,279.3,Comedy
651,319,1,3.18,73807,104,2006,95.39,Drama
651,71,3,1.12,66196,149,2018,182.55,Horror
651,427,2,7.63,12062,103,2021,235.42,Drama
651,132,3,5.7,50657,135,2016,423.62,Comedy
651,58,1,9.73,13304,149,2019,219.19,Horror
651,246,1,7.3,82488,100,2020,415.61,Drama
651,948,3,7.35,33766,158,2025,53.46,Sci-Fi
651,491,3,1.33,72066,118,2015,99.84,Sci-Fi
651,606,5,6.57,75987,151,2018,424.04,Sci-Fi
651,788,2,5.58,45119,102,2010,176.93,Action
651,793,1,7.83,10542,177,2012,482.9,Action
651,753,5,4.98,88366,136,2002,270.63,Horror
651,539,1,7.02,92906,158,2019,318.63,Sci-Fi
651,913,3,2.82,61811,138,2023,482.49,Horror
652,176,3,4.46,33840,97,2016,37.6,Comedy
652,739,3,7.65,71044,133,2009,323.69,Sci-Fi
652,32,3,8.56,33775,148,2012,331.43,Action
652,607,1,2.75,23737,148,2015,10.39,Comedy
652,601,5,7.27,89309,123,2008,225.62,Horror
652,448,4,2.37,70071,109,2003,199.88,Sci-Fi
652,522,2,6.44,11859,145,2022,70.66,Comedy
652,494,3,6.48,63787,83,2012,380.46,Action
652,283,1,9.25,81511,101,2018,427.32,Action
652,745,1,2.06,8080,102,2002,9.28,Horror
652,389,3,7.34,96328,145,2019,209.73,Horror
652,854,3,2.14,25103,175,2018,363.58,Sci-Fi
653,278,2,8.77,1239,119,2006,286.72,Action
653,845,5,9.21,61599,114,2011,135.05,Comedy
653,66,2,3.4,19875,176,2020,83.72,Action
653,269,3,5.97,87306,163,2013,94.78,Comedy
653,994,1,5.94,57188,119,2025,411.28,Horror
653,309,3,2.82,72774,174,2016,61.07,Sci-Fi
653,237,2,4.12,18822,110,2019,337.36,Drama
653,302,2,9.9,2104,155,2015,496.71,Action
653,503,4,9.19,39995,120,2016,462.55,Comedy
653,424,2,6.27,26185,95,2016,155.34,Comedy
653,470,2,3.1,2082,142,2012,109.84,Action
654,865,5,9.02,18913,142,2002,369.68,Action
654,497,5,1.15,19039,139,2002,120.55,Drama
654,912,3,7.78,40795,118,2019,171.16,Drama
654,694,3,1.06,73142,168,2021,313.93,Horror
654,998,4,7.16,44459,107,2008,298.06,Action
654,547,3,9.24,49636,170,2000,146.51,Comedy
654,270,1,1.06,63500,110,2019,307.45,Comedy
654,607,4,2.75,23737,148,2015,10.39,Comedy
654,770,5,8.26,10079,131,2000,33.84,Horror
654,338,1,1.33,82969,88,2004,94.46,Comedy
654,240,1,5.51,11885,168,2011,429.9,Sci-Fi
654,334,4,1.09,32623,145,2024,252.54,Sci-Fi
654,979,3,7.16,22343,121,2012,487.1,Horror
654,745,4,2.06,8080,102,2002,9.28,Horror
654,722,3,1.99,59682,85,2007,469.31,Comedy
654,301,5,3.93,69620,165,2013,483.47,Horror
655,67,1,6.61,86508,180,2003,493.47,Comedy
655,852,2,4.3,98101,110,2011,498.22,Comedy
655,600,2,7.22,98609,140,2004,369.68,Drama
655,777,2,6.96,56048,156,2017,3.23,Action
655,713,2,1.79,84819,102,2014,207.56,Action
655,88,3,9.53,11883,178,2016,153.49,Action
655,192,2,4.69,95544,180,2024,146.0,Action
655,443,4,3.95,11806,143,2008,428.8,Comedy
655,880,1,5.08,14236,166,2020,164.15,Horror
655,948,1,7.35,33766,158,2025,53.46,Sci-Fi
655,2,5,2.72,79940,83,2019,181.28,Horror
655,100,3,9.2,23024,177,2009,4.28,Sci-Fi
655,281,1,8.97,95657,94,2025,488.23,Horror
656,186,4,6.01,77584,104,2014,185.0,Drama
656,618,5,2.15,24619,163,2024,24.27,Action
656,199,4,5.67,24561,108,2004,321.3,Comedy
656,169,5,6.56,46778,162,2015,236.13,Drama
656,501,3,7.18,64430,125,2004,194.5,Horror
656,827,1,4.94,91022,163,2003,185.23,Comedy
656,966,3,9.41,22447,82,2013,401.31,Comedy
656,853,1,9.06,31021,140,2011,470.64,Sci-Fi
656,894,4,3.87,83376,82,2008,480.08,Action
656,975,3,4.24,23410,144,2002,84.14,Horror
656,984,5,3.31,32539,144,2014,276.9,Comedy
656,588,4,8.13,47748,129,2023,101.31,Comedy
656,858,5,6.33,53810,99,2000,213.14,Sci-Fi
656,10,1,1.34,70647,116,2019,258.58,Drama
657,692,3,6.79,46747,170,2003,79.31,Sci-Fi
657,112,5,8.58,42298,145,2024,255.56,Horror
657,768,1,6.09,18329,109,2005,84.66,Comedy
657,850,5,9.11,36762,151,2022,196.11,Drama
657,960,1,1.56,52459,127,2000,92.35,Action
657,134,3,6.29,50767,134,2010,393.46,Drama
657,430,2,2.11,36875,83,2012,258.94,Action
657,721,3,6.73,95594,151,2019,464.09,Action
657,212,3,4.75,12534,100,2007,240.29,Drama
657,737,4,5.21,84487,105,2005,118.14,Comedy
657,561,5,8.33,80287,177,2023,431.01,Drama
657,470,4,3.1,2082,142,2012,109.84,Action
657,177,5,8.6,1850,133,2016,435.45,Drama
657,863,5,9.54,94280,178,2012,40.81,Horror
657,131,1,9.46,35844,151,2000,314.03,Drama
657,984,3,3.31,32539,144,2014,276.9,Comedy
657,298,5,7.78,38539,165,2015,291.77,Comedy
657,564,4,3.8,90003,97,2023,484.69,Drama
657,183,2,2.01,26813,176,2013,32.19,Horror
657,582,1,4.01,59881,142,2010,402.94,Action
658,117,5,8.26,40757,161,2020,268.46,Action
658,639,4,9.24,26069,114,2025,431.25,Horror
658,54,5,7.21,56948,161,2013,220.28,Horror
658,456,1,6.3,42470,106,2015,15.1,Drama
658,157,5,8.1,11643,127,2007,155.52,Comedy
658,545,4,7.2,6655,133,2008,412.05,Horror
658,955,4,6.51,20594,178,2023,106.79,Sci-Fi
658,196,4,4.53,15059,132,2020,7.01,Horror
658,577,1,2.21,70053,114,2022,443.01,Action
658,767,5,5.57,96171,137,2012,38.83,Sci-Fi
658,428,4,6.17,89580,130,2004,318.77,Action
658,868,4,5.19,87184,99,2003,377.54,Drama
658,665,1,9.17,40363,86,2017,381.75,Drama
658,798,2,2.22,71093,164,2021,10.86,Action
658,859,4,3.4,29069,166,2000,239.74,Sci-Fi
658,585,1,2.85,11672,83,2001,77.16,Horror
658,832,1,1.75,51782,110,2016,246.05,Horror
658,405,4,9.94,79758,127,2023,450.76,Action
659,450,1,8.4,92540,93,2004,350.68,Drama
659,347,5,8.29,59456,171,2014,321.46,Horror
659,971,4,4.99,32952,132,2004,180.09,Drama
659,422,5,6.58,77203,178,2012,10.38,Horror
659,156,3,3.14,53338,84,2001,288.87,Drama
659,123,5,1.68,78173,93,2017,318.79,Comedy
659,910,3,9.02,85023,92,2018,219.63,Drama
659,291,2,8.24,27127,142,2010,497.62,Sci-Fi
659,254,4,9.87,83211,96,2010,124.67,Horror
659,26,4,8.98,75281,125,2013,244.91,Comedy
659,464,4,2.98,85928,178,2023,356.33,Action
659,875,3,8.37,15013,135,2012,181.81,Action
659,773,3,7.88,57203,176,2012,394.42,Action
659,793,2,7.83,10542,177,2012,482.9,Action
659,990,2,3.02,58840,108,2005,307.53,Comedy
660,203,4,6.03,13869,162,2024,467.76,Horror
660,345,5,2.2,27687,138,2001,138.14,Sci-Fi
660,713,1,1.79,84819,102,2014,207.56,Action
660,63,2,1.1,8094,146,2015,432.69,Action
660,470,1,3.1,2082,142,2012,109.84,Action
660,537,4,8.77,88973,136,2019,460.87,Comedy
660,242,1,7.68,17618,137,2016,233.71,Drama
661,916,5,9.44,12241,176,2024,87.09,Horror
661,686,4,5.91,17006,107,2017,151.41,Comedy
661,994,4,5.94,57188,119,2025,411.28,Horror
661,221,1,6.09,5342,82,2024,23.29,Comedy
661,268,2,6.05,91815,120,2019,22.36,Comedy
661,168,4,2.73,83702,100,2023,447.0,Action
661,761,1,7.47,26346,113,2016,332.03,Horror
661,428,4,6.17,89580,130,2004,318.77,Action
661,111,2,1.16,95508,117,2005,451.54,Action
661,317,5,1.26,47758,147,2000,491.31,Action
662,349,5,9.49,7838,96,2014,473.2,Sci-Fi
662,603,2,8.37,45849,147,2010,67.16,Horror
662,176,5,4.46,33840,97,2016,37.6,Comedy
662,572,2,5.85,47602,80,2005,128.1,Action
662,760,5,4.29,37897,138,2021,351.74,Comedy
662,981,5,1.96,93419,151,2012,240.82,Sci-Fi
662,615,3,5.52,10735,160,2012,6.13,Horror
662,377,5,5.56,19771,147,2023,361.59,Sci-Fi
662,122,2,3.46,36870,132,2011,499.47,Action
663,155,1,4.39,32376,86,2002,71.63,Drama
663,866,4,5.96,30418,178,2015,213.55,Drama
663,992,3,1.69,8279,123,2002,306.26,Action
663,715,1,8.07,64781,176,2010,340.08,Action
663,472,5,8.9,77424,133,2011,397.97,Sci-Fi
663,16,4,1.79,79126,83,2002,411.19,Sci-Fi
663,449,5,5.48,59019,154,2023,170.66,Horror
663,871,2,3.01,82326,142,2015,267.58,Drama
663,589,2,8.47,79861,120,2024,256.43,Sci-Fi
663,505,3,3.75,73561,113,2020,122.21,Sci-Fi
664,277,1,8.36,93504,89,2024,302.8,Comedy
664,950,5,5.09,74106,122,2020,396.98,Drama
664,721,5,6.73,95594,151,2019,464.09,Action
664,27,5,5.55,20440,90,2006,497.82,Comedy
664,469,3,5.9,88797,168,2001,59.59,Action
664,906,4,4.39,56166,166,2007,197.04,Sci-Fi
664,205,3,9.25,3989,125,2005,38.39,Sci-Fi
664,681,5,9.65,20204,144,2025,399.7,Action
664,868,3,5.19,87184,99,2003,377.54,Drama
664,862,3,8.6,54386,162,2014,4.9,Drama
664,184,4,1.6,10118,167,2012,26.61,Horror
664,422,1,6.58,77203,178,2012,10.38,Horror
664,522,3,6.44,11859,145,2022,70.66,Comedy
664,863,4,9.54,94280,178,2012,40.81,Horror
664,744,1,7.7,30842,173,2013,490.92,Horror
664,238,5,5.89,83992,180,2022,8.94,Drama
665,546,1,9.88,72294,168,2011,20.67,Drama
665,237,1,4.12,18822,110,2019,337.36,Drama
665,95,4,8.2,52317,138,2012,96.37,Sci-Fi
665,503,1,9.19,39995,120,2016,462.55,Comedy
665,792,1,4.64,3756,82,2005,296.37,Sci-Fi
665,858,4,6.33,53810,99,2000,213.14,Sci-Fi
665,600,1,7.22,98609,140,2004,369.68,Drama
665,761,4,7.47,26346,113,2016,332.03,Horror
665,1000,2,1.05,54257,129,2007,363.36,Sci-Fi
666,170,3,9.3,66754,135,2001,186.22,Sci-Fi
666,542,3,4.59,68455,81,2000,217.18,Drama
666,512,4,7.51,64447,164,2017,468.67,Drama
666,167,1,3.62,96326,116,2019,426.05,Drama
666,776,1,3.17,4806,177,2007,453.69,Action
666,841,3,8.7,43842,156,2012,56.1,Action
666,202,4,3.0,25873,144,2023,208.88,Action
666,14,5,3.85,87855,82,2019,165.71,Drama
666,320,2,7.79,29293,110,2019,78.23,Drama
666,412,2,3.28,41093,161,2009,19.66,Horror
666,228,3,4.13,72068,106,2020,98.28,Drama
666,768,4,6.09,18329,109,2005,84.66,Comedy
666,924,1,8.08,38938,167,2000,38.8,Drama
666,728,2,9.13,15706,102,2009,327.08,Action
666,499,1,5.27,84037,170,2018,328.66,Comedy
666,470,4,3.1,2082,142,2012,109.84,Action
666,117,5,8.26,40757,161,2020,268.46,Action
666,588,2,8.13,47748,129,2023,101.31,Comedy
667,748,5,8.77,36521,95,2009,446.46,Sci-Fi
667,217,1,7.06,66917,96,2016,434.09,Comedy
667,153,1,2.83,43032,174,2009,218.68,Horror
667,199,4,5.67,24561,108,2004,321.3,Comedy
667,179,4,2.68,80168,163,2000,15.4,Sci-Fi
667,322,1,1.32,40061,107,2011,460.36,Action
667,349,3,9.49,7838,96,2014,473.2,Sci-Fi
667,504,1,3.88,79745,134,2015,355.54,Sci-Fi
667,62,2,6.57,4296,88,2009,337.48,Comedy
667,564,4,3.8,90003,97,2023,484.69,Drama
667,406,5,8.02,49702,90,2006,444.04,Action
667,513,5,6.61,61767,131,2000,136.1,Comedy
667,870,1,7.6,16428,119,2011,8.27,Drama
667,991,4,6.38,93745,95,2022,121.14,Comedy
667,497,2,1.15,19039,139,2002,120.55,Drama
668,753,5,4.98,88366,136,2002,270.63,Horror
668,687,4,4.46,73322,149,2015,35.45,Horror
668,398,5,2.76,70800,98,2023,282.94,Comedy
668,381,1,3.12,97967,87,2007,156.04,Sci-Fi
668,334,4,1.09,32623,145,2024,252.54,Sci-Fi
668,595,5,3.88,14438,130,2015,424.95,Horror
668,235,5,4.69,13489,98,2025,31.94,Action
668,725,5,5.75,2501,169,2002,319.52,Sci-Fi
668,202,5,3.0,25873,144,2023,208.88,Action
668,858,2,6.33,53810,99,2000,213.14,Sci-Fi
668,77,1,4.45,89693,103,2025,400.06,Sci-Fi
669,190,3,4.53,83320,124,2014,369.37,Horror
669,576,3,7.95,10171,90,2014,353.27,Drama
669,584,1,8.66,43670,167,2017,93.68,Action
669,342,4,5.65,81897,156,2012,39.87,Sci-Fi
669,627,1,8.66,25209,101,2004,255.2,Action
669,639,4,9.24,26069,114,2025,431.25,Horror
669,945,3,2.05,23226,85,2014,369.52,Sci-Fi
669,289,2,8.16,15005,127,2002,56.19,Drama
669,541,1,4.11,31857,153,2021,210.57,Comedy
669,709,2,1.75,50969,170,2005,397.32,Comedy
669,852,3,4.3,98101,110,2011,498.22,Comedy
669,714,1,4.85,52167,177,2009,411.4,Action
669,711,2,5.15,98114,138,2015,344.81,Comedy
669,853,4,9.06,31021,140,2011,470.64,Sci-Fi
669,844,1,4.51,31995,137,2023,16.2,Drama
669,918,2,2.32,40586,93,2024,437.61,Drama
669,446,4,8.08,6551,86,2020,191.82,Action
670,538,5,7.53,30148,114,2020,114.76,Comedy
670,1,1,8.9,50325,127,2016,332.62,Horror
670,360,3,2.11,51949,174,2019,419.99,Comedy
670,795,4,1.16,44081,137,2009,305.77,Action
670,430,3,2.11,36875,83,2012,258.94,Action
670,5,4,2.32,79798,120,2016,12.73,Drama
670,201,5,4.5,86095,129,2017,477.93,Sci-Fi
670,730,4,1.76,91682,166,2017,237.37,Drama
670,631,2,1.11,7599,136,2011,211.9,Drama
670,502,3,6.4,74976,136,2007,210.11,Comedy
671,171,1,3.42,10857,137,2002,348.98,Comedy
671,196,2,4.53,15059,132,2020,7.01,Horror
671,996,4,7.17,42251,177,2010,166.47,Sci-Fi
671,152,5,4.03,31325,135,2019,81.37,Horror
671,515,1,4.55,13864,173,2010,74.73,Horror
671,867,2,9.84,60774,97,2000,379.63,Horror
671,491,5,1.33,72066,118,2015,99.84,Sci-Fi
671,615,5,5.52,10735,160,2012,6.13,Horror
672,939,5,6.99,46882,153,2023,272.52,Horror
672,870,3,7.6,16428,119,2011,8.27,Drama
672,949,1,8.95,74777,119,2010,273.21,Sci-Fi
672,125,1,2.74,84189,180,2014,202.51,Action
672,332,5,4.79,63329,165,2008,16.06,Sci-Fi
672,945,5,2.05,23226,85,2014,369.52,Sci-Fi
672,470,1,3.1,2082,142,2012,109.84,Action
672,648,5,8.4,73521,98,2014,446.14,Comedy
672,324,1,6.6,31955,124,2018,31.98,Action
672,110,3,6.9,44047,102,2005,441.28,Sci-Fi
672,433,1,2.53,65278,138,2019,121.69,Comedy
672,189,5,2.47,24141,158,2023,176.27,Comedy
672,106,3,6.46,96903,156,2024,443.8,Action
672,959,4,9.89,822,113,2024,484.94,Action
673,471,1,7.99,30085,146,2014,166.01,Horror
673,631,4,1.11,7599,136,2011,211.9,Drama
673,28,2,9.47,49524,150,2022,37.47,Sci-Fi
673,482,3,3.33,82227,171,2001,201.49,Sci-Fi
673,687,1,4.46,73322,149,2015,35.45,Horror
673,511,1,5.35,16669,159,2000,127.75,Horror
673,186,4,6.01,77584,104,2014,185.0,Drama
673,461,2,3.34,48242,133,2014,17.23,Action
673,233,2,7.41,84108,123,2006,207.68,Comedy
673,310,2,7.61,61088,114,2002,451.46,Sci-Fi
673,162,5,4.45,61449,149,2023,235.42,Action
673,163,2,8.25,23602,107,2020,307.57,Action
673,112,1,8.58,42298,145,2024,255.56,Horror
673,103,3,9.8,92693,159,2003,444.24,Horror
673,736,4,2.36,37181,94,2005,480.94,Action
673,508,5,4.84,42748,96,2003,306.23,Sci-Fi
673,61,4,2.4,33957,143,2013,167.78,Sci-Fi
673,718,1,2.52,41871,103,2006,162.38,Drama
674,719,3,5.4,24263,125,2003,170.92,Sci-Fi
674,895,5,2.74,82117,167,2002,498.92,Horror
674,33,3,7.52,87662,85,2011,64.04,Comedy
674,601,3,7.27,89309,123,2008,225.62,Horror
674,273,4,3.13,91452,113,2003,11.58,Sci-Fi
674,393,1,5.76,98306,124,2002,174.8,Horror
674,486,2,3.96,76012,124,2007,113.38,Drama
675,250,5,4.54,3706,140,2010,138.55,Action
675,625,2,6.58,29443,86,2000,150.83,Action
675,240,4,5.51,11885,168,2011,429.9,Sci-Fi
675,469,5,5.9,88797,168,2001,59.59,Action
675,567,4,5.24,41558,144,2022,489.96,Horror
675,47,5,9.96,63782,175,2021,397.34,Action
675,990,3,3.02,58840,108,2005,307.53,Comedy
675,559,4,8.07,41430,143,2006,132.37,Comedy
675,887,1,3.41,2152,170,2020,327.14,Horror
675,627,3,8.66,25209,101,2004,255.2,Action
675,702,1,6.32,42434,107,2023,97.37,Drama
675,746,1,8.82,81051,114,2004,283.12,Sci-Fi
675,961,3,8.74,4618,138,2016,447.99,Sci-Fi
675,930,4,8.36,69428,81,2000,443.81,Horror
675,95,1,8.2,52317,138,2012,96.37,Sci-Fi
676,182,4,3.09,92147,88,2009,434.23,Action
676,576,5,7.95,10171,90,2014,353.27,Drama
676,821,5,8.49,22979,178,2017,212.43,Comedy
676,169,2,6.56,46778,162,2015,236.13,Drama
676,644,4,1.96,55263,162,2017,337.9,Drama
676,552,3,7.04,92587,151,2017,354.57,Sci-Fi
676,317,3,1.26,47758,147,2000,491.31,Action
676,588,2,8.13,47748,129,2023,101.31,Comedy
676,848,2,6.22,38911,150,2014,260.7,Action
676,320,4,7.79,29293,110,2019,78.23,Drama
676,684,2,8.22,12769,136,2004,342.51,Sci-Fi
677,619,1,1.07,25084,143,2009,96.54,Comedy
677,987,5,3.46,23901,102,2016,83.49,Drama
677,263,1,1.24,20166,171,2012,60.33,Sci-Fi
677,21,2,8.77,91672,120,2010,9.71,Drama
677,839,2,5.47,66733,123,2003,270.83,Horror
677,843,2,3.65,2925,157,2003,279.3,Comedy
677,895,5,2.74,82117,167,2002,498.92,Horror
677,76,2,5.78,39297,169,2014,59.12,Horror
677,361,1,2.98,36499,160,2010,127.14,Action
677,453,2,4.75,85047,148,2012,230.66,Action
677,432,1,9.33,93221,160,2001,172.39,Sci-Fi
677,583,3,9.97,40723,177,2008,268.01,Drama
678,342,1,5.65,81897,156,2012,39.87,Sci-Fi
678,120,1,3.19,75376,138,2001,408.56,Sci-Fi
678,294,1,3.06,41792,123,2024,13.12,Comedy
678,698,1,3.09,17021,141,2011,406.81,Action
678,783,4,1.24,31737,160,2010,123.41,Comedy
678,385,3,5.35,87970,124,2016,342.74,Horror
678,177,1,8.6,1850,133,2016,435.45,Drama
678,568,2,7.79,9589,128,2001,454.36,Drama
678,20,1,9.06,66239,94,2003,92.1,Horror
678,612,3,6.59,2854,166,2012,75.64,Sci-Fi
678,270,4,1.06,63500,110,2019,307.45,Comedy
679,603,5,8.37,45849,147,2010,67.16,Horror
679,216,4,5.4,37078,119,2018,336.44,Comedy
679,380,2,9.48,4242,152,2007,30.0,Drama
679,671,4,1.82,12733,143,2018,287.42,Horror
679,355,5,3.39,714,103,2012,413.83,Action
679,359,1,6.96,27567,136,2007,66.16,Comedy
679,207,1,6.86,27673,157,2005,410.03,Action
679,650,2,3.22,49269,89,2013,74.97,Action
679,988,5,9.01,39640,142,2000,190.61,Drama
679,849,1,7.56,75342,169,2008,232.82,Horror
679,138,3,5.28,94078,145,2023,151.58,Action
679,626,2,5.42,73753,134,2018,132.26,Drama
679,215,5,1.32,3654,169,2025,16.63,Drama
679,93,4,3.83,80292,156,2015,472.0,Horror
679,220,4,5.14,6131,113,2016,137.22,Horror
679,758,1,7.8,26077,125,2001,402.33,Horror
680,729,1,7.49,80041,144,2009,373.29,Sci-Fi
680,358,5,6.62,76538,157,2012,264.9,Sci-Fi
680,985,5,3.33,36786,156,2000,268.77,Comedy
680,874,2,1.85,74870,164,2015,265.44,Horror
680,168,2,2.73,83702,100,2023,447.0,Action
680,132,5,5.7,50657,135,2016,423.62,Comedy
680,359,2,6.96,27567,136,2007,66.16,Comedy
680,335,5,6.8,73279,173,2004,101.29,Action
680,663,4,2.24,90467,147,2016,410.22,Drama
680,304,5,4.82,65425,99,2004,433.65,Horror
680,977,4,1.2,8624,158,2012,17.31,Comedy
680,695,5,3.77,37793,88,2015,28.21,Action
680,944,4,1.14,26463,175,2018,264.83,Horror
680,568,3,7.79,9589,128,2001,454.36,Drama
680,586,5,5.71,39977,170,2015,371.14,Comedy
680,473,4,4.16,30020,88,2019,432.07,Comedy
680,762,4,4.43,95947,91,2025,266.09,Comedy
680,640,5,7.69,72540,97,2019,398.94,Action
680,509,5,9.2,38901,127,2015,151.15,Drama
681,684,4,8.22,12769,136,2004,342.51,Sci-Fi
681,591,2,2.2,56670,170,2009,363.39,Drama
681,164,4,9.82,85832,179,2023,426.46,Horror
681,893,4,1.76,50909,116,2005,298.6,Horror
681,802,3,1.21,26630,178,2003,140.79,Horror
681,402,2,8.44,7134,156,2016,263.41,Comedy
681,257,1,1.54,40835,113,2022,241.54,Drama
681,356,5,5.45,87246,128,2001,273.29,Horror
681,986,1,9.95,50646,158,2017,440.95,Action
681,248,1,3.57,78249,118,2010,443.37,Action
681,806,5,3.5,38984,139,2011,323.01,Sci-Fi
681,343,5,3.18,484,87,2015,28.2,Drama
681,729,3,7.49,80041,144,2009,373.29,Sci-Fi
681,113,3,3.3,73085,179,2000,154.46,Sci-Fi
681,97,3,6.55,43732,143,2003,233.6,Comedy
681,50,5,1.61,98674,177,2011,434.99,Action
681,856,5,1.57,45832,110,2000,241.71,Comedy
681,181,2,3.8,92597,167,2004,10.55,Sci-Fi
682,770,5,8.26,10079,131,2000,33.84,Horror
682,125,4,2.74,84189,180,2014,202.51,Action
682,283,3,9.25,81511,101,2018,427.32,Action
682,442,5,5.96,46466,170,2022,317.54,Horror
682,775,4,1.45,47731,154,2004,189.17,Drama
682,401,2,9.6,49419,100,2003,460.68,Action
682,536,3,4.21,4145,106,2002,261.44,Drama
682,517,4,3.92,47511,179,2000,303.48,Comedy
682,736,4,2.36,37181,94,2005,480.94,Action
683,404,4,3.47,22306,162,2012,417.09,Sci-Fi
683,386,5,8.75,97941,155,2013,486.2,Comedy
683,714,1,4.85,52167,177,2009,411.4,Action
683,571,2,5.72,95304,163,2014,115.56,Horror
683,439,3,6.1,26868,156,2023,229.31,Horror
683,958,2,1.38,74585,119,2015,83.46,Comedy
684,22,4,2.86,65286,133,2018,253.08,Action
684,677,5,6.88,43538,175,2014,81.17,Action
684,132,1,5.7,50657,135,2016,423.62,Comedy
684,351,5,3.66,45541,83,2008,402.94,Comedy
684,786,1,5.98,85209,111,2001,331.63,Action
684,52,1,9.5,35105,123,2004,291.62,Action
685,857,4,6.37,56372,159,2022,241.98,Drama
685,115,2,1.77,77559,147,2006,365.07,Comedy
685,245,1,7.74,63538,85,2018,361.44,Action
685,630,2,6.84,58001,91,2001,18.58,Drama
685,233,4,7.41,84108,123,2006,207.68,Comedy
685,117,4,8.26,40757,161,2020,268.46,Action
685,384,1,8.11,90074,106,2020,385.42,Comedy
685,798,4,2.22,71093,164,2021,10.86,Action
686,909,4,3.21,29367,171,2015,362.06,Comedy
686,373,2,7.04,26014,165,2011,417.81,Horror
686,666,1,6.86,59527,80,2013,164.19,Drama
686,532,2,7.05,17506,100,2018,211.6,Action
686,842,3,3.24,1085,109,2013,283.62,Sci-Fi
686,959,5,9.89,822,113,2024,484.94,Action
686,109,5,7.98,92174,136,2005,28.71,Sci-Fi
686,473,4,4.16,30020,88,2019,432.07,Comedy
686,392,5,4.42,25874,174,2016,14.14,Comedy
686,406,1,8.02,49702,90,2006,444.04,Action
686,496,2,4.78,69787,146,2020,187.73,Comedy
686,832,3,1.75,51782,110,2016,246.05,Horror
686,481,3,5.38,27157,121,2004,268.79,Drama
686,769,4,5.47,22660,123,2003,336.15,Sci-Fi
686,684,1,8.22,12769,136,2004,342.51,Sci-Fi
686,503,5,9.19,39995,120,2016,462.55,Comedy
686,350,4,9.0,29125,91,2014,241.7,Horror
686,416,5,5.99,59355,86,2016,340.03,Drama
687,616,2,8.04,84094,138,2021,477.08,Comedy
687,489,2,7.02,42440,108,2015,482.79,Horror
687,129,5,4.21,91894,95,2022,469.44,Drama
687,812,4,8.43,56127,131,2008,146.46,Horror
687,513,2,6.61,61767,131,2000,136.1,Comedy
687,790,4,9.04,1654,88,2006,92.66,Comedy
687,7,3,6.06,54592,161,2018,431.3,Action
687,636,4,6.24,52730,142,2000,232.06,Sci-Fi
687,721,5,6.73,95594,151,2019,464.09,Action
688,506,3,3.31,66681,143,2005,122.63,Action
688,204,1,2.92,2495,120,2002,290.58,Sci-Fi
688,299,2,1.44,7264,141,2008,104.78,Drama
688,422,4,6.58,77203,178,2012,10.38,Horror
688,465,2,6.61,27650,177,2009,65.4,Action
688,777,4,6.96,56048,156,2017,3.23,Action
688,893,3,1.76,50909,116,2005,298.6,Horror
688,399,3,9.48,41081,113,2014,481.78,Drama
689,303,4,9.25,60116,98,2018,495.39,Drama
689,217,5,7.06,66917,96,2016,434.09,Comedy
689,574,3,3.14,36560,106,2019,193.58,Comedy
689,621,4,1.07,1151,174,2003,6.5,Drama
689,144,5,9.05,60297,99,2003,475.81,Horror
689,278,1,8.77,1239,119,2006,286.72,Action
689,261,1,3.66,7319,144,2015,465.0,Comedy
690,313,3,4.52,70842,89,2015,82.29,Drama
690,672,3,2.7,40024,148,2011,452.93,Drama
690,949,1,8.95,74777,119,2010,273.21,Sci-Fi
690,669,4,8.27,74828,139,2020,76.19,Drama
690,993,4,5.11,69113,139,2011,221.36,Drama
690,701,3,9.07,4375,147,2012,480.64,Action
690,893,4,1.76,50909,116,2005,298.6,Horror
690,868,5,5.19,87184,99,2003,377.54,Drama
690,709,3,1.75,50969,170,2005,397.32,Comedy
690,696,4,1.89,26495,98,2001,449.03,Comedy
691,218,1,2.69,98485,119,2023,281.03,Comedy
691,624,1,3.2,41552,153,2012,243.27,Horror
691,24,1,2.83,22538,101,2022,273.9,Horror
691,415,1,5.8,70426,161,2002,146.88,Sci-Fi
691,989,5,3.55,2095,95,2023,189.17,Horror
691,151,5,2.27,67558,150,2021,324.07,Drama
691,995,5,4.33,93606,141,2006,155.54,Drama
691,912,1,7.78,40795,118,2019,171.16,Drama
691,347,1,8.29,59456,171,2014,321.46,Horror
691,278,1,8.77,1239,119,2006,286.72,Action
691,124,4,9.14,6101,86,2021,159.1,Drama
691,713,1,1.79,84819,102,2014,207.56,Action
691,722,5,1.99,59682,85,2007,469.31,Comedy
691,884,5,2.22,14701,157,2009,222.98,Comedy
691,950,4,5.09,74106,122,2020,396.98,Drama
692,399,2,9.48,41081,113,2014,481.78,Drama
692,731,3,1.68,90075,140,2010,472.1,Comedy
692,911,1,7.6,4350,177,2015,479.52,Horror
692,193,2,3.3,39372,147,2006,128.91,Horror
692,101,2,2.47,93064,80,2001,115.52,Drama
692,409,5,3.94,76523,92,2009,439.75,Sci-Fi
692,721,5,6.73,95594,151,2019,464.09,Action
692,339,2,5.68,74820,104,2010,248.89,Sci-Fi
692,257,5,1.54,40835,113,2022,241.54,Drama
692,564,5,3.8,90003,97,2023,484.69,Drama
692,852,3,4.3,98101,110,2011,498.22,Comedy
692,826,4,6.73,3290,164,2016,290.45,Horror
692,239,1,8.65,18205,176,2009,88.13,Horror
693,186,5,6.01,77584,104,2014,185.0,Drama
693,940,3,2.13,61163,116,2019,101.56,Action
693,449,2,5.48,59019,154,2023,170.66,Horror
693,934,4,1.07,53410,98,2000,361.76,Action
693,816,4,7.94,40594,165,2009,49.88,Action
693,316,4,3.33,58946,159,2020,30.68,Horror
694,453,4,4.75,85047,148,2012,230.66,Action
694,822,1,5.99,68188,172,2025,239.07,Comedy
694,887,1,3.41,2152,170,2020,327.14,Horror
694,341,4,7.42,12879,86,2002,458.64,Comedy
694,811,2,2.81,76982,80,2020,429.77,Comedy
694,498,3,2.82,55173,109,2003,401.26,Sci-Fi
694,560,4,2.3,12617,158,2014,325.81,Sci-Fi
694,464,1,2.98,85928,178,2023,356.33,Action
695,88,5,9.53,11883,178,2016,153.49,Action
695,542,2,4.59,68455,81,2000,217.18,Drama
695,122,1,3.46,36870,132,2011,499.47,Action
695,914,2,3.88,35491,137,2013,470.66,Comedy
695,474,3,6.72,44352,124,2023,464.66,Drama
695,896,4,3.19,73721,178,2014,235.73,Drama
695,93,5,3.83,80292,156,2015,472.0,Horror
695,928,2,6.27,4593,133,2006,352.48,Sci-Fi
695,890,1,1.35,33049,82,2019,28.56,Horror
695,903,2,1.94,81926,135,2005,421.75,Sci-Fi
696,365,2,2.38,58862,176,2023,21.36,Drama
696,871,4,3.01,82326,142,2015,267.58,Drama
696,85,1,2.29,328,123,2008,87.29,Drama
696,119,3,5.16,55001,132,2018,449.76,Drama
696,882,3,7.18,48934,106,2022,379.27,Comedy
697,952,5,2.24,14941,151,2000,213.77,Comedy
697,808,4,7.05,23281,134,2019,311.76,Comedy
697,5,5,2.32,79798,120,2016,12.73,Drama
697,662,2,7.44,96530,141,2009,177.54,Comedy
697,554,4,2.8,89037,146,2004,450.94,Comedy
697,232,1,5.07,37648,97,2012,416.63,Sci-Fi
697,225,2,3.27,53496,173,2020,261.7,Comedy
697,847,5,8.69,78973,107,2011,303.53,Action
697,193,3,3.3,39372,147,2006,128.91,Horror
697,33,3,7.52,87662,85,2011,64.04,Comedy
697,223,3,3.85,57509,166,2013,246.16,Horror
698,888,2,2.16,64533,177,2008,276.93,Comedy
698,91,1,2.36,32471,100,2025,97.26,Horror
698,96,2,7.66,28997,104,2007,134.27,Comedy
698,633,5,5.7,71329,123,2024,448.39,Horror
698,777,1,6.96,56048,156,2017,3.23,Action
698,52,2,9.5,35105,123,2004,291.62,Action
698,809,2,9.96,68074,94,2019,377.72,Drama
699,682,1,9.85,31487,160,2008,46.38,Sci-Fi
699,489,2,7.02,42440,108,2015,482.79,Horror
699,620,5,1.09,43077,168,2002,398.58,Action
699,513,3,6.61,61767,131,2000,136.1,Comedy
699,223,3,3.85,57509,166,2013,246.16,Horror
700,427,3,7.63,12062,103,2021,235.42,Drama
700,517,2,3.92,47511,179,2000,303.48,Comedy
700,420,2,3.92,87954,144,2006,387.48,Drama
700,595,2,3.88,14438,130,2015,424.95,Horror
700,647,4,9.36,33176,93,2025,125.85,Sci-Fi
700,403,3,3.17,70883,151,2021,53.89,Action
701,601,4,7.27,89309,123,2008,225.62,Horror
701,403,4,3.17,70883,151,2021,53.89,Action
701,992,3,1.69,8279,123,2002,306.26,Action
701,630,3,6.84,58001,91,2001,18.58,Drama
701,789,1,1.91,60846,172,2004,159.97,Horror
701,694,5,1.06,73142,168,2021,313.93,Horror
701,441,4,3.26,60167,144,2022,82.31,Horror
701,356,3,5.45,87246,128,2001,273.29,Horror
701,249,4,6.63,23671,132,2009,280.56,Comedy
701,176,1,4.46,33840,97,2016,37.6,Comedy
701,815,1,8.24,90909,86,2007,400.91,Horror
701,244,5,8.36,81392,178,2003,289.85,Horror
701,112,2,8.58,42298,145,2024,255.56,Horror
701,332,1,4.79,63329,165,2008,16.06,Sci-Fi
702,268,5,6.05,91815,120,2019,22.36,Comedy
702,325,2,2.8,65662,163,2020,365.16,Drama
702,345,3,2.2,27687,138,2001,138.14,Sci-Fi
702,683,5,9.2,1211,100,2021,461.46,Comedy
702,539,1,7.02,92906,158,2019,318.63,Sci-Fi
702,548,2,8.2,20271,168,2006,375.9,Comedy
702,643,4,9.71,10431,88,2018,142.45,Horror
702,886,3,9.0,91032,161,2004,169.72,Sci-Fi
702,123,2,1.68,78173,93,2017,318.79,Comedy
702,533,3,1.74,48058,138,2004,209.98,Action
702,854,4,2.14,25103,175,2018,363.58,Sci-Fi
702,834,2,8.67,54291,92,2021,100.9,Horror
702,814,3,5.77,1945,103,2005,69.34,Drama
702,425,1,8.58,92039,95,2020,138.42,Horror
702,893,4,1.76,50909,116,2005,298.6,Horror
702,605,3,3.9,35008,168,2011,420.72,Comedy
702,55,3,9.79,18604,117,2012,118.49,Comedy
702,841,1,8.7,43842,156,2012,56.1,Action
703,927,4,3.23,26566,147,2025,311.01,Comedy
703,223,5,3.85,57509,166,2013,246.16,Horror
703,739,3,7.65,71044,133,2009,323.69,Sci-Fi
703,853,5,9.06,31021,140,2011,470.64,Sci-Fi
703,694,2,1.06,73142,168,2021,313.93,Horror
703,520,3,2.9,71459,160,2022,346.05,Sci-Fi
703,664,3,4.57,95853,95,2000,421.63,Action
703,154,1,4.91,10769,138,2010,341.07,Sci-Fi
703,649,5,9.26,80946,127,2016,49.9,Comedy
703,696,3,1.89,26495,98,2001,449.03,Comedy
703,508,5,4.84,42748,96,2003,306.23,Sci-Fi
703,614,4,3.54,24141,116,2014,426.18,Horror
703,215,3,1.32,3654,169,2025,16.63,Drama
703,89,2,3.22,22791,112,2004,446.59,Horror
704,593,1,4.11,17141,171,2013,27.47,Sci-Fi
704,581,1,4.61,98121,95,2007,375.58,Action
704,156,2,3.14,53338,84,2001,288.87,Drama
704,254,5,9.87,83211,96,2010,124.67,Horror
704,507,2,4.68,67944,81,2025,429.68,Sci-Fi
704,869,5,2.31,70416,133,2016,268.57,Horror
705,381,2,3.12,97967,87,2007,156.04,Sci-Fi
705,137,4,2.34,5619,100,2011,307.38,Drama
705,855,3,4.31,36642,164,2009,135.3,Horror
705,696,4,1.89,26495,98,2001,449.03,Comedy
705,142,5,5.21,45471,129,2018,295.35,Action
705,218,1,2.69,98485,119,2023,281.03,Comedy
705,817,1,2.4,91802,140,2006,470.97,Sci-Fi
705,765,1,1.22,42188,174,2013,234.53,Horror
705,857,3,6.37,56372,159,2022,241.98,Drama
706,928,2,6.27,4593,133,2006,352.48,Sci-Fi
706,786,3,5.98,85209,111,2001,331.63,Action
706,854,4,2.14,25103,175,2018,363.58,Sci-Fi
706,174,1,5.67,75593,114,2017,326.12,Horror
706,842,1,3.24,1085,109,2013,283.62,Sci-Fi
706,49,3,7.79,6744,172,2010,167.94,Sci-Fi
706,234,1,7.93,68179,133,2025,179.42,Comedy
706,577,2,2.21,70053,114,2022,443.01,Action
706,26,4,8.98,75281,125,2013,244.91,Comedy
706,324,3,6.6,31955,124,2018,31.98,Action
706,764,5,5.68,64108,155,2004,474.48,Action
706,959,3,9.89,822,113,2024,484.94,Action
706,565,1,4.9,3488,93,2025,179.93,Sci-Fi
706,146,4,4.53,69804,119,2022,467.07,Sci-Fi
706,103,2,9.8,92693,159,2003,444.24,Horror
706,145,2,9.76,30786,108,2012,435.86,Action
706,691,1,7.1,41629,130,2022,104.39,Drama
706,807,3,3.11,80643,89,2000,463.71,Action
706,189,5,2.47,24141,158,2023,176.27,Comedy
707,651,4,3.86,42073,120,2002,200.04,Drama
707,385,3,5.35,87970,124,2016,342.74,Horror
707,407,2,5.15,2369,166,2018,282.96,Action
707,28,5,9.47,49524,150,2022,37.47,Sci-Fi
707,569,5,5.28,80792,104,2008,20.41,Drama
708,547,1,9.24,49636,170,2000,146.51,Comedy
708,625,3,6.58,29443,86,2000,150.83,Action
708,267,1,4.15,80297,128,2016,291.96,Drama
708,870,2,7.6,16428,119,2011,8.27,Drama
708,899,2,2.65,5209,105,2023,280.34,Comedy
708,345,2,2.2,27687,138,2001,138.14,Sci-Fi
708,559,5,8.07,41430,143,2006,132.37,Comedy
708,586,3,5.71,39977,170,2015,371.14,Comedy
708,427,5,7.63,12062,103,2021,235.42,Drama
709,120,2,3.19,75376,138,2001,408.56,Sci-Fi
709,448,2,2.37,70071,109,2003,199.88,Sci-Fi
709,148,4,9.88,81316,167,2016,274.2,Drama
709,459,1,3.29,82262,107,2019,92.97,Sci-Fi
709,69,1,9.98,70228,143,2020,77.72,Horror
709,868,4,5.19,87184,99,2003,377.54,Drama
709,935,2,8.94,64847,104,2002,184.65,Sci-Fi
709,579,2,8.16,48731,154,2015,445.64,Drama
709,480,2,7.78,94156,162,2008,35.58,Drama
709,805,1,6.79,35610,99,2020,499.68,Action
709,582,1,4.01,59881,142,2010,402.94,Action
709,160,4,3.04,35728,99,2006,6.23,Horror
709,965,1,3.7,26025,146,2000,10.94,Sci-Fi
709,984,5,3.31,32539,144,2014,276.9,Comedy
709,74,4,3.26,91915,148,2011,169.31,Sci-Fi
709,435,4,7.62,93493,113,2008,431.56,Action
710,438,5,7.36,17478,121,2007,235.5,Comedy
710,853,2,9.06,31021,140,2011,470.64,Sci-Fi
710,484,2,8.08,702,167,2012,470.12,Sci-Fi
710,35,2,6.36,30140,157,2002,115.88,Action
710,363,4,5.74,10936,118,2019,498.35,Drama
710,729,3,7.49,80041,144,2009,373.29,Sci-Fi
710,561,5,8.33,80287,177,2023,431.01,Drama
711,560,3,2.3,12617,158,2014,325.81,Sci-Fi
711,522,3,6.44,11859,145,2022,70.66,Comedy
711,42,3,3.36,15816,100,2015,385.27,Action
711,741,2,6.24,18207,152,2000,323.25,Drama
711,307,2,3.84,74945,129,2003,100.52,Comedy
711,227,1,7.08,39839,107,2000,189.71,Comedy
711,327,3,2.09,68843,154,2014,131.86,Action
711,778,1,6.5,59642,175,2005,479.96,Comedy
711,878,4,3.19,93967,84,2015,453.72,Sci-Fi
711,687,2,4.46,73322,149,2015,35.45,Horror
712,700,3,5.55,21264,145,2025,451.22,Drama
712,312,3,9.75,44565,114,2021,309.8,Sci-Fi
712,408,2,7.08,38067,123,2011,200.19,Sci-Fi
712,52,4,9.5,35105,123,2004,291.62,Action
712,260,5,5.4,71909,102,2024,113.42,Comedy
712,665,2,9.17,40363,86,2017,381.75,Drama
712,123,2,1.68,78173,93,2017,318.79,Comedy
712,906,2,4.39,56166,166,2007,197.04,Sci-Fi
712,19,3,4.72,11987,174,2015,341.33,Horror
712,30,3,5.22,27809,167,2006,142.13,Horror
712,913,4,2.82,61811,138,2023,482.49,Horror
712,97,4,6.55,43732,143,2003,233.6,Comedy
712,154,1,4.91,10769,138,2010,341.07,Sci-Fi
712,299,5,1.44,7264,141,2008,104.78,Drama
712,1,3,8.9,50325,127,2016,332.62,Horror
712,36,3,7.29,58229,112,2009,151.09,Sci-Fi
713,549,2,7.37,17345,118,2011,447.54,Comedy
713,226,5,1.94,59250,84,2010,8.84,Horror
713,289,3,8.16,15005,127,2002,56.19,Drama
713,517,5,3.92,47511,179,2000,303.48,Comedy
713,695,4,3.77,37793,88,2015,28.21,Action
713,217,5,7.06,66917,96,2016,434.09,Comedy
713,977,3,1.2,8624,158,2012,17.31,Comedy
713,192,2,4.69,95544,180,2024,146.0,Action
714,767,3,5.57,96171,137,2012,38.83,Sci-Fi
714,355,3,3.39,714,103,2012,413.83,Action
714,441,2,3.26,60167,144,2022,82.31,Horror
714,170,4,9.3,66754,135,2001,186.22,Sci-Fi
714,763,2,1.13,89973,172,2022,425.05,Drama
714,843,1,3.65,2925,157,2003,279.3,Comedy
714,390,4,9.22,91305,118,2020,59.42,Sci-Fi
714,609,4,6.41,7360,96,2005,81.26,Sci-Fi
714,338,3,1.33,82969,88,2004,94.46,Comedy
714,179,3,2.68,80168,163,2000,15.4,Sci-Fi
714,719,3,5.4,24263,125,2003,170.92,Sci-Fi
714,103,1,9.8,92693,159,2003,444.24,Horror
714,720,2,3.35,3362,87,2016,276.99,Drama
714,985,1,3.33,36786,156,2000,268.77,Comedy
714,166,4,2.83,912,139,2004,359.99,Comedy
714,252,5,8.15,97196,177,2000,269.63,Comedy
714,405,4,9.94,79758,127,2023,450.76,Action
714,124,1,9.14,6101,86,2021,159.1,Drama
714,286,1,5.63,83291,162,2002,259.86,Sci-Fi
714,457,3,2.41,64071,111,2010,55.8,Action
715,343,5,3.18,484,87,2015,28.2,Drama
715,252,5,8.15,97196,177,2000,269.63,Comedy
715,556,1,9.96,85044,153,2024,104.02,Comedy
715,430,2,2.11,36875,83,2012,258.94,Action
715,829,2,8.73,97987,103,2008,153.07,Sci-Fi
715,503,5,9.19,39995,120,2016,462.55,Comedy
715,66,3,3.4,19875,176,2020,83.72,Action
715,565,4,4.9,3488,93,2025,179.93,Sci-Fi
715,455,1,4.49,9111,120,2003,302.36,Sci-Fi
715,134,4,6.29,50767,134,2010,393.46,Drama
715,869,4,2.31,70416,133,2016,268.57,Horror
715,256,3,2.73,84742,137,2006,219.44,Drama
716,14,1,3.85,87855,82,2019,165.71,Drama
716,489,5,7.02,42440,108,2015,482.79,Horror
716,517,2,3.92,47511,179,2000,303.48,Comedy
716,389,4,7.34,96328,145,2019,209.73,Horror
716,360,4,2.11,51949,174,2019,419.99,Comedy
716,224,2,7.09,26078,90,2006,176.0,Action
716,854,5,2.14,25103,175,2018,363.58,Sci-Fi
716,40,3,5.27,66477,124,2000,19.82,Drama
717,10,5,1.34,70647,116,2019,258.58,Drama
717,292,4,8.56,88144,155,2015,17.06,Sci-Fi
717,279,5,4.42,33539,119,2021,320.6,Horror
717,740,4,6.21,8833,119,2016,10.08,Sci-Fi
717,461,3,3.34,48242,133,2014,17.23,Action
717,422,2,6.58,77203,178,2012,10.38,Horror
717,227,1,7.08,39839,107,2000,189.71,Comedy
717,880,2,5.08,14236,166,2020,164.15,Horror
718,144,1,9.05,60297,99,2003,475.81,Horror
718,435,4,7.62,93493,113,2008,431.56,Action
718,943,1,8.26,9914,176,2023,28.99,Action
718,74,5,3.26,91915,148,2011,169.31,Sci-Fi
718,357,2,9.65,32875,107,2025,358.23,Horror
718,303,5,9.25,60116,98,2018,495.39,Drama
718,762,4,4.43,95947,91,2025,266.09,Comedy
718,155,5,4.39,32376,86,2002,71.63,Drama
718,604,3,7.14,98508,137,2016,338.97,Drama
719,226,2,1.94,59250,84,2010,8.84,Horror
719,369,3,9.69,63113,173,2011,128.78,Horror
719,185,4,7.79,89483,140,2002,65.44,Action
719,975,2,4.24,23410,144,2002,84.14,Horror
719,498,3,2.82,55173,109,2003,401.26,Sci-Fi
719,924,3,8.08,38938,167,2000,38.8,Drama
719,521,3,8.21,62102,103,2018,67.46,Horror
720,882,2,7.18,48934,106,2022,379.27,Comedy
720,367,1,3.09,90522,145,2012,170.67,Horror
720,211,2,5.02,71522,113,2019,74.05,Drama
720,989,3,3.55,2095,95,2023,189.17,Horror
720,232,1,5.07,37648,97,2012,416.63,Sci-Fi
720,336,4,3.99,56385,148,2002,375.53,Sci-Fi
720,186,5,6.01,77584,104,2014,185.0,Drama
721,797,3,3.84,80631,157,2012,353.45,Horror
721,896,2,3.19,73721,178,2014,235.73,Drama
721,339,2,5.68,74820,104,2010,248.89,Sci-Fi
721,630,4,6.84,58001,91,2001,18.58,Drama
721,394,1,9.61,81472,156,2005,103.05,Comedy
721,620,2,1.09,43077,168,2002,398.58,Action
722,271,5,2.31,52133,119,2001,461.05,Drama
722,823,4,2.18,43954,94,2001,418.85,Sci-Fi
722,61,1,2.4,33957,143,2013,167.78,Sci-Fi
722,265,3,4.25,20866,142,2024,155.31,Horror
722,791,4,6.39,59649,132,2023,470.8,Action
722,183,3,2.01,26813,176,2013,32.19,Horror
722,158,5,8.22,4346,107,2002,449.08,Drama
722,766,2,1.61,83972,148,2024,33.57,Action
722,762,1,4.43,95947,91,2025,266.09,Comedy
722,510,1,8.95,25384,83,2023,69.73,Comedy
722,370,1,6.8,45998,135,2000,89.79,Sci-Fi
722,289,5,8.16,15005,127,2002,56.19,Drama
723,574,5,3.14,36560,106,2019,193.58,Comedy
723,670,2,7.18,64496,122,2019,408.96,Drama
723,386,5,8.75,97941,155,2013,486.2,Comedy
723,950,2,5.09,74106,122,2020,396.98,Drama
723,805,5,6.79,35610,99,2020,499.68,Action
723,452,4,5.2,85817,165,2007,491.24,Sci-Fi
723,239,3,8.65,18205,176,2009,88.13,Horror
723,165,5,4.6,92185,87,2020,473.9,Sci-Fi
723,500,4,1.95,87782,169,2008,484.75,Action
723,773,1,7.88,57203,176,2012,394.42,Action
723,973,1,5.43,9551,125,2012,244.78,Comedy
723,771,1,6.82,69570,113,2002,370.97,Action
723,470,2,3.1,2082,142,2012,109.84,Action
723,190,1,4.53,83320,124,2014,369.37,Horror
723,517,3,3.92,47511,179,2000,303.48,Comedy
723,898,3,4.34,65213,171,2006,226.51,Comedy
723,920,5,6.59,95905,116,2024,446.71,Horror
723,445,4,9.66,55105,91,2011,66.05,Sci-Fi
723,939,5,6.99,46882,153,2023,272.52,Horror
724,286,3,5.63,83291,162,2002,259.86,Sci-Fi
724,930,1,8.36,69428,81,2000,443.81,Horror
724,960,1,1.56,52459,127,2000,92.35,Action
724,544,3,2.53,35259,127,2008,83.19,Sci-Fi
724,698,5,3.09,17021,141,2011,406.81,Action
724,176,2,4.46,33840,97,2016,37.6,Comedy
725,96,1,7.66,28997,104,2007,134.27,Comedy
725,63,3,1.1,8094,146,2015,432.69,Action
725,873,2,1.23,51620,156,2003,452.06,Action
725,452,5,5.2,85817,165,2007,491.24,Sci-Fi
725,487,5,9.1,53389,118,2015,167.61,Sci-Fi
725,235,3,4.69,13489,98,2025,31.94,Action
725,103,2,9.8,92693,159,2003,444.24,Horror
725,123,1,1.68,78173,93,2017,318.79,Comedy
725,360,1,2.11,51949,174,2019,419.99,Comedy
725,713,5,1.79,84819,102,2014,207.56,Action
725,131,1,9.46,35844,151,2000,314.03,Drama
725,565,1,4.9,3488,93,2025,179.93,Sci-Fi
725,426,4,1.78,4981,168,2008,255.41,Comedy
725,182,5,3.09,92147,88,2009,434.23,Action
725,708,5,9.64,12107,156,2003,95.57,Action
725,657,5,3.61,66040,95,2006,390.07,Sci-Fi
725,113,2,3.3,73085,179,2000,154.46,Sci-Fi
725,813,3,4.19,17161,127,2019,116.49,Comedy
725,511,4,5.35,16669,159,2000,127.75,Horror
725,591,3,2.2,56670,170,2009,363.39,Drama
726,281,2,8.97,95657,94,2025,488.23,Horror
726,968,1,6.05,82673,123,2022,225.15,Action
726,608,4,4.18,62105,148,2018,183.3,Comedy
726,694,4,1.06,73142,168,2021,313.93,Horror
726,902,4,3.38,24483,101,2019,82.65,Drama
726,270,5,1.06,63500,110,2019,307.45,Comedy
726,110,5,6.9,44047,102,2005,441.28,Sci-Fi
726,498,4,2.82,55173,109,2003,401.26,Sci-Fi
726,996,1,7.17,42251,177,2010,166.47,Sci-Fi
726,97,1,6.55,43732,143,2003,233.6,Comedy
726,886,1,9.0,91032,161,2004,169.72,Sci-Fi
727,539,5,7.02,92906,158,2019,318.63,Sci-Fi
727,473,5,4.16,30020,88,2019,432.07,Comedy
727,321,1,3.05,73138,129,2010,206.83,Action
727,541,1,4.11,31857,153,2021,210.57,Comedy
727,743,2,9.45,53320,139,2011,320.58,Comedy
727,598,4,1.99,2634,81,2006,415.53,Sci-Fi
728,326,1,5.09,3775,153,2005,315.78,Drama
728,48,1,7.57,12482,176,2013,254.76,Sci-Fi
728,206,5,7.54,29513,143,2009,265.59,Comedy
728,506,1,3.31,66681,143,2005,122.63,Action
728,853,5,9.06,31021,140,2011,470.64,Sci-Fi
728,281,4,8.97,95657,94,2025,488.23,Horror
728,246,4,7.3,82488,100,2020,415.61,Drama
728,353,4,6.72,27067,139,2016,172.24,Sci-Fi
728,745,2,2.06,8080,102,2002,9.28,Horror
728,888,2,2.16,64533,177,2008,276.93,Comedy
728,243,3,4.15,27887,163,2000,497.35,Comedy
729,827,1,4.94,91022,163,2003,185.23,Comedy
729,219,1,9.29,5861,148,2025,248.03,Action
729,864,3,4.73,96535,159,2012,119.51,Sci-Fi
729,41,3,1.06,39158,101,2003,321.63,Action
729,818,1,3.0,64087,165,2010,361.27,Action
729,506,4,3.31,66681,143,2005,122.63,Action
729,412,2,3.28,41093,161,2009,19.66,Horror
729,963,5,9.42,29251,139,2010,450.39,Action
729,978,5,9.93,23235,175,2015,460.74,Sci-Fi
729,579,1,8.16,48731,154,2015,445.64,Drama
729,560,3,2.3,12617,158,2014,325.81,Sci-Fi
729,507,5,4.68,67944,81,2025,429.68,Sci-Fi
729,973,2,5.43,9551,125,2012,244.78,Comedy
729,814,2,5.77,1945,103,2005,69.34,Drama
730,991,4,6.38,93745,95,2022,121.14,Comedy
730,153,4,2.83,43032,174,2009,218.68,Horror
730,726,1,7.04,97921,158,2012,29.31,Action
730,475,1,2.83,7034,93,2019,481.66,Horror
730,723,1,2.6,72422,158,2001,101.29,Horror
730,204,5,2.92,2495,120,2002,290.58,Sci-Fi
730,919,1,7.5,53999,107,2022,211.99,Drama
730,694,3,1.06,73142,168,2021,313.93,Horror
730,569,4,5.28,80792,104,2008,20.41,Drama
731,596,3,3.08,51778,85,2023,196.18,Sci-Fi
731,338,5,1.33,82969,88,2004,94.46,Comedy
731,478,4,7.33,79690,119,2013,227.92,Action
731,643,4,9.71,10431,88,2018,142.45,Horror
731,97,2,6.55,43732,143,2003,233.6,Comedy
731,447,2,4.62,46222,125,2014,357.93,Action
731,390,1,9.22,91305,118,2020,59.42,Sci-Fi
731,671,2,1.82,12733,143,2018,287.42,Horror
731,359,1,6.96,27567,136,2007,66.16,Comedy
731,175,1,4.98,70184,97,2005,107.44,Horror
731,847,5,8.69,78973,107,2011,303.53,Action
731,51,4,4.71,26392,95,2018,389.54,Sci-Fi
731,102,4,5.07,440,83,2010,255.18,Comedy
731,740,3,6.21,8833,119,2016,10.08,Sci-Fi
731,816,5,7.94,40594,165,2009,49.88,Action
731,222,3,8.91,33322,116,2013,332.48,Sci-Fi
732,221,4,6.09,5342,82,2024,23.29,Comedy
732,697,1,7.12,26673,81,2009,125.34,Horror
732,461,5,3.34,48242,133,2014,17.23,Action
732,667,4,3.84,82538,112,2005,458.45,Sci-Fi
732,377,4,5.56,19771,147,2023,361.59,Sci-Fi
732,669,1,8.27,74828,139,2020,76.19,Drama
732,845,2,9.21,61599,114,2011,135.05,Comedy
732,967,2,9.2,44094,134,2000,293.17,Drama
732,251,5,9.01,36847,103,2013,399.76,Sci-Fi
732,780,4,9.01,83260,92,2011,325.55,Horror
732,1000,2,1.05,54257,129,2007,363.36,Sci-Fi
733,391,5,8.09,88110,113,2017,166.22,Action
733,135,1,2.85,21011,146,2018,17.37,Action
733,271,4,2.31,52133,119,2001,461.05,Drama
733,969,3,4.25,70855,102,2024,486.27,Horror
733,402,4,8.44,7134,156,2016,263.41,Comedy
733,790,3,9.04,1654,88,2006,92.66,Comedy
733,873,3,1.23,51620,156,2003,452.06,Action
734,489,2,7.02,42440,108,2015,482.79,Horror
734,464,3,2.98,85928,178,2023,356.33,Action
734,250,1,4.54,3706,140,2010,138.55,Action
734,475,4,2.83,7034,93,2019,481.66,Horror
734,636,4,6.24,52730,142,2000,232.06,Sci-Fi
734,873,1,1.23,51620,156,2003,452.06,Action
734,462,2,1.54,50183,105,2017,259.14,Action
734,746,3,8.82,81051,114,2004,283.12,Sci-Fi
734,279,2,4.42,33539,119,2021,320.6,Horror
734,738,4,7.14,30548,106,2008,374.07,Comedy
734,667,2,3.84,82538,112,2005,458.45,Sci-Fi
734,658,5,5.48,72956,137,2012,490.73,Comedy
734,46,2,7.67,91008,92,2002,477.3,Action
734,186,4,6.01,77584,104,2014,185.0,Drama
734,659,2,1.53,60110,103,2024,408.18,Action
734,172,5,1.33,23479,141,2025,21.85,Sci-Fi
734,891,1,5.56,57951,160,2018,149.83,Action
734,83,1,9.0,45454,173,2017,113.02,Sci-Fi
734,363,3,5.74,10936,118,2019,498.35,Drama
735,145,4,9.76,30786,108,2012,435.86,Action
735,190,5,4.53,83320,124,2014,369.37,Horror
735,580,2,6.05,27680,81,2003,216.5,Comedy
735,949,3,8.95,74777,119,2010,273.21,Sci-Fi
735,236,3,6.31,26562,136,2018,371.21,Sci-Fi
735,30,5,5.22,27809,167,2006,142.13,Horror
735,307,2,3.84,74945,129,2003,100.52,Comedy
735,544,3,2.53,35259,127,2008,83.19,Sci-Fi
735,654,3,8.44,10870,106,2023,5.23,Horror
735,391,3,8.09,88110,113,2017,166.22,Action
735,595,4,3.88,14438,130,2015,424.95,Horror
735,164,3,9.82,85832,179,2023,426.46,Horror
735,314,2,3.61,71587,106,2011,312.95,Action
735,726,3,7.04,97921,158,2012,29.31,Action
735,173,4,3.94,71439,112,2017,139.2,Drama
735,52,1,9.5,35105,123,2004,291.62,Action
735,421,3,6.58,83233,112,2010,130.67,Sci-Fi
735,275,2,9.93,19551,158,2001,265.96,Sci-Fi
735,779,5,5.36,51438,88,2003,163.55,Comedy
736,464,5,2.98,85928,178,2023,356.33,Action
736,421,2,6.58,83233,112,2010,130.67,Sci-Fi
736,639,2,9.24,26069,114,2025,431.25,Horror
736,675,2,2.99,9535,153,2009,485.84,Drama
736,915,1,8.72,18791,156,2024,397.31,Drama
736,454,3,6.53,12450,158,2022,49.48,Horror
736,539,1,7.02,92906,158,2019,318.63,Sci-Fi
736,74,5,3.26,91915,148,2011,169.31,Sci-Fi
736,433,1,2.53,65278,138,2019,121.69,Comedy
736,389,1,7.34,96328,145,2019,209.73,Horror
736,738,3,7.14,30548,106,2008,374.07,Comedy
737,476,4,6.41,74520,151,2014,269.98,Comedy
737,850,5,9.11,36762,151,2022,196.11,Drama
737,776,4,3.17,4806,177,2007,453.69,Action
737,682,3,9.85,31487,160,2008,46.38,Sci-Fi
737,421,1,6.58,83233,112,2010,130.67,Sci-Fi
737,597,4,4.03,87858,171,2022,98.28,Action
737,504,2,3.88,79745,134,2015,355.54,Sci-Fi
737,267,5,4.15,80297,128,2016,291.96,Drama
738,942,3,4.35,97091,156,2013,79.25,Sci-Fi
738,477,1,9.88,55707,160,2012,28.86,Horror
738,381,5,3.12,97967,87,2007,156.04,Sci-Fi
738,259,5,9.99,10868,132,2005,364.34,Drama
738,643,4,9.71,10431,88,2018,142.45,Horror
738,714,4,4.85,52167,177,2009,411.4,Action
738,122,5,3.46,36870,132,2011,499.47,Action
738,802,1,1.21,26630,178,2003,140.79,Horror
738,452,3,5.2,85817,165,2007,491.24,Sci-Fi
738,806,5,3.5,38984,139,2011,323.01,Sci-Fi
738,273,4,3.13,91452,113,2003,11.58,Sci-Fi
738,140,5,2.0,51404,108,2022,20.28,Horror
738,693,1,6.75,94532,138,2018,333.2,Sci-Fi
738,172,4,1.33,23479,141,2025,21.85,Sci-Fi
738,12,1,5.08,40872,120,2023,266.45,Action
738,418,3,6.96,6023,135,2008,263.88,Horror
738,492,5,5.37,49812,96,2024,298.23,Horror
738,998,4,7.16,44459,107,2008,298.06,Action
738,263,5,1.24,20166,171,2012,60.33,Sci-Fi
739,843,3,3.65,2925,157,2003,279.3,Comedy
739,108,2,3.76,50110,107,2006,308.63,Comedy
739,860,1,5.62,87466,138,2016,108.45,Horror
739,499,4,5.27,84037,170,2018,328.66,Comedy
739,278,5,8.77,1239,119,2006,286.72,Action
739,266,1,2.13,91066,151,2025,385.23,Action
739,328,2,9.87,74905,147,2012,222.22,Sci-Fi
739,482,4,3.33,82227,171,2001,201.49,Sci-Fi
739,548,5,8.2,20271,168,2006,375.9,Comedy
739,379,4,5.81,89228,93,2000,57.43,Comedy
739,107,4,9.07,57679,151,2018,180.76,Comedy
739,999,2,8.28,84936,85,2018,272.14,Action
739,641,5,7.75,17215,142,2002,222.44,Sci-Fi
739,805,5,6.79,35610,99,2020,499.68,Action
740,225,2,3.27,53496,173,2020,261.7,Comedy
740,217,1,7.06,66917,96,2016,434.09,Comedy
740,455,2,4.49,9111,120,2003,302.36,Sci-Fi
740,232,5,5.07,37648,97,2012,416.63,Sci-Fi
740,438,1,7.36,17478,121,2007,235.5,Comedy
740,990,1,3.02,58840,108,2005,307.53,Comedy
740,647,2,9.36,33176,93,2025,125.85,Sci-Fi
740,922,4,8.42,89513,139,2014,395.33,Sci-Fi
740,249,5,6.63,23671,132,2009,280.56,Comedy
740,814,2,5.77,1945,103,2005,69.34,Drama
740,944,5,1.14,26463,175,2018,264.83,Horror
740,653,4,1.37,18636,115,2013,385.98,Drama
740,949,5,8.95,74777,119,2010,273.21,Sci-Fi
741,483,5,9.11,71533,177,2010,150.06,Drama
741,292,4,8.56,88144,155,2015,17.06,Sci-Fi
741,38,5,8.86,24712,151,2003,461.24,Action
741,356,3,5.45,87246,128,2001,273.29,Horror
741,186,4,6.01,77584,104,2014,185.0,Drama
741,831,1,6.34,52150,150,2012,3.52,Sci-Fi
741,214,2,1.29,30380,109,2018,63.67,Horror
741,519,1,2.54,16335,126,2000,207.51,Drama
741,276,1,1.12,6389,101,2006,287.54,Sci-Fi
741,505,4,3.75,73561,113,2020,122.21,Sci-Fi
741,605,1,3.9,35008,168,2011,420.72,Comedy
741,559,1,8.07,41430,143,2006,132.37,Comedy
741,857,4,6.37,56372,159,2022,241.98,Drama
741,434,5,4.37,18704,139,2014,412.15,Horror
741,163,3,8.25,23602,107,2020,307.57,Action
742,931,1,5.27,48159,120,2019,301.15,Horror
742,526,1,2.22,85928,103,2020,440.58,Comedy
742,529,1,6.0,27718,175,2018,34.45,Action
742,587,1,1.65,98381,165,2009,467.62,Drama
742,461,3,3.34,48242,133,2014,17.23,Action
742,224,4,7.09,26078,90,2006,176.0,Action
742,912,2,7.78,40795,118,2019,171.16,Drama
742,357,4,9.65,32875,107,2025,358.23,Horror
742,113,4,3.3,73085,179,2000,154.46,Sci-Fi
742,546,5,9.88,72294,168,2011,20.67,Drama
742,502,4,6.4,74976,136,2007,210.11,Comedy
742,141,2,9.05,6761,112,2016,375.22,Action
742,690,3,6.01,40715,86,2025,19.86,Horror
742,86,4,8.59,23654,105,2010,341.58,Action
742,150,5,4.74,53119,103,2019,138.6,Comedy
742,684,4,8.22,12769,136,2004,342.51,Sci-Fi
742,350,3,9.0,29125,91,2014,241.7,Horror
742,470,3,3.1,2082,142,2012,109.84,Action
742,405,2,9.94,79758,127,2023,450.76,Action
743,349,3,9.49,7838,96,2014,473.2,Sci-Fi
743,286,3,5.63,83291,162,2002,259.86,Sci-Fi
743,632,2,8.85,29726,169,2015,1.64,Action
743,593,4,4.11,17141,171,2013,27.47,Sci-Fi
743,654,1,8.44,10870,106,2023,5.23,Horror
743,541,3,4.11,31857,153,2021,210.57,Comedy
743,973,1,5.43,9551,125,2012,244.78,Comedy
743,39,2,9.34,24862,124,2023,234.75,Sci-Fi
743,899,1,2.65,5209,105,2023,280.34,Comedy
743,763,1,1.13,89973,172,2022,425.05,Drama
743,978,3,9.93,23235,175,2015,460.74,Sci-Fi
743,617,2,1.11,20931,87,2000,352.44,Horror
743,957,3,3.8,69194,123,2007,287.95,Sci-Fi
743,564,1,3.8,90003,97,2023,484.69,Drama
743,395,2,4.83,82972,113,2024,220.74,Action
743,243,3,4.15,27887,163,2000,497.35,Comedy
743,300,5,3.78,10236,174,2020,347.12,Action
743,115,1,1.77,77559,147,2006,365.07,Comedy
743,333,1,7.58,70874,154,2014,399.59,Action
744,984,1,3.31,32539,144,2014,276.9,Comedy
744,974,3,6.02,67474,176,2017,455.13,Comedy
744,167,5,3.62,96326,116,2019,426.05,Drama
744,537,3,8.77,88973,136,2019,460.87,Comedy
744,657,1,3.61,66040,95,2006,390.07,Sci-Fi
744,295,3,6.86,80982,139,2001,394.12,Action
744,557,2,5.15,56083,111,2009,100.4,Drama
744,323,2,2.96,73333,120,2020,433.16,Drama
744,329,4,8.95,54412,129,2000,92.94,Sci-Fi
744,101,4,2.47,93064,80,2001,115.52,Drama
744,372,2,3.6,79355,160,2004,137.05,Sci-Fi
744,825,4,6.24,12402,89,2021,65.47,Action
745,188,1,5.79,42785,107,2012,229.32,Drama
745,835,3,2.66,70480,96,2007,158.45,Sci-Fi
745,660,1,4.42,28472,115,2011,49.74,Sci-Fi
745,920,4,6.59,95905,116,2024,446.71,Horror
745,602,1,4.2,84860,167,2017,124.1,Action
745,808,1,7.05,23281,134,2019,311.76,Comedy
745,422,2,6.58,77203,178,2012,10.38,Horror
745,913,2,2.82,61811,138,2023,482.49,Horror
745,240,5,5.51,11885,168,2011,429.9,Sci-Fi
745,179,5,2.68,80168,163,2000,15.4,Sci-Fi
746,911,1,7.6,4350,177,2015,479.52,Horror
746,512,5,7.51,64447,164,2017,468.67,Drama
746,905,1,1.53,22375,95,2009,373.34,Action
746,717,1,4.95,64875,130,2000,188.24,Comedy
746,741,5,6.24,18207,152,2000,323.25,Drama
746,354,1,9.77,10261,138,2004,279.66,Comedy
746,700,5,5.55,21264,145,2025,451.22,Drama
746,969,5,4.25,70855,102,2024,486.27,Horror
747,133,1,7.37,97865,130,2001,262.76,Sci-Fi
747,511,4,5.35,16669,159,2000,127.75,Horror
747,588,2,8.13,47748,129,2023,101.31,Comedy
747,20,3,9.06,66239,94,2003,92.1,Horror
747,188,4,5.79,42785,107,2012,229.32,Drama
747,703,3,1.79,17068,129,2020,486.68,Sci-Fi
747,452,2,5.2,85817,165,2007,491.24,Sci-Fi
748,739,4,7.65,71044,133,2009,323.69,Sci-Fi
748,542,2,4.59,68455,81,2000,217.18,Drama
748,831,5,6.34,52150,150,2012,3.52,Sci-Fi
748,147,5,5.83,89198,86,2004,87.22,Drama
748,318,5,7.37,96503,135,2020,235.73,Action
748,901,2,9.14,58728,86,2012,283.54,Horror
748,713,2,1.79,84819,102,2014,207.56,Action
748,748,3,8.77,36521,95,2009,446.46,Sci-Fi
748,962,4,4.78,92837,123,2007,345.0,Action
749,374,1,5.33,83073,136,2009,37.19,Drama
749,134,3,6.29,50767,134,2010,393.46,Drama
749,956,5,8.78,19852,97,2007,495.78,Sci-Fi
749,875,1,8.37,15013,135,2012,181.81,Action
749,549,4,7.37,17345,118,2011,447.54,Comedy
749,237,4,4.12,18822,110,2019,337.36,Drama
749,629,2,2.92,25536,86,2006,38.19,Drama
749,395,4,4.83,82972,113,2024,220.74,Action
749,791,2,6.39,59649,132,2023,470.8,Action
749,645,1,8.38,32065,152,2009,437.18,Horror
749,380,5,9.48,4242,152,2007,30.0,Drama
749,952,1,2.24,14941,151,2000,213.77,Comedy
749,867,1,9.84,60774,97,2000,379.63,Horror
750,795,1,1.16,44081,137,2009,305.77,Action
750,36,5,7.29,58229,112,2009,151.09,Sci-Fi
750,147,3,5.83,89198,86,2004,87.22,Drama
750,884,4,2.22,14701,157,2009,222.98,Comedy
750,176,3,4.46,33840,97,2016,37.6,Comedy
750,306,2,1.26,89051,145,2001,59.32,Action
750,594,3,1.57,21327,177,2003,369.21,Drama
750,534,4,9.22,29740,98,2013,129.47,Drama
750,439,2,6.1,26868,156,2023,229.31,Horror
750,236,3,6.31,26562,136,2018,371.21,Sci-Fi
750,826,4,6.73,3290,164,2016,290.45,Horror
750,583,5,9.97,40723,177,2008,268.01,Drama
750,20,5,9.06,66239,94,2003,92.1,Horror
750,740,3,6.21,8833,119,2016,10.08,Sci-Fi
751,853,4,9.06,31021,140,2011,470.64,Sci-Fi
751,216,4,5.4,37078,119,2018,336.44,Comedy
751,137,4,2.34,5619,100,2011,307.38,Drama
751,733,1,2.03,59930,178,2011,7.92,Horror
751,387,1,3.97,44396,154,2004,362.01,Comedy
751,661,4,6.58,57205,80,2025,97.86,Horror
751,35,5,6.36,30140,157,2002,115.88,Action
751,292,3,8.56,88144,155,2015,17.06,Sci-Fi
751,741,1,6.24,18207,152,2000,323.25,Drama
751,431,4,8.8,13043,107,2012,295.7,Action
751,607,2,2.75,23737,148,2015,10.39,Comedy
751,641,3,7.75,17215,142,2002,222.44,Sci-Fi
751,676,3,3.26,10833,108,2008,414.41,Sci-Fi
751,373,4,7.04,26014,165,2011,417.81,Horror
751,829,2,8.73,97987,103,2008,153.07,Sci-Fi
751,737,1,5.21,84487,105,2005,118.14,Comedy
751,194,1,8.8,44337,180,2004,164.3,Action
751,814,3,5.77,1945,103,2005,69.34,Drama
751,642,1,2.68,71839,137,2014,164.39,Comedy
751,800,1,3.13,19731,103,2008,361.84,Sci-Fi
752,408,5,7.08,38067,123,2011,200.19,Sci-Fi
752,492,2,5.37,49812,96,2024,298.23,Horror
752,901,1,9.14,58728,86,2012,283.54,Horror
752,187,1,5.23,80449,82,2008,142.22,Action
752,538,4,7.53,30148,114,2020,114.76,Comedy
752,368,1,8.13,30318,120,2010,101.24,Horror
752,232,3,5.07,37648,97,2012,416.63,Sci-Fi
753,771,3,6.82,69570,113,2002,370.97,Action
753,5,2,2.32,79798,120,2016,12.73,Drama
753,289,5,8.16,15005,127,2002,56.19,Drama
753,252,3,8.15,97196,177,2000,269.63,Comedy
753,65,3,7.17,91950,129,2008,184.62,Comedy
753,700,2,5.55,21264,145,2025,451.22,Drama
753,860,5,5.62,87466,138,2016,108.45,Horror
753,749,3,1.16,45327,139,2000,467.85,Comedy
753,977,1,1.2,8624,158,2012,17.31,Comedy
753,484,3,8.08,702,167,2012,470.12,Sci-Fi
753,733,5,2.03,59930,178,2011,7.92,Horror
753,658,1,5.48,72956,137,2012,490.73,Comedy
753,550,3,4.42,2162,118,2024,428.65,Drama
753,499,5,5.27,84037,170,2018,328.66,Comedy
753,384,5,8.11,90074,106,2020,385.42,Comedy
753,280,3,7.51,53033,97,2016,303.32,Sci-Fi
753,703,4,1.79,17068,129,2020,486.68,Sci-Fi
753,205,4,9.25,3989,125,2005,38.39,Sci-Fi
753,730,3,1.76,91682,166,2017,237.37,Drama
754,731,2,1.68,90075,140,2010,472.1,Comedy
754,236,1,6.31,26562,136,2018,371.21,Sci-Fi
754,495,4,8.81,6533,100,2021,78.71,Comedy
754,195,5,9.01,70167,90,2003,232.83,Comedy
754,726,3,7.04,97921,158,2012,29.31,Action
754,184,3,1.6,10118,167,2012,26.61,Horror
754,626,1,5.42,73753,134,2018,132.26,Drama
754,884,3,2.22,14701,157,2009,222.98,Comedy
754,543,2,3.53,78712,121,2018,151.25,Action
754,850,1,9.11,36762,151,2022,196.11,Drama
754,926,4,6.39,99087,114,2006,284.67,Drama
754,520,1,2.9,71459,160,2022,346.05,Sci-Fi
755,872,3,7.64,27488,121,2011,128.35,Sci-Fi
755,964,1,7.36,66769,142,2001,313.57,Horror
755,703,4,1.79,17068,129,2020,486.68,Sci-Fi
755,314,1,3.61,71587,106,2011,312.95,Action
755,879,4,9.51,4225,170,2022,149.09,Comedy
756,11,1,9.67,42303,136,2014,203.92,Drama
756,760,1,4.29,37897,138,2021,351.74,Comedy
756,671,4,1.82,12733,143,2018,287.42,Horror
756,784,3,2.64,2654,137,2021,225.41,Horror
756,511,3,5.35,16669,159,2000,127.75,Horror
756,537,1,8.77,88973,136,2019,460.87,Comedy
756,16,3,1.79,79126,83,2002,411.19,Sci-Fi
756,549,4,7.37,17345,118,2011,447.54,Comedy
756,180,5,5.32,6140,96,2010,165.88,Sci-Fi
756,144,3,9.05,60297,99,2003,475.81,Horror
756,377,5,5.56,19771,147,2023,361.59,Sci-Fi
756,832,3,1.75,51782,110,2016,246.05,Horror
756,246,4,7.3,82488,100,2020,415.61,Drama
756,73,2,2.77,77415,110,2003,181.86,Comedy
756,703,5,1.79,17068,129,2020,486.68,Sci-Fi
757,672,1,2.7,40024,148,2011,452.93,Drama
757,614,2,3.54,24141,116,2014,426.18,Horror
757,784,4,2.64,2654,137,2021,225.41,Horror
757,622,5,1.61,90974,157,2024,411.14,Comedy
757,929,1,2.64,61077,150,2024,354.93,Drama
757,576,1,7.95,10171,90,2014,353.27,Drama
757,471,2,7.99,30085,146,2014,166.01,Horror
757,847,5,8.69,78973,107,2011,303.53,Action
757,135,1,2.85,21011,146,2018,17.37,Action
757,532,3,7.05,17506,100,2018,211.6,Action
757,613,1,7.73,74123,172,2009,285.11,Horror
757,579,5,8.16,48731,154,2015,445.64,Drama
757,346,2,4.28,45275,90,2023,58.72,Sci-Fi
757,66,5,3.4,19875,176,2020,83.72,Action
757,736,3,2.36,37181,94,2005,480.94,Action
758,862,3,8.6,54386,162,2014,4.9,Drama
758,394,2,9.61,81472,156,2005,103.05,Comedy
758,435,5,7.62,93493,113,2008,431.56,Action
758,384,4,8.11,90074,106,2020,385.42,Comedy
758,252,1,8.15,97196,177,2000,269.63,Comedy
758,675,5,2.99,9535,153,2009,485.84,Drama
758,976,5,7.55,64344,141,2018,66.44,Horror
758,225,5,3.27,53496,173,2020,261.7,Comedy
758,874,4,1.85,74870,164,2015,265.44,Horror
758,894,2,3.87,83376,82,2008,480.08,Action
759,592,4,6.0,65571,90,2014,410.55,Drama
759,337,4,6.94,46776,87,2003,266.51,Horror
759,577,1,2.21,70053,114,2022,443.01,Action
759,682,1,9.85,31487,160,2008,46.38,Sci-Fi
759,430,2,2.11,36875,83,2012,258.94,Action
759,91,2,2.36,32471,100,2025,97.26,Horror
759,448,2,2.37,70071,109,2003,199.88,Sci-Fi
759,19,1,4.72,11987,174,2015,341.33,Horror
759,304,4,4.82,65425,99,2004,433.65,Horror
759,37,3,3.79,32335,109,2021,296.45,Drama
759,121,2,9.21,45062,161,2006,330.64,Sci-Fi
759,172,2,1.33,23479,141,2025,21.85,Sci-Fi
759,377,1,5.56,19771,147,2023,361.59,Sci-Fi
759,436,2,9.03,10031,89,2004,428.41,Horror
759,654,3,8.44,10870,106,2023,5.23,Horror
759,676,4,3.26,10833,108,2008,414.41,Sci-Fi
759,994,5,5.94,57188,119,2025,411.28,Horror
760,790,2,9.04,1654,88,2006,92.66,Comedy
760,417,1,7.34,260,180,2016,299.17,Comedy
760,189,2,2.47,24141,158,2023,176.27,Comedy
760,195,1,9.01,70167,90,2003,232.83,Comedy
760,648,1,8.4,73521,98,2014,446.14,Comedy
760,578,4,2.68,15228,113,2006,287.88,Horror
760,986,1,9.95,50646,158,2017,440.95,Action
760,480,5,7.78,94156,162,2008,35.58,Drama
760,437,1,5.35,39997,123,2007,430.92,Action
760,154,1,4.91,10769,138,2010,341.07,Sci-Fi
761,375,2,8.8,16617,167,2009,159.29,Horror
761,911,2,7.6,4350,177,2015,479.52,Horror
761,772,4,7.87,41799,83,2025,86.38,Drama
761,201,2,4.5,86095,129,2017,477.93,Sci-Fi
761,983,5,3.16,23207,85,2017,115.96,Comedy
761,781,3,6.06,5805,174,2025,175.6,Drama
761,252,3,8.15,97196,177,2000,269.63,Comedy
762,53,2,1.0,93204,158,2006,73.02,Comedy
762,307,4,3.84,74945,129,2003,100.52,Comedy
762,415,2,5.8,70426,161,2002,146.88,Sci-Fi
762,812,1,8.43,56127,131,2008,146.46,Horror
762,591,3,2.2,56670,170,2009,363.39,Drama
762,75,2,4.16,47174,153,2009,496.72,Sci-Fi
763,924,5,8.08,38938,167,2000,38.8,Drama
763,935,1,8.94,64847,104,2002,184.65,Sci-Fi
763,561,2,8.33,80287,177,2023,431.01,Drama
763,176,1,4.46,33840,97,2016,37.6,Comedy
763,956,1,8.78,19852,97,2007,495.78,Sci-Fi
764,969,3,4.25,70855,102,2024,486.27,Horror
764,306,3,1.26,89051,145,2001,59.32,Action
764,20,3,9.06,66239,94,2003,92.1,Horror
764,510,5,8.95,25384,83,2023,69.73,Comedy
764,229,4,6.48,56113,140,2006,289.67,Action
764,769,5,5.47,22660,123,2003,336.15,Sci-Fi
764,900,3,1.78,6123,172,2015,76.37,Horror
764,939,5,6.99,46882,153,2023,272.52,Horror
764,822,1,5.99,68188,172,2025,239.07,Comedy
764,170,4,9.3,66754,135,2001,186.22,Sci-Fi
764,439,4,6.1,26868,156,2023,229.31,Horror
765,413,1,4.66,93265,156,2020,449.83,Sci-Fi
765,682,2,9.85,31487,160,2008,46.38,Sci-Fi
765,25,4,4.03,68555,139,2021,344.84,Drama
765,903,1,1.94,81926,135,2005,421.75,Sci-Fi
765,886,4,9.0,91032,161,2004,169.72,Sci-Fi
765,372,5,3.6,79355,160,2004,137.05,Sci-Fi
766,51,5,4.71,26392,95,2018,389.54,Sci-Fi
766,728,5,9.13,15706,102,2009,327.08,Action
766,921,4,6.43,84191,80,2000,96.05,Horror
766,144,1,9.05,60297,99,2003,475.81,Horror
766,333,2,7.58,70874,154,2014,399.59,Action
766,61,4,2.4,33957,143,2013,167.78,Sci-Fi
766,648,2,8.4,73521,98,2014,446.14,Comedy
766,893,3,1.76,50909,116,2005,298.6,Horror
766,911,1,7.6,4350,177,2015,479.52,Horror
766,805,3,6.79,35610,99,2020,499.68,Action
767,433,4,2.53,65278,138,2019,121.69,Comedy
767,159,1,8.22,42088,158,2023,52.03,Comedy
767,825,1,6.24,12402,89,2021,65.47,Action
767,824,5,2.17,20464,98,2003,103.02,Comedy
767,154,1,4.91,10769,138,2010,341.07,Sci-Fi
767,864,4,4.73,96535,159,2012,119.51,Sci-Fi
767,927,4,3.23,26566,147,2025,311.01,Comedy
767,123,2,1.68,78173,93,2017,318.79,Comedy
767,619,5,1.07,25084,143,2009,96.54,Comedy
767,115,2,1.77,77559,147,2006,365.07,Comedy
767,191,1,3.28,81673,160,2005,372.45,Sci-Fi
767,55,3,9.79,18604,117,2012,118.49,Comedy
768,268,4,6.05,91815,120,2019,22.36,Comedy
768,356,4,5.45,87246,128,2001,273.29,Horror
768,324,4,6.6,31955,124,2018,31.98,Action
768,410,3,1.99,76037,175,2005,121.71,Drama
768,25,1,4.03,68555,139,2021,344.84,Drama
768,344,1,6.93,31645,116,2020,407.34,Comedy
768,843,4,3.65,2925,157,2003,279.3,Comedy
768,808,2,7.05,23281,134,2019,311.76,Comedy
768,76,1,5.78,39297,169,2014,59.12,Horror
768,460,2,4.41,55921,174,2019,123.11,Comedy
768,237,1,4.12,18822,110,2019,337.36,Drama
769,413,3,4.66,93265,156,2020,449.83,Sci-Fi
769,122,4,3.46,36870,132,2011,499.47,Action
769,642,3,2.68,71839,137,2014,164.39,Comedy
769,418,4,6.96,6023,135,2008,263.88,Horror
769,640,5,7.69,72540,97,2019,398.94,Action
769,728,4,9.13,15706,102,2009,327.08,Action
769,993,5,5.11,69113,139,2011,221.36,Drama
770,438,4,7.36,17478,121,2007,235.5,Comedy
770,665,1,9.17,40363,86,2017,381.75,Drama
770,18,5,4.04,13427,88,2005,442.32,Drama
770,882,5,7.18,48934,106,2022,379.27,Comedy
770,667,2,3.84,82538,112,2005,458.45,Sci-Fi
770,84,3,4.3,56465,148,2008,47.03,Action
770,240,1,5.51,11885,168,2011,429.9,Sci-Fi
770,839,5,5.47,66733,123,2003,270.83,Horror
770,358,5,6.62,76538,157,2012,264.9,Sci-Fi
770,939,4,6.99,46882,153,2023,272.52,Horror
770,980,5,5.75,67431,113,2000,285.49,Action
770,868,2,5.19,87184,99,2003,377.54,Drama
770,803,5,3.46,87977,139,2010,34.27,Horror
771,18,5,4.04,13427,88,2005,442.32,Drama
771,66,4,3.4,19875,176,2020,83.72,Action
771,530,3,6.61,64206,170,2004,175.97,Action
771,712,2,4.19,67136,153,2017,66.92,Sci-Fi
771,943,5,8.26,9914,176,2023,28.99,Action
771,525,3,4.03,40334,118,2001,363.22,Action
771,176,1,4.46,33840,97,2016,37.6,Comedy
771,384,3,8.11,90074,106,2020,385.42,Comedy
771,828,2,6.43,56744,163,2007,324.25,Horror
771,2,3,2.72,79940,83,2019,181.28,Horror
771,589,1,8.47,79861,120,2024,256.43,Sci-Fi
771,5,1,2.32,79798,120,2016,12.73,Drama
771,169,3,6.56,46778,162,2015,236.13,Drama
772,475,1,2.83,7034,93,2019,481.66,Horror
772,667,4,3.84,82538,112,2005,458.45,Sci-Fi
772,585,5,2.85,11672,83,2001,77.16,Horror
772,638,1,9.88,47522,129,2006,151.73,Comedy
772,756,3,3.09,69709,128,2023,239.29,Horror
772,92,2,7.41,41646,169,2025,190.39,Comedy
772,901,1,9.14,58728,86,2012,283.54,Horror
772,974,3,6.02,67474,176,2017,455.13,Comedy
772,494,4,6.48,63787,83,2012,380.46,Action
772,816,4,7.94,40594,165,2009,49.88,Action
772,962,3,4.78,92837,123,2007,345.0,Action
772,711,1,5.15,98114,138,2015,344.81,Comedy
772,84,3,4.3,56465,148,2008,47.03,Action
772,615,3,5.52,10735,160,2012,6.13,Horror
772,346,1,4.28,45275,90,2023,58.72,Sci-Fi
772,383,3,3.15,95255,88,2005,167.8,Horror
772,834,3,8.67,54291,92,2021,100.9,Horror
772,718,4,2.52,41871,103,2006,162.38,Drama
772,490,2,8.15,60011,115,2000,73.26,Sci-Fi
772,278,2,8.77,1239,119,2006,286.72,Action
773,935,2,8.94,64847,104,2002,184.65,Sci-Fi
773,574,4,3.14,36560,106,2019,193.58,Comedy
773,950,4,5.09,74106,122,2020,396.98,Drama
773,833,4,9.64,89226,83,2018,438.4,Sci-Fi
773,409,1,3.94,76523,92,2009,439.75,Sci-Fi
773,378,2,3.67,13659,125,2022,136.87,Action
773,257,1,1.54,40835,113,2022,241.54,Drama
773,663,1,2.24,90467,147,2016,410.22,Drama
773,870,2,7.6,16428,119,2011,8.27,Drama
773,996,3,7.17,42251,177,2010,166.47,Sci-Fi
773,391,4,8.09,88110,113,2017,166.22,Action
773,896,2,3.19,73721,178,2014,235.73,Drama
773,732,5,8.25,26445,129,2018,294.31,Drama
773,608,1,4.18,62105,148,2018,183.3,Comedy
774,741,1,6.24,18207,152,2000,323.25,Drama
774,244,4,8.36,81392,178,2003,289.85,Horror
774,991,1,6.38,93745,95,2022,121.14,Comedy
774,740,3,6.21,8833,119,2016,10.08,Sci-Fi
774,524,1,9.53,92448,94,2004,8.95,Sci-Fi
774,938,3,1.86,45274,147,2008,394.49,Action
775,648,2,8.4,73521,98,2014,446.14,Comedy
775,339,1,5.68,74820,104,2010,248.89,Sci-Fi
775,782,5,4.64,70405,88,2002,59.36,Action
775,362,1,3.21,88480,80,2015,479.86,Drama
775,482,1,3.33,82227,171,2001,201.49,Sci-Fi
775,698,1,3.09,17021,141,2011,406.81,Action
775,22,4,2.86,65286,133,2018,253.08,Action
775,177,5,8.6,1850,133,2016,435.45,Drama
775,174,1,5.67,75593,114,2017,326.12,Horror
775,982,5,6.91,85155,178,2012,61.74,Horror
775,689,1,5.58,27678,165,2019,112.84,Sci-Fi
775,676,5,3.26,10833,108,2008,414.41,Sci-Fi
775,423,3,4.54,43044,101,2012,154.5,Horror
775,729,1,7.49,80041,144,2009,373.29,Sci-Fi
775,234,5,7.93,68179,133,2025,179.42,Comedy
775,735,3,8.23,97692,123,2024,165.03,Drama
775,263,4,1.24,20166,171,2012,60.33,Sci-Fi
775,420,4,3.92,87954,144,2006,387.48,Drama
776,777,3,6.96,56048,156,2017,3.23,Action
776,988,1,9.01,39640,142,2000,190.61,Drama
776,302,4,9.9,2104,155,2015,496.71,Action
776,27,2,5.55,20440,90,2006,497.82,Comedy
776,2,5,2.72,79940,83,2019,181.28,Horror
776,680,4,2.96,71122,133,2014,404.31,Comedy
776,398,2,2.76,70800,98,2023,282.94,Comedy
776,11,5,9.67,42303,136,2014,203.92,Drama
776,926,4,6.39,99087,114,2006,284.67,Drama
776,303,3,9.25,60116,98,2018,495.39,Drama
776,337,2,6.94,46776,87,2003,266.51,Horror
776,296,3,3.27,38068,127,2015,327.52,Action
776,299,4,1.44,7264,141,2008,104.78,Drama
776,124,2,9.14,6101,86,2021,159.1,Drama
776,375,5,8.8,16617,167,2009,159.29,Horror
776,756,3,3.09,69709,128,2023,239.29,Horror
776,955,1,6.51,20594,178,2023,106.79,Sci-Fi
776,266,4,2.13,91066,151,2025,385.23,Action
777,61,3,2.4,33957,143,2013,167.78,Sci-Fi
777,713,1,1.79,84819,102,2014,207.56,Action
777,773,1,7.88,57203,176,2012,394.42,Action
777,423,2,4.54,43044,101,2012,154.5,Horror
777,936,4,7.47,23064,131,2000,184.33,Drama
777,575,4,1.84,43051,130,2012,171.28,Comedy
777,73,3,2.77,77415,110,2003,181.86,Comedy
777,866,1,5.96,30418,178,2015,213.55,Drama
778,776,2,3.17,4806,177,2007,453.69,Action
778,125,2,2.74,84189,180,2014,202.51,Action
778,287,2,5.31,74630,175,2012,380.09,Horror
778,54,5,7.21,56948,161,2013,220.28,Horror
778,612,4,6.59,2854,166,2012,75.64,Sci-Fi
778,457,5,2.41,64071,111,2010,55.8,Action
778,253,4,3.19,48607,161,2005,480.77,Horror
778,716,3,3.21,53768,120,2004,149.43,Action
779,24,3,2.83,22538,101,2022,273.9,Horror
779,189,2,2.47,24141,158,2023,176.27,Comedy
779,870,1,7.6,16428,119,2011,8.27,Drama
779,356,1,5.45,87246,128,2001,273.29,Horror
779,975,3,4.24,23410,144,2002,84.14,Horror
779,657,4,3.61,66040,95,2006,390.07,Sci-Fi
779,336,2,3.99,56385,148,2002,375.53,Sci-Fi
779,470,4,3.1,2082,142,2012,109.84,Action
779,571,4,5.72,95304,163,2014,115.56,Horror
779,461,2,3.34,48242,133,2014,17.23,Action
779,873,5,1.23,51620,156,2003,452.06,Action
779,915,3,8.72,18791,156,2024,397.31,Drama
779,354,3,9.77,10261,138,2004,279.66,Comedy
779,307,2,3.84,74945,129,2003,100.52,Comedy
779,409,3,3.94,76523,92,2009,439.75,Sci-Fi
779,400,3,9.03,27328,124,2003,272.8,Comedy
779,865,1,9.02,18913,142,2002,369.68,Action
779,705,1,6.14,81261,120,2016,86.04,Sci-Fi
780,758,3,7.8,26077,125,2001,402.33,Horror
780,579,1,8.16,48731,154,2015,445.64,Drama
780,972,1,4.82,99936,122,2008,121.31,Sci-Fi
780,762,2,4.43,95947,91,2025,266.09,Comedy
780,53,5,1.0,93204,158,2006,73.02,Comedy
780,497,1,1.15,19039,139,2002,120.55,Drama
780,974,3,6.02,67474,176,2017,455.13,Comedy
780,576,2,7.95,10171,90,2014,353.27,Drama
780,588,4,8.13,47748,129,2023,101.31,Comedy
780,185,2,7.79,89483,140,2002,65.44,Action
780,424,4,6.27,26185,95,2016,155.34,Comedy
780,703,4,1.79,17068,129,2020,486.68,Sci-Fi
780,837,1,1.17,18370,171,2017,388.14,Action
780,991,5,6.38,93745,95,2022,121.14,Comedy
780,430,2,2.11,36875,83,2012,258.94,Action
780,379,1,5.81,89228,93,2000,57.43,Comedy
780,763,2,1.13,89973,172,2022,425.05,Drama
780,230,1,1.28,71253,153,2015,398.36,Drama
780,553,5,8.31,2505,170,2001,97.02,Horror
780,374,5,5.33,83073,136,2009,37.19,Drama
781,539,1,7.02,92906,158,2019,318.63,Sci-Fi
781,134,1,6.29,50767,134,2010,393.46,Drama
781,1,1,8.9,50325,127,2016,332.62,Horror
781,673,4,1.01,24127,100,2019,247.96,Sci-Fi
781,410,2,1.99,76037,175,2005,121.71,Drama
781,114,4,1.86,32342,105,2023,4.8,Action
782,908,5,4.44,88574,99,2002,52.23,Sci-Fi
782,689,1,5.58,27678,165,2019,112.84,Sci-Fi
782,277,5,8.36,93504,89,2024,302.8,Comedy
782,922,5,8.42,89513,139,2014,395.33,Sci-Fi
782,671,2,1.82,12733,143,2018,287.42,Horror
782,19,1,4.72,11987,174,2015,341.33,Horror
782,737,1,5.21,84487,105,2005,118.14,Comedy
782,982,2,6.91,85155,178,2012,61.74,Horror
782,943,2,8.26,9914,176,2023,28.99,Action
782,433,2,2.53,65278,138,2019,121.69,Comedy
782,170,2,9.3,66754,135,2001,186.22,Sci-Fi
782,824,5,2.17,20464,98,2003,103.02,Comedy
782,116,1,5.35,71734,87,2018,199.33,Comedy
782,299,5,1.44,7264,141,2008,104.78,Drama
782,231,5,1.45,69817,91,2008,326.06,Sci-Fi
782,378,5,3.67,13659,125,2022,136.87,Action
782,193,1,3.3,39372,147,2006,128.91,Horror
782,661,3,6.58,57205,80,2025,97.86,Horror
783,781,1,6.06,5805,174,2025,175.6,Drama
783,369,4,9.69,63113,173,2011,128.78,Horror
783,908,2,4.44,88574,99,2002,52.23,Sci-Fi
783,726,2,7.04,97921,158,2012,29.31,Action
783,691,3,7.1,41629,130,2022,104.39,Drama
784,249,1,6.63,23671,132,2009,280.56,Comedy
784,164,4,9.82,85832,179,2023,426.46,Horror
784,803,4,3.46,87977,139,2010,34.27,Horror
784,12,5,5.08,40872,120,2023,266.45,Action
784,35,5,6.36,30140,157,2002,115.88,Action
784,543,5,3.53,78712,121,2018,151.25,Action
784,189,2,2.47,24141,158,2023,176.27,Comedy
784,150,3,4.74,53119,103,2019,138.6,Comedy
784,913,3,2.82,61811,138,2023,482.49,Horror
785,222,2,8.91,33322,116,2013,332.48,Sci-Fi
785,991,5,6.38,93745,95,2022,121.14,Comedy
785,208,4,2.69,60937,139,2023,220.15,Drama
785,818,1,3.0,64087,165,2010,361.27,Action
785,489,5,7.02,42440,108,2015,482.79,Horror
785,646,2,6.21,36767,147,2013,214.83,Sci-Fi
785,432,2,9.33,93221,160,2001,172.39,Sci-Fi
785,927,1,3.23,26566,147,2025,311.01,Comedy
785,619,2,1.07,25084,143,2009,96.54,Comedy
785,871,3,3.01,82326,142,2015,267.58,Drama
785,692,2,6.79,46747,170,2003,79.31,Sci-Fi
785,791,3,6.39,59649,132,2023,470.8,Action
785,380,4,9.48,4242,152,2007,30.0,Drama
785,266,3,2.13,91066,151,2025,385.23,Action
785,586,2,5.71,39977,170,2015,371.14,Comedy
786,85,2,2.29,328,123,2008,87.29,Drama
786,448,4,2.37,70071,109,2003,199.88,Sci-Fi
786,861,5,1.24,78417,97,2001,270.55,Action
786,499,1,5.27,84037,170,2018,328.66,Comedy
786,411,5,3.36,59097,154,2012,68.32,Comedy
786,625,1,6.58,29443,86,2000,150.83,Action
786,748,5,8.77,36521,95,2009,446.46,Sci-Fi
786,66,5,3.4,19875,176,2020,83.72,Action
786,428,3,6.17,89580,130,2004,318.77,Action
786,372,4,3.6,79355,160,2004,137.05,Sci-Fi
786,484,2,8.08,702,167,2012,470.12,Sci-Fi
786,771,4,6.82,69570,113,2002,370.97,Action
786,400,2,9.03,27328,124,2003,272.8,Comedy
786,434,1,4.37,18704,139,2014,412.15,Horror
786,938,5,1.86,45274,147,2008,394.49,Action
786,584,5,8.66,43670,167,2017,93.68,Action
786,421,4,6.58,83233,112,2010,130.67,Sci-Fi
786,814,4,5.77,1945,103,2005,69.34,Drama
786,95,4,8.2,52317,138,2012,96.37,Sci-Fi
787,113,5,3.3,73085,179,2000,154.46,Sci-Fi
787,507,1,4.68,67944,81,2025,429.68,Sci-Fi
787,992,2,1.69,8279,123,2002,306.26,Action
787,933,4,6.97,84340,141,2009,102.59,Comedy
787,915,4,8.72,18791,156,2024,397.31,Drama
787,867,4,9.84,60774,97,2000,379.63,Horror
787,761,5,7.47,26346,113,2016,332.03,Horror
787,342,3,5.65,81897,156,2012,39.87,Sci-Fi
787,863,5,9.54,94280,178,2012,40.81,Horror
787,608,3,4.18,62105,148,2018,183.3,Comedy
787,837,3,1.17,18370,171,2017,388.14,Action
787,265,4,4.25,20866,142,2024,155.31,Horror
787,851,3,2.28,69328,83,2011,445.7,Action
787,396,5,8.31,82834,121,2004,168.25,Horror
787,112,4,8.58,42298,145,2024,255.56,Horror
787,763,1,1.13,89973,172,2022,425.05,Drama
788,118,4,2.66,26085,95,2014,446.75,Comedy
788,741,4,6.24,18207,152,2000,323.25,Drama
788,590,3,7.58,43288,117,2019,44.25,Drama
788,29,5,1.84,31448,95,2023,366.31,Horror
788,916,4,9.44,12241,176,2024,87.09,Horror
788,813,2,4.19,17161,127,2019,116.49,Comedy
788,718,3,2.52,41871,103,2006,162.38,Drama
788,359,5,6.96,27567,136,2007,66.16,Comedy
788,892,1,5.64,32894,167,2011,337.23,Horror
788,880,2,5.08,14236,166,2020,164.15,Horror
788,966,5,9.41,22447,82,2013,401.31,Comedy
788,951,4,7.82,43204,164,2013,495.29,Action
788,24,1,2.83,22538,101,2022,273.9,Horror
788,640,2,7.69,72540,97,2019,398.94,Action
788,636,4,6.24,52730,142,2000,232.06,Sci-Fi
788,55,1,9.79,18604,117,2012,118.49,Comedy
788,439,4,6.1,26868,156,2023,229.31,Horror
788,452,2,5.2,85817,165,2007,491.24,Sci-Fi
788,454,4,6.53,12450,158,2022,49.48,Horror
788,27,4,5.55,20440,90,2006,497.82,Comedy
789,412,1,3.28,41093,161,2009,19.66,Horror
789,82,2,1.17,80722,136,2006,204.9,Drama
789,274,2,3.19,37071,84,2023,160.36,Drama
789,359,5,6.96,27567,136,2007,66.16,Comedy
789,802,2,1.21,26630,178,2003,140.79,Horror
789,210,2,1.12,78391,171,2014,333.89,Sci-Fi
789,969,2,4.25,70855,102,2024,486.27,Horror
789,416,3,5.99,59355,86,2016,340.03,Drama
789,798,2,2.22,71093,164,2021,10.86,Action
789,709,3,1.75,50969,170,2005,397.32,Comedy
789,55,2,9.79,18604,117,2012,118.49,Comedy
789,860,3,5.62,87466,138,2016,108.45,Horror
789,525,4,4.03,40334,118,2001,363.22,Action
789,24,2,2.83,22538,101,2022,273.9,Horror
789,386,1,8.75,97941,155,2013,486.2,Comedy
789,760,2,4.29,37897,138,2021,351.74,Comedy
789,579,4,8.16,48731,154,2015,445.64,Drama
789,561,3,8.33,80287,177,2023,431.01,Drama
789,928,5,6.27,4593,133,2006,352.48,Sci-Fi
789,92,2,7.41,41646,169,2025,190.39,Comedy
790,490,2,8.15,60011,115,2000,73.26,Sci-Fi
790,849,2,7.56,75342,169,2008,232.82,Horror
790,282,1,5.74,7407,132,2013,490.16,Sci-Fi
790,994,4,5.94,57188,119,2025,411.28,Horror
790,545,1,7.2,6655,133,2008,412.05,Horror
790,668,5,3.14,24072,81,2018,258.19,Drama
790,157,5,8.1,11643,127,2007,155.52,Comedy
790,287,4,5.31,74630,175,2012,380.09,Horror
790,823,3,2.18,43954,94,2001,418.85,Sci-Fi
790,512,2,7.51,64447,164,2017,468.67,Drama
790,857,5,6.37,56372,159,2022,241.98,Drama
790,837,3,1.17,18370,171,2017,388.14,Action
790,646,1,6.21,36767,147,2013,214.83,Sci-Fi
790,899,5,2.65,5209,105,2023,280.34,Comedy
790,924,5,8.08,38938,167,2000,38.8,Drama
791,153,2,2.83,43032,174,2009,218.68,Horror
791,812,2,8.43,56127,131,2008,146.46,Horror
791,147,5,5.83,89198,86,2004,87.22,Drama
791,885,1,6.41,92131,136,2003,292.64,Sci-Fi
791,598,3,1.99,2634,81,2006,415.53,Sci-Fi
791,578,5,2.68,15228,113,2006,287.88,Horror
791,206,1,7.54,29513,143,2009,265.59,Comedy
791,224,1,7.09,26078,90,2006,176.0,Action
791,1,4,8.9,50325,127,2016,332.62,Horror
791,732,2,8.25,26445,129,2018,294.31,Drama
791,779,3,5.36,51438,88,2003,163.55,Comedy
791,683,5,9.2,1211,100,2021,461.46,Comedy
791,304,4,4.82,65425,99,2004,433.65,Horror
791,393,1,5.76,98306,124,2002,174.8,Horror
791,533,5,1.74,48058,138,2004,209.98,Action
791,493,5,8.08,59731,99,2014,73.29,Drama
791,461,1,3.34,48242,133,2014,17.23,Action
791,713,3,1.79,84819,102,2014,207.56,Action
791,507,4,4.68,67944,81,2025,429.68,Sci-Fi
791,949,2,8.95,74777,119,2010,273.21,Sci-Fi
792,825,3,6.24,12402,89,2021,65.47,Action
792,218,3,2.69,98485,119,2023,281.03,Comedy
792,900,1,1.78,6123,172,2015,76.37,Horror
792,502,3,6.4,74976,136,2007,210.11,Comedy
792,434,4,4.37,18704,139,2014,412.15,Horror
792,675,1,2.99,9535,153,2009,485.84,Drama
792,922,1,8.42,89513,139,2014,395.33,Sci-Fi
792,495,3,8.81,6533,100,2021,78.71,Comedy
792,224,3,7.09,26078,90,2006,176.0,Action
792,937,5,6.12,92703,112,2021,118.98,Sci-Fi
792,538,3,7.53,30148,114,2020,114.76,Comedy
792,983,1,3.16,23207,85,2017,115.96,Comedy
792,475,1,2.83,7034,93,2019,481.66,Horror
792,486,4,3.96,76012,124,2007,113.38,Drama
793,303,4,9.25,60116,98,2018,495.39,Drama
793,411,5,3.36,59097,154,2012,68.32,Comedy
793,230,1,1.28,71253,153,2015,398.36,Drama
793,267,4,4.15,80297,128,2016,291.96,Drama
793,742,2,4.87,1175,99,2005,29.68,Horror
793,983,3,3.16,23207,85,2017,115.96,Comedy
793,256,5,2.73,84742,137,2006,219.44,Drama
793,658,3,5.48,72956,137,2012,490.73,Comedy
793,330,1,1.62,50453,134,2011,368.22,Drama
793,814,4,5.77,1945,103,2005,69.34,Drama
793,612,5,6.59,2854,166,2012,75.64,Sci-Fi
793,219,2,9.29,5861,148,2025,248.03,Action
793,708,1,9.64,12107,156,2003,95.57,Action
794,504,2,3.88,79745,134,2015,355.54,Sci-Fi
794,947,4,4.06,85728,176,2019,40.31,Sci-Fi
794,45,5,1.53,94599,104,2014,112.65,Horror
794,557,2,5.15,56083,111,2009,100.4,Drama
794,507,3,4.68,67944,81,2025,429.68,Sci-Fi
794,50,3,1.61,98674,177,2011,434.99,Action
795,285,2,4.96,58469,120,2011,18.42,Action
795,903,4,1.94,81926,135,2005,421.75,Sci-Fi
795,244,2,8.36,81392,178,2003,289.85,Horror
795,207,5,6.86,27673,157,2005,410.03,Action
795,923,4,3.54,86445,110,2015,398.82,Comedy
795,961,3,8.74,4618,138,2016,447.99,Sci-Fi
795,174,2,5.67,75593,114,2017,326.12,Horror
795,887,2,3.41,2152,170,2020,327.14,Horror
795,95,3,8.2,52317,138,2012,96.37,Sci-Fi
795,102,2,5.07,440,83,2010,255.18,Comedy
795,226,2,1.94,59250,84,2010,8.84,Horror
795,355,4,3.39,714,103,2012,413.83,Action
795,845,4,9.21,61599,114,2011,135.05,Comedy
795,449,4,5.48,59019,154,2023,170.66,Horror
795,87,5,8.35,72060,124,2009,181.4,Horror
795,453,4,4.75,85047,148,2012,230.66,Action
795,928,2,6.27,4593,133,2006,352.48,Sci-Fi
795,989,5,3.55,2095,95,2023,189.17,Horror
795,555,5,1.52,78254,141,2002,107.08,Drama
796,140,4,2.0,51404,108,2022,20.28,Horror
796,969,2,4.25,70855,102,2024,486.27,Horror
796,574,3,3.14,36560,106,2019,193.58,Comedy
796,834,4,8.67,54291,92,2021,100.9,Horror
796,176,1,4.46,33840,97,2016,37.6,Comedy
796,795,1,1.16,44081,137,2009,305.77,Action
796,571,4,5.72,95304,163,2014,115.56,Horror
796,645,1,8.38,32065,152,2009,437.18,Horror
796,235,4,4.69,13489,98,2025,31.94,Action
796,714,5,4.85,52167,177,2009,411.4,Action
796,50,3,1.61,98674,177,2011,434.99,Action
796,804,4,9.23,70128,89,2002,232.0,Horror
796,494,2,6.48,63787,83,2012,380.46,Action
796,933,5,6.97,84340,141,2009,102.59,Comedy
796,630,4,6.84,58001,91,2001,18.58,Drama
797,647,3,9.36,33176,93,2025,125.85,Sci-Fi
797,198,1,5.48,634,116,2005,116.52,Drama
797,849,5,7.56,75342,169,2008,232.82,Horror
797,934,5,1.07,53410,98,2000,361.76,Action
797,982,2,6.91,85155,178,2012,61.74,Horror
797,404,3,3.47,22306,162,2012,417.09,Sci-Fi
797,582,2,4.01,59881,142,2010,402.94,Action
797,464,1,2.98,85928,178,2023,356.33,Action
797,125,3,2.74,84189,180,2014,202.51,Action
797,866,1,5.96,30418,178,2015,213.55,Drama
797,13,2,9.33,81747,121,2015,234.07,Comedy
797,34,1,1.94,93098,176,2011,391.48,Horror
797,405,5,9.94,79758,127,2023,450.76,Action
797,147,2,5.83,89198,86,2004,87.22,Drama
797,5,2,2.32,79798,120,2016,12.73,Drama
797,698,3,3.09,17021,141,2011,406.81,Action
797,253,4,3.19,48607,161,2005,480.77,Horror
798,74,5,3.26,91915,148,2011,169.31,Sci-Fi
798,75,5,4.16,47174,153,2009,496.72,Sci-Fi
798,70,1,3.19,90158,163,2023,183.97,Sci-Fi
798,108,1,3.76,50110,107,2006,308.63,Comedy
798,807,4,3.11,80643,89,2000,463.71,Action
798,699,5,3.73,36279,131,2011,124.53,Sci-Fi
799,995,2,4.33,93606,141,2006,155.54,Drama
799,971,4,4.99,32952,132,2004,180.09,Drama
799,696,5,1.89,26495,98,2001,449.03,Comedy
799,603,1,8.37,45849,147,2010,67.16,Horror
799,602,3,4.2,84860,167,2017,124.1,Action
799,816,4,7.94,40594,165,2009,49.88,Action
799,705,3,6.14,81261,120,2016,86.04,Sci-Fi
799,672,1,2.7,40024,148,2011,452.93,Drama
799,491,3,1.33,72066,118,2015,99.84,Sci-Fi
799,178,1,5.37,23495,94,2019,424.66,Action
799,165,1,4.6,92185,87,2020,473.9,Sci-Fi
799,158,2,8.22,4346,107,2002,449.08,Drama
799,247,5,5.01,52072,116,2001,189.93,Action
799,324,4,6.6,31955,124,2018,31.98,Action
799,464,5,2.98,85928,178,2023,356.33,Action
799,960,3,1.56,52459,127,2000,92.35,Action
799,487,2,9.1,53389,118,2015,167.61,Sci-Fi
799,359,2,6.96,27567,136,2007,66.16,Comedy
799,829,5,8.73,97987,103,2008,153.07,Sci-Fi
799,688,3,8.08,66761,177,2016,257.66,Action
800,711,3,5.15,98114,138,2015,344.81,Comedy
800,990,2,3.02,58840,108,2005,307.53,Comedy
800,864,3,4.73,96535,159,2012,119.51,Sci-Fi
800,946,2,6.69,56771,168,2022,405.12,Horror
800,145,5,9.76,30786,108,2012,435.86,Action
800,570,5,1.08,11746,102,2012,338.45,Sci-Fi
800,969,1,4.25,70855,102,2024,486.27,Horror
800,908,4,4.44,88574,99,2002,52.23,Sci-Fi
800,316,5,3.33,58946,159,2020,30.68,Horror
800,300,4,3.78,10236,174,2020,347.12,Action
801,52,3,9.5,35105,123,2004,291.62,Action
801,522,2,6.44,11859,145,2022,70.66,Comedy
801,680,5,2.96,71122,133,2014,404.31,Comedy
801,363,4,5.74,10936,118,2019,498.35,Drama
801,443,3,3.95,11806,143,2008,428.8,Comedy
801,91,1,2.36,32471,100,2025,97.26,Horror
801,132,3,5.7,50657,135,2016,423.62,Comedy
801,662,1,7.44,96530,141,2009,177.54,Comedy
801,978,1,9.93,23235,175,2015,460.74,Sci-Fi
801,108,5,3.76,50110,107,2006,308.63,Comedy
801,176,5,4.46,33840,97,2016,37.6,Comedy
801,860,3,5.62,87466,138,2016,108.45,Horror
801,60,1,5.59,7891,162,2009,340.93,Drama
801,335,4,6.8,73279,173,2004,101.29,Action
801,892,1,5.64,32894,167,2011,337.23,Horror
801,985,5,3.33,36786,156,2000,268.77,Comedy
802,145,1,9.76,30786,108,2012,435.86,Action
802,853,1,9.06,31021,140,2011,470.64,Sci-Fi
802,756,5,3.09,69709,128,2023,239.29,Horror
802,473,1,4.16,30020,88,2019,432.07,Comedy
802,464,3,2.98,85928,178,2023,356.33,Action
802,431,2,8.8,13043,107,2012,295.7,Action
802,852,2,4.3,98101,110,2011,498.22,Comedy
802,468,3,5.48,47993,148,2022,124.79,Horror
802,941,3,6.69,41364,121,2002,120.68,Horror
802,781,1,6.06,5805,174,2025,175.6,Drama
802,347,5,8.29,59456,171,2014,321.46,Horror
802,567,5,5.24,41558,144,2022,489.96,Horror
802,285,5,4.96,58469,120,2011,18.42,Action
802,884,5,2.22,14701,157,2009,222.98,Comedy
802,445,4,9.66,55105,91,2011,66.05,Sci-Fi
802,720,1,3.35,3362,87,2016,276.99,Drama
803,948,3,7.35,33766,158,2025,53.46,Sci-Fi
803,320,1,7.79,29293,110,2019,78.23,Drama
803,27,4,5.55,20440,90,2006,497.82,Comedy
803,89,1,3.22,22791,112,2004,446.59,Horror
803,450,4,8.4,92540,93,2004,350.68,Drama
803,564,5,3.8,90003,97,2023,484.69,Drama
803,880,3,5.08,14236,166,2020,164.15,Horror
803,493,4,8.08,59731,99,2014,73.29,Drama
803,236,4,6.31,26562,136,2018,371.21,Sci-Fi
803,679,5,4.63,87477,120,2000,390.95,Action
804,849,5,7.56,75342,169,2008,232.82,Horror
804,392,3,4.42,25874,174,2016,14.14,Comedy
804,432,5,9.33,93221,160,2001,172.39,Sci-Fi
804,884,4,2.22,14701,157,2009,222.98,Comedy
804,182,3,3.09,92147,88,2009,434.23,Action
804,91,2,2.36,32471,100,2025,97.26,Horror
804,947,1,4.06,85728,176,2019,40.31,Sci-Fi
804,5,2,2.32,79798,120,2016,12.73,Drama
804,668,5,3.14,24072,81,2018,258.19,Drama
805,683,4,9.2,1211,100,2021,461.46,Comedy
805,115,1,1.77,77559,147,2006,365.07,Comedy
805,344,1,6.93,31645,116,2020,407.34,Comedy
805,888,4,2.16,64533,177,2008,276.93,Comedy
805,238,5,5.89,83992,180,2022,8.94,Drama
805,858,2,6.33,53810,99,2000,213.14,Sci-Fi
806,822,5,5.99,68188,172,2025,239.07,Comedy
806,782,2,4.64,70405,88,2002,59.36,Action
806,463,4,4.05,43827,152,2024,205.66,Action
806,870,2,7.6,16428,119,2011,8.27,Drama
806,871,5,3.01,82326,142,2015,267.58,Drama
806,884,4,2.22,14701,157,2009,222.98,Comedy
806,784,1,2.64,2654,137,2021,225.41,Horror
806,259,1,9.99,10868,132,2005,364.34,Drama
806,874,4,1.85,74870,164,2015,265.44,Horror
806,289,1,8.16,15005,127,2002,56.19,Drama
807,527,3,4.63,51584,175,2021,162.1,Drama
807,643,4,9.71,10431,88,2018,142.45,Horror
807,945,4,2.05,23226,85,2014,369.52,Sci-Fi
807,59,2,7.69,99867,104,2012,252.53,Action
807,893,1,1.76,50909,116,2005,298.6,Horror
807,251,3,9.01,36847,103,2013,399.76,Sci-Fi
807,601,3,7.27,89309,123,2008,225.62,Horror
807,985,4,3.33,36786,156,2000,268.77,Comedy
807,973,1,5.43,9551,125,2012,244.78,Comedy
807,197,1,1.45,3644,112,2001,125.16,Horror
807,67,2,6.61,86508,180,2003,493.47,Comedy
807,361,1,2.98,36499,160,2010,127.14,Action
807,345,2,2.2,27687,138,2001,138.14,Sci-Fi
807,14,4,3.85,87855,82,2019,165.71,Drama
807,723,5,2.6,72422,158,2001,101.29,Horror
807,814,1,5.77,1945,103,2005,69.34,Drama
807,476,5,6.41,74520,151,2014,269.98,Comedy
807,499,3,5.27,84037,170,2018,328.66,Comedy
807,23,4,8.94,89492,86,2008,162.23,Comedy
808,382,5,6.33,83895,93,2015,475.43,Sci-Fi
808,76,2,5.78,39297,169,2014,59.12,Horror
808,681,1,9.65,20204,144,2025,399.7,Action
808,217,1,7.06,66917,96,2016,434.09,Comedy
808,679,3,4.63,87477,120,2000,390.95,Action
808,913,1,2.82,61811,138,2023,482.49,Horror
809,311,4,7.15,39798,91,2022,224.9,Comedy
809,784,3,2.64,2654,137,2021,225.41,Horror
809,185,5,7.79,89483,140,2002,65.44,Action
809,316,3,3.33,58946,159,2020,30.68,Horror
809,160,4,3.04,35728,99,2006,6.23,Horror
809,354,1,9.77,10261,138,2004,279.66,Comedy
809,309,3,2.82,72774,174,2016,61.07,Sci-Fi
809,934,2,1.07,53410,98,2000,361.76,Action
809,199,3,5.67,24561,108,2004,321.3,Comedy
809,256,3,2.73,84742,137,2006,219.44,Drama
809,640,1,7.69,72540,97,2019,398.94,Action
809,997,5,9.38,45004,167,2019,423.27,Sci-Fi
809,831,1,6.34,52150,150,2012,3.52,Sci-Fi
809,712,5,4.19,67136,153,2017,66.92,Sci-Fi
809,368,2,8.13,30318,120,2010,101.24,Horror
809,504,2,3.88,79745,134,2015,355.54,Sci-Fi
809,807,3,3.11,80643,89,2000,463.71,Action
809,678,4,8.04,93969,95,2000,90.65,Drama
810,793,4,7.83,10542,177,2012,482.9,Action
810,810,1,6.74,92177,102,2006,8.07,Action
810,351,3,3.66,45541,83,2008,402.94,Comedy
810,292,1,8.56,88144,155,2015,17.06,Sci-Fi
810,184,2,1.6,10118,167,2012,26.61,Horror
810,552,2,7.04,92587,151,2017,354.57,Sci-Fi
810,405,4,9.94,79758,127,2023,450.76,Action
810,422,5,6.58,77203,178,2012,10.38,Horror
810,929,3,2.64,61077,150,2024,354.93,Drama
810,336,3,3.99,56385,148,2002,375.53,Sci-Fi
810,964,3,7.36,66769,142,2001,313.57,Horror
810,923,2,3.54,86445,110,2015,398.82,Comedy
810,493,5,8.08,59731,99,2014,73.29,Drama
810,893,4,1.76,50909,116,2005,298.6,Horror
810,14,3,3.85,87855,82,2019,165.71,Drama
811,553,3,8.31,2505,170,2001,97.02,Horror
811,738,3,7.14,30548,106,2008,374.07,Comedy
811,13,3,9.33,81747,121,2015,234.07,Comedy
811,177,2,8.6,1850,133,2016,435.45,Drama
811,453,5,4.75,85047,148,2012,230.66,Action
811,42,5,3.36,15816,100,2015,385.27,Action
811,541,4,4.11,31857,153,2021,210.57,Comedy
811,690,5,6.01,40715,86,2025,19.86,Horror
811,118,2,2.66,26085,95,2014,446.75,Comedy
811,595,4,3.88,14438,130,2015,424.95,Horror
811,315,1,1.1,32606,136,2023,277.41,Sci-Fi
811,631,5,1.11,7599,136,2011,211.9,Drama
811,174,4,5.67,75593,114,2017,326.12,Horror
811,387,3,3.97,44396,154,2004,362.01,Comedy
812,551,2,2.74,68494,133,2013,175.16,Action
812,274,5,3.19,37071,84,2023,160.36,Drama
812,72,5,2.36,73204,135,2012,70.55,Horror
812,511,5,5.35,16669,159,2000,127.75,Horror
812,894,3,3.87,83376,82,2008,480.08,Action
812,398,2,2.76,70800,98,2023,282.94,Comedy
812,189,2,2.47,24141,158,2023,176.27,Comedy
812,187,3,5.23,80449,82,2008,142.22,Action
812,172,4,1.33,23479,141,2025,21.85,Sci-Fi
812,560,5,2.3,12617,158,2014,325.81,Sci-Fi
812,874,2,1.85,74870,164,2015,265.44,Horror
812,40,4,5.27,66477,124,2000,19.82,Drama
812,181,4,3.8,92597,167,2004,10.55,Sci-Fi
812,130,1,8.9,23520,152,2013,44.64,Sci-Fi
812,650,5,3.22,49269,89,2013,74.97,Action
812,339,4,5.68,74820,104,2010,248.89,Sci-Fi
812,121,3,9.21,45062,161,2006,330.64,Sci-Fi
812,628,4,5.14,17014,90,2022,206.62,Sci-Fi
812,445,5,9.66,55105,91,2011,66.05,Sci-Fi
812,426,2,1.78,4981,168,2008,255.41,Comedy
813,334,5,1.09,32623,145,2024,252.54,Sci-Fi
813,126,5,5.11,24173,158,2001,13.64,Action
813,438,2,7.36,17478,121,2007,235.5,Comedy
813,892,4,5.64,32894,167,2011,337.23,Horror
813,1,3,8.9,50325,127,2016,332.62,Horror
813,575,5,1.84,43051,130,2012,171.28,Comedy
813,908,4,4.44,88574,99,2002,52.23,Sci-Fi
813,552,2,7.04,92587,151,2017,354.57,Sci-Fi
813,725,4,5.75,2501,169,2002,319.52,Sci-Fi
813,315,3,1.1,32606,136,2023,277.41,Sci-Fi
813,509,2,9.2,38901,127,2015,151.15,Drama
813,348,4,8.25,74900,107,2016,249.14,Drama
813,298,3,7.78,38539,165,2015,291.77,Comedy
813,845,1,9.21,61599,114,2011,135.05,Comedy
813,388,5,6.85,56306,147,2024,208.52,Comedy
813,103,4,9.8,92693,159,2003,444.24,Horror
813,3,5,7.43,36207,135,2018,218.06,Horror
813,861,3,1.24,78417,97,2001,270.55,Action
813,110,3,6.9,44047,102,2005,441.28,Sci-Fi
813,99,3,7.85,46519,122,2019,488.9,Drama
814,575,1,1.84,43051,130,2012,171.28,Comedy
814,743,2,9.45,53320,139,2011,320.58,Comedy
814,873,2,1.23,51620,156,2003,452.06,Action
814,813,2,4.19,17161,127,2019,116.49,Comedy
814,608,3,4.18,62105,148,2018,183.3,Comedy
814,537,2,8.77,88973,136,2019,460.87,Comedy
814,260,2,5.4,71909,102,2024,113.42,Comedy
814,634,3,1.59,36019,176,2020,239.05,Comedy
814,130,1,8.9,23520,152,2013,44.64,Sci-Fi
814,802,4,1.21,26630,178,2003,140.79,Horror
814,670,2,7.18,64496,122,2019,408.96,Drama
814,977,3,1.2,8624,158,2012,17.31,Comedy
814,409,2,3.94,76523,92,2009,439.75,Sci-Fi
814,358,3,6.62,76538,157,2012,264.9,Sci-Fi
814,400,5,9.03,27328,124,2003,272.8,Comedy
814,500,3,1.95,87782,169,2008,484.75,Action
815,998,5,7.16,44459,107,2008,298.06,Action
815,4,3,1.13,37539,166,2020,391.75,Action
815,331,1,5.81,64265,92,2004,277.0,Comedy
815,839,5,5.47,66733,123,2003,270.83,Horror
815,303,1,9.25,60116,98,2018,495.39,Drama
815,733,3,2.03,59930,178,2011,7.92,Horror
815,65,4,7.17,91950,129,2008,184.62,Comedy
815,443,2,3.95,11806,143,2008,428.8,Comedy
815,437,5,5.35,39997,123,2007,430.92,Action
815,342,2,5.65,81897,156,2012,39.87,Sci-Fi
816,538,4,7.53,30148,114,2020,114.76,Comedy
816,4,5,1.13,37539,166,2020,391.75,Action
816,287,1,5.31,74630,175,2012,380.09,Horror
816,474,4,6.72,44352,124,2023,464.66,Drama
816,187,1,5.23,80449,82,2008,142.22,Action
816,200,1,3.82,90946,107,2006,111.99,Drama
816,807,2,3.11,80643,89,2000,463.71,Action
816,463,5,4.05,43827,152,2024,205.66,Action
816,151,5,2.27,67558,150,2021,324.07,Drama
816,87,4,8.35,72060,124,2009,181.4,Horror
816,149,4,7.13,22903,91,2013,199.65,Action
816,405,4,9.94,79758,127,2023,450.76,Action
816,575,5,1.84,43051,130,2012,171.28,Comedy
816,49,2,7.79,6744,172,2010,167.94,Sci-Fi
816,688,1,8.08,66761,177,2016,257.66,Action
816,536,2,4.21,4145,106,2002,261.44,Drama
816,60,5,5.59,7891,162,2009,340.93,Drama
816,294,1,3.06,41792,123,2024,13.12,Comedy
816,692,4,6.79,46747,170,2003,79.31,Sci-Fi
816,839,2,5.47,66733,123,2003,270.83,Horror
817,116,1,5.35,71734,87,2018,199.33,Comedy
817,305,4,5.5,11357,136,2011,305.63,Action
817,375,4,8.8,16617,167,2009,159.29,Horror
817,972,5,4.82,99936,122,2008,121.31,Sci-Fi
817,219,2,9.29,5861,148,2025,248.03,Action
817,356,3,5.45,87246,128,2001,273.29,Horror
817,431,5,8.8,13043,107,2012,295.7,Action
817,317,1,1.26,47758,147,2000,491.31,Action
817,693,3,6.75,94532,138,2018,333.2,Sci-Fi
817,372,3,3.6,79355,160,2004,137.05,Sci-Fi
817,259,3,9.99,10868,132,2005,364.34,Drama
817,462,5,1.54,50183,105,2017,259.14,Action
817,252,2,8.15,97196,177,2000,269.63,Comedy
817,955,1,6.51,20594,178,2023,106.79,Sci-Fi
818,172,2,1.33,23479,141,2025,21.85,Sci-Fi
818,963,5,9.42,29251,139,2010,450.39,Action
818,226,3,1.94,59250,84,2010,8.84,Horror
818,724,5,1.82,19709,100,2017,84.17,Drama
818,384,5,8.11,90074,106,2020,385.42,Comedy
818,51,1,4.71,26392,95,2018,389.54,Sci-Fi
818,204,5,2.92,2495,120,2002,290.58,Sci-Fi
818,148,5,9.88,81316,167,2016,274.2,Drama
819,290,3,6.65,57610,100,2023,317.18,Sci-Fi
819,955,3,6.51,20594,178,2023,106.79,Sci-Fi
819,782,4,4.64,70405,88,2002,59.36,Action
819,598,4,1.99,2634,81,2006,415.53,Sci-Fi
819,86,1,8.59,23654,105,2010,341.58,Action
819,526,4,2.22,85928,103,2020,440.58,Comedy
819,534,1,9.22,29740,98,2013,129.47,Drama
819,103,3,9.8,92693,159,2003,444.24,Horror
819,222,5,8.91,33322,116,2013,332.48,Sci-Fi
819,489,3,7.02,42440,108,2015,482.79,Horror
819,37,1,3.79,32335,109,2021,296.45,Drama
819,848,2,6.22,38911,150,2014,260.7,Action
819,796,5,7.09,55245,129,2024,67.12,Horror
820,442,3,5.96,46466,170,2022,317.54,Horror
820,454,1,6.53,12450,158,2022,49.48,Horror
820,697,1,7.12,26673,81,2009,125.34,Horror
820,678,3,8.04,93969,95,2000,90.65,Drama
820,310,1,7.61,61088,114,2002,451.46,Sci-Fi
820,29,2,1.84,31448,95,2023,366.31,Horror
820,524,2,9.53,92448,94,2004,8.95,Sci-Fi
820,495,5,8.81,6533,100,2021,78.71,Comedy
820,336,2,3.99,56385,148,2002,375.53,Sci-Fi
820,874,4,1.85,74870,164,2015,265.44,Horror
820,509,1,9.2,38901,127,2015,151.15,Drama
820,415,4,5.8,70426,161,2002,146.88,Sci-Fi
820,718,3,2.52,41871,103,2006,162.38,Drama
820,64,5,4.12,60444,102,2004,114.31,Horror
820,791,1,6.39,59649,132,2023,470.8,Action
820,943,1,8.26,9914,176,2023,28.99,Action
820,668,3,3.14,24072,81,2018,258.19,Drama
821,246,3,7.3,82488,100,2020,415.61,Drama
821,697,1,7.12,26673,81,2009,125.34,Horror
821,42,1,3.36,15816,100,2015,385.27,Action
821,345,4,2.2,27687,138,2001,138.14,Sci-Fi
821,453,2,4.75,85047,148,2012,230.66,Action
821,149,2,7.13,22903,91,2013,199.65,Action
821,554,5,2.8,89037,146,2004,450.94,Comedy
821,123,2,1.68,78173,93,2017,318.79,Comedy
821,730,4,1.76,91682,166,2017,237.37,Drama
821,931,5,5.27,48159,120,2019,301.15,Horror
821,158,1,8.22,4346,107,2002,449.08,Drama
821,788,4,5.58,45119,102,2010,176.93,Action
821,700,1,5.55,21264,145,2025,451.22,Drama
821,725,5,5.75,2501,169,2002,319.52,Sci-Fi
821,113,4,3.3,73085,179,2000,154.46,Sci-Fi
821,480,5,7.78,94156,162,2008,35.58,Drama
822,252,1,8.15,97196,177,2000,269.63,Comedy
822,256,5,2.73,84742,137,2006,219.44,Drama
822,17,2,5.97,12935,115,2001,494.22,Action
822,665,2,9.17,40363,86,2017,381.75,Drama
822,375,3,8.8,16617,167,2009,159.29,Horror
822,285,3,4.96,58469,120,2011,18.42,Action
822,292,1,8.56,88144,155,2015,17.06,Sci-Fi
822,48,5,7.57,12482,176,2013,254.76,Sci-Fi
822,460,3,4.41,55921,174,2019,123.11,Comedy
822,754,5,5.08,28794,118,2019,217.48,Horror
822,56,2,7.84,40133,111,2013,406.83,Drama
822,34,3,1.94,93098,176,2011,391.48,Horror
822,199,2,5.67,24561,108,2004,321.3,Comedy
823,81,1,1.66,99147,101,2005,271.88,Drama
823,4,1,1.13,37539,166,2020,391.75,Action
823,25,5,4.03,68555,139,2021,344.84,Drama
823,27,2,5.55,20440,90,2006,497.82,Comedy
823,732,1,8.25,26445,129,2018,294.31,Drama
823,203,3,6.03,13869,162,2024,467.76,Horror
823,864,1,4.73,96535,159,2012,119.51,Sci-Fi
823,971,5,4.99,32952,132,2004,180.09,Drama
823,309,3,2.82,72774,174,2016,61.07,Sci-Fi
823,452,3,5.2,85817,165,2007,491.24,Sci-Fi
823,863,1,9.54,94280,178,2012,40.81,Horror
823,741,4,6.24,18207,152,2000,323.25,Drama
823,572,1,5.85,47602,80,2005,128.1,Action
824,502,3,6.4,74976,136,2007,210.11,Comedy
824,989,4,3.55,2095,95,2023,189.17,Horror
824,644,3,1.96,55263,162,2017,337.9,Drama
824,369,1,9.69,63113,173,2011,128.78,Horror
824,733,1,2.03,59930,178,2011,7.92,Horror
824,18,1,4.04,13427,88,2005,442.32,Drama
824,923,2,3.54,86445,110,2015,398.82,Comedy
824,252,5,8.15,97196,177,2000,269.63,Comedy
824,704,4,4.77,85510,176,2013,330.46,Horror
824,187,5,5.23,80449,82,2008,142.22,Action
825,446,1,8.08,6551,86,2020,191.82,Action
825,24,3,2.83,22538,101,2022,273.9,Horror
825,305,5,5.5,11357,136,2011,305.63,Action
825,564,5,3.8,90003,97,2023,484.69,Drama
825,523,4,8.4,5989,107,2004,281.78,Action
825,360,1,2.11,51949,174,2019,419.99,Comedy
825,388,4,6.85,56306,147,2024,208.52,Comedy
825,386,3,8.75,97941,155,2013,486.2,Comedy
825,31,5,3.96,19834,118,2016,495.64,Action
825,470,5,3.1,2082,142,2012,109.84,Action
825,522,3,6.44,11859,145,2022,70.66,Comedy
825,353,3,6.72,27067,139,2016,172.24,Sci-Fi
825,714,3,4.85,52167,177,2009,411.4,Action
826,73,5,2.77,77415,110,2003,181.86,Comedy
826,315,1,1.1,32606,136,2023,277.41,Sci-Fi
826,604,2,7.14,98508,137,2016,338.97,Drama
826,160,1,3.04,35728,99,2006,6.23,Horror
826,235,5,4.69,13489,98,2025,31.94,Action
826,383,3,3.15,95255,88,2005,167.8,Horror
826,51,2,4.71,26392,95,2018,389.54,Sci-Fi
826,19,1,4.72,11987,174,2015,341.33,Horror
826,276,2,1.12,6389,101,2006,287.54,Sci-Fi
826,548,4,8.2,20271,168,2006,375.9,Comedy
826,649,3,9.26,80946,127,2016,49.9,Comedy
826,6,3,2.42,15530,84,2011,37.21,Comedy
826,322,3,1.32,40061,107,2011,460.36,Action
826,260,1,5.4,71909,102,2024,113.42,Comedy
826,821,4,8.49,22979,178,2017,212.43,Comedy
826,890,1,1.35,33049,82,2019,28.56,Horror
826,440,2,5.09,78151,150,2001,43.78,Comedy
826,287,2,5.31,74630,175,2012,380.09,Horror
827,347,5,8.29,59456,171,2014,321.46,Horror
827,573,4,8.16,57502,167,2013,268.95,Action
827,191,1,3.28,81673,160,2005,372.45,Sci-Fi
827,319,3,3.18,73807,104,2006,95.39,Drama
827,892,5,5.64,32894,167,2011,337.23,Horror
827,233,4,7.41,84108,123,2006,207.68,Comedy
827,553,5,8.31,2505,170,2001,97.02,Horror
827,193,4,3.3,39372,147,2006,128.91,Horror
827,711,4,5.15,98114,138,2015,344.81,Comedy
827,47,1,9.96,63782,175,2021,397.34,Action
827,24,5,2.83,22538,101,2022,273.9,Horror
827,765,2,1.22,42188,174,2013,234.53,Horror
827,395,5,4.83,82972,113,2024,220.74,Action
827,716,3,3.21,53768,120,2004,149.43,Action
828,994,5,5.94,57188,119,2025,411.28,Horror
828,396,5,8.31,82834,121,2004,168.25,Horror
828,615,5,5.52,10735,160,2012,6.13,Horror
828,891,5,5.56,57951,160,2018,149.83,Action
828,88,4,9.53,11883,178,2016,153.49,Action
829,584,2,8.66,43670,167,2017,93.68,Action
829,756,4,3.09,69709,128,2023,239.29,Horror
829,602,5,4.2,84860,167,2017,124.1,Action
829,311,1,7.15,39798,91,2022,224.9,Comedy
829,509,4,9.2,38901,127,2015,151.15,Drama
829,537,5,8.77,88973,136,2019,460.87,Comedy
829,313,1,4.52,70842,89,2015,82.29,Drama
829,514,4,2.45,61762,171,2018,476.47,Action
829,982,5,6.91,85155,178,2012,61.74,Horror
829,546,1,9.88,72294,168,2011,20.67,Drama
829,334,3,1.09,32623,145,2024,252.54,Sci-Fi
829,839,2,5.47,66733,123,2003,270.83,Horror
829,810,2,6.74,92177,102,2006,8.07,Action
829,939,5,6.99,46882,153,2023,272.52,Horror
829,614,1,3.54,24141,116,2014,426.18,Horror
830,760,1,4.29,37897,138,2021,351.74,Comedy
830,722,2,1.99,59682,85,2007,469.31,Comedy
830,997,4,9.38,45004,167,2019,423.27,Sci-Fi
830,606,3,6.57,75987,151,2018,424.04,Sci-Fi
830,110,1,6.9,44047,102,2005,441.28,Sci-Fi
830,592,3,6.0,65571,90,2014,410.55,Drama
831,998,2,7.16,44459,107,2008,298.06,Action
831,108,5,3.76,50110,107,2006,308.63,Comedy
831,776,5,3.17,4806,177,2007,453.69,Action
831,37,5,3.79,32335,109,2021,296.45,Drama
831,165,4,4.6,92185,87,2020,473.9,Sci-Fi
831,527,1,4.63,51584,175,2021,162.1,Drama
831,709,4,1.75,50969,170,2005,397.32,Comedy
831,134,2,6.29,50767,134,2010,393.46,Drama
831,31,4,3.96,19834,118,2016,495.64,Action
831,102,3,5.07,440,83,2010,255.18,Comedy
831,313,4,4.52,70842,89,2015,82.29,Drama
831,915,5,8.72,18791,156,2024,397.31,Drama
832,834,5,8.67,54291,92,2021,100.9,Horror
832,679,2,4.63,87477,120,2000,390.95,Action
832,805,1,6.79,35610,99,2020,499.68,Action
832,850,1,9.11,36762,151,2022,196.11,Drama
832,646,1,6.21,36767,147,2013,214.83,Sci-Fi
832,874,3,1.85,74870,164,2015,265.44,Horror
832,206,5,7.54,29513,143,2009,265.59,Comedy
832,635,5,3.17,17449,81,2017,431.16,Drama
833,368,3,8.13,30318,120,2010,101.24,Horror
833,166,1,2.83,912,139,2004,359.99,Comedy
833,348,2,8.25,74900,107,2016,249.14,Drama
833,51,3,4.71,26392,95,2018,389.54,Sci-Fi
833,559,3,8.07,41430,143,2006,132.37,Comedy
833,14,3,3.85,87855,82,2019,165.71,Drama
833,741,4,6.24,18207,152,2000,323.25,Drama
833,304,3,4.82,65425,99,2004,433.65,Horror
833,56,2,7.84,40133,111,2013,406.83,Drama
833,746,2,8.82,81051,114,2004,283.12,Sci-Fi
833,542,2,4.59,68455,81,2000,217.18,Drama
833,93,4,3.83,80292,156,2015,472.0,Horror
834,71,4,1.12,66196,149,2018,182.55,Horror
834,504,2,3.88,79745,134,2015,355.54,Sci-Fi
834,555,5,1.52,78254,141,2002,107.08,Drama
834,808,1,7.05,23281,134,2019,311.76,Comedy
834,98,2,2.96,39667,117,2006,396.76,Drama
834,403,2,3.17,70883,151,2021,53.89,Action
834,594,4,1.57,21327,177,2003,369.21,Drama
834,958,3,1.38,74585,119,2015,83.46,Comedy
835,367,3,3.09,90522,145,2012,170.67,Horror
835,771,1,6.82,69570,113,2002,370.97,Action
835,5,4,2.32,79798,120,2016,12.73,Drama
835,442,1,5.96,46466,170,2022,317.54,Horror
835,898,2,4.34,65213,171,2006,226.51,Comedy
835,386,1,8.75,97941,155,2013,486.2,Comedy
835,893,4,1.76,50909,116,2005,298.6,Horror
835,870,4,7.6,16428,119,2011,8.27,Drama
835,655,2,9.1,56508,100,2005,301.74,Action
835,974,3,6.02,67474,176,2017,455.13,Comedy
835,85,3,2.29,328,123,2008,87.29,Drama
836,228,3,4.13,72068,106,2020,98.28,Drama
836,466,2,2.77,57353,91,2009,339.74,Comedy
836,665,4,9.17,40363,86,2017,381.75,Drama
836,970,4,6.87,83003,180,2004,297.95,Sci-Fi
836,729,1,7.49,80041,144,2009,373.29,Sci-Fi
836,356,2,5.45,87246,128,2001,273.29,Horror
836,763,3,1.13,89973,172,2022,425.05,Drama
836,762,2,4.43,95947,91,2025,266.09,Comedy
836,177,1,8.6,1850,133,2016,435.45,Drama
836,767,5,5.57,96171,137,2012,38.83,Sci-Fi
836,282,2,5.74,7407,132,2013,490.16,Sci-Fi
836,884,5,2.22,14701,157,2009,222.98,Comedy
836,278,4,8.77,1239,119,2006,286.72,Action
836,258,1,1.43,55821,102,2001,95.64,Comedy
836,224,4,7.09,26078,90,2006,176.0,Action
836,451,1,8.76,98049,146,2024,61.43,Sci-Fi
836,1000,1,1.05,54257,129,2007,363.36,Sci-Fi
836,440,4,5.09,78151,150,2001,43.78,Comedy
836,299,2,1.44,7264,141,2008,104.78,Drama
836,797,3,3.84,80631,157,2012,353.45,Horror
837,671,1,1.82,12733,143,2018,287.42,Horror
837,885,3,6.41,92131,136,2003,292.64,Sci-Fi
837,299,4,1.44,7264,141,2008,104.78,Drama
837,523,1,8.4,5989,107,2004,281.78,Action
837,859,3,3.4,29069,166,2000,239.74,Sci-Fi
838,914,5,3.88,35491,137,2013,470.66,Comedy
838,751,2,3.62,2410,142,2022,135.36,Horror
838,828,3,6.43,56744,163,2007,324.25,Horror
838,730,2,1.76,91682,166,2017,237.37,Drama
838,723,2,2.6,72422,158,2001,101.29,Horror
838,288,1,6.04,9779,155,2025,498.07,Horror
838,210,2,1.12,78391,171,2014,333.89,Sci-Fi
838,302,1,9.9,2104,155,2015,496.71,Action
838,453,5,4.75,85047,148,2012,230.66,Action
838,14,5,3.85,87855,82,2019,165.71,Drama
838,192,2,4.69,95544,180,2024,146.0,Action
838,587,1,1.65,98381,165,2009,467.62,Drama
838,241,1,1.7,33378,98,2004,176.64,Action
838,283,1,9.25,81511,101,2018,427.32,Action
838,799,5,9.47,49315,124,2019,332.13,Comedy
838,301,5,3.93,69620,165,2013,483.47,Horror
838,1000,1,1.05,54257,129,2007,363.36,Sci-Fi
838,508,1,4.84,42748,96,2003,306.23,Sci-Fi
838,875,2,8.37,15013,135,2012,181.81,Action
839,866,1,5.96,30418,178,2015,213.55,Drama
839,618,4,2.15,24619,163,2024,24.27,Action
839,954,2,6.71,40191,137,2020,133.07,Comedy
839,105,1,8.73,76162,147,2021,138.89,Comedy
839,353,4,6.72,27067,139,2016,172.24,Sci-Fi
840,166,4,2.83,912,139,2004,359.99,Comedy
840,967,3,9.2,44094,134,2000,293.17,Drama
840,854,3,2.14,25103,175,2018,363.58,Sci-Fi
840,295,3,6.86,80982,139,2001,394.12,Action
840,808,5,7.05,23281,134,2019,311.76,Comedy
840,153,3,2.83,43032,174,2009,218.68,Horror
840,853,1,9.06,31021,140,2011,470.64,Sci-Fi
841,666,3,6.86,59527,80,2013,164.19,Drama
841,316,3,3.33,58946,159,2020,30.68,Horror
841,299,5,1.44,7264,141,2008,104.78,Drama
841,366,2,5.02,45869,173,2002,446.23,Action
841,447,5,4.62,46222,125,2014,357.93,Action
841,283,2,9.25,81511,101,2018,427.32,Action
841,145,5,9.76,30786,108,2012,435.86,Action
841,939,5,6.99,46882,153,2023,272.52,Horror
841,88,3,9.53,11883,178,2016,153.49,Action
841,683,5,9.2,1211,100,2021,461.46,Comedy
841,593,5,4.11,17141,171,2013,27.47,Sci-Fi
841,74,4,3.26,91915,148,2011,169.31,Sci-Fi
841,323,1,2.96,73333,120,2020,433.16,Drama
841,600,1,7.22,98609,140,2004,369.68,Drama
841,834,5,8.67,54291,92,2021,100.9,Horror
841,920,5,6.59,95905,116,2024,446.71,Horror
841,471,1,7.99,30085,146,2014,166.01,Horror
841,997,5,9.38,45004,167,2019,423.27,Sci-Fi
841,639,2,9.24,26069,114,2025,431.25,Horror
841,326,1,5.09,3775,153,2005,315.78,Drama
842,253,4,3.19,48607,161,2005,480.77,Horror
842,181,1,3.8,92597,167,2004,10.55,Sci-Fi
842,136,5,3.76,14002,124,2012,209.37,Horror
842,360,1,2.11,51949,174,2019,419.99,Comedy
842,565,1,4.9,3488,93,2025,179.93,Sci-Fi
842,475,1,2.83,7034,93,2019,481.66,Horror
842,762,2,4.43,95947,91,2025,266.09,Comedy
842,643,4,9.71,10431,88,2018,142.45,Horror
842,536,4,4.21,4145,106,2002,261.44,Drama
842,672,4,2.7,40024,148,2011,452.93,Drama
842,854,2,2.14,25103,175,2018,363.58,Sci-Fi
842,429,1,5.87,56039,95,2013,253.5,Sci-Fi
842,783,3,1.24,31737,160,2010,123.41,Comedy
842,439,1,6.1,26868,156,2023,229.31,Horror
842,585,1,2.85,11672,83,2001,77.16,Horror
842,209,5,3.21,14591,128,2025,454.02,Sci-Fi
842,86,4,8.59,23654,105,2010,341.58,Action
842,912,1,7.78,40795,118,2019,171.16,Drama
843,328,3,9.87,74905,147,2012,222.22,Sci-Fi
843,35,5,6.36,30140,157,2002,115.88,Action
843,284,5,1.24,4404,150,2011,95.24,Sci-Fi
843,575,1,1.84,43051,130,2012,171.28,Comedy
843,453,4,4.75,85047,148,2012,230.66,Action
843,662,5,7.44,96530,141,2009,177.54,Comedy
843,243,2,4.15,27887,163,2000,497.35,Comedy
843,188,5,5.79,42785,107,2012,229.32,Drama
843,924,4,8.08,38938,167,2000,38.8,Drama
843,220,5,5.14,6131,113,2016,137.22,Horror
843,70,1,3.19,90158,163,2023,183.97,Sci-Fi
843,242,2,7.68,17618,137,2016,233.71,Drama
843,176,3,4.46,33840,97,2016,37.6,Comedy
843,983,4,3.16,23207,85,2017,115.96,Comedy
843,446,4,8.08,6551,86,2020,191.82,Action
843,624,4,3.2,41552,153,2012,243.27,Horror
843,398,3,2.76,70800,98,2023,282.94,Comedy
843,402,5,8.44,7134,156,2016,263.41,Comedy
843,637,3,5.57,1380,113,2002,458.39,Horror
844,52,3,9.5,35105,123,2004,291.62,Action
844,145,2,9.76,30786,108,2012,435.86,Action
844,685,5,1.79,22019,157,2018,359.04,Comedy
844,866,5,5.96,30418,178,2015,213.55,Drama
844,782,2,4.64,70405,88,2002,59.36,Action
844,480,3,7.78,94156,162,2008,35.58,Drama
845,56,2,7.84,40133,111,2013,406.83,Drama
845,912,2,7.78,40795,118,2019,171.16,Drama
845,397,2,9.22,52584,167,2002,33.48,Horror
845,210,3,1.12,78391,171,2014,333.89,Sci-Fi
845,196,3,4.53,15059,132,2020,7.01,Horror
845,87,2,8.35,72060,124,2009,181.4,Horror
845,970,3,6.87,83003,180,2004,297.95,Sci-Fi
845,508,4,4.84,42748,96,2003,306.23,Sci-Fi
845,671,2,1.82,12733,143,2018,287.42,Horror
845,514,5,2.45,61762,171,2018,476.47,Action
845,158,3,8.22,4346,107,2002,449.08,Drama
845,184,2,1.6,10118,167,2012,26.61,Horror
845,690,3,6.01,40715,86,2025,19.86,Horror
845,527,1,4.63,51584,175,2021,162.1,Drama
845,592,5,6.0,65571,90,2014,410.55,Drama
845,280,4,7.51,53033,97,2016,303.32,Sci-Fi
845,532,3,7.05,17506,100,2018,211.6,Action
846,57,2,7.56,87413,93,2007,309.2,Action
846,295,3,6.86,80982,139,2001,394.12,Action
846,430,4,2.11,36875,83,2012,258.94,Action
846,931,5,5.27,48159,120,2019,301.15,Horror
846,791,2,6.39,59649,132,2023,470.8,Action
846,303,4,9.25,60116,98,2018,495.39,Drama
846,193,3,3.3,39372,147,2006,128.91,Horror
846,50,1,1.61,98674,177,2011,434.99,Action
846,415,2,5.8,70426,161,2002,146.88,Sci-Fi
846,554,5,2.8,89037,146,2004,450.94,Comedy
846,169,1,6.56,46778,162,2015,236.13,Drama
846,90,5,1.27,40203,160,2009,455.96,Action
846,858,5,6.33,53810,99,2000,213.14,Sci-Fi
846,992,1,1.69,8279,123,2002,306.26,Action
846,600,5,7.22,98609,140,2004,369.68,Drama
846,874,4,1.85,74870,164,2015,265.44,Horror
846,104,2,9.8,2553,110,2017,68.21,Action
846,719,5,5.4,24263,125,2003,170.92,Sci-Fi
847,705,5,6.14,81261,120,2016,86.04,Sci-Fi
847,635,5,3.17,17449,81,2017,431.16,Drama
847,692,3,6.79,46747,170,2003,79.31,Sci-Fi
847,71,1,1.12,66196,149,2018,182.55,Horror
847,790,4,9.04,1654,88,2006,92.66,Comedy
847,289,1,8.16,15005,127,2002,56.19,Drama
847,772,4,7.87,41799,83,2025,86.38,Drama
847,336,2,3.99,56385,148,2002,375.53,Sci-Fi
848,171,2,3.42,10857,137,2002,348.98,Comedy
848,600,5,7.22,98609,140,2004,369.68,Drama
848,549,4,7.37,17345,118,2011,447.54,Comedy
848,423,1,4.54,43044,101,2012,154.5,Horror
848,490,1,8.15,60011,115,2000,73.26,Sci-Fi
848,649,2,9.26,80946,127,2016,49.9,Comedy
848,905,4,1.53,22375,95,2009,373.34,Action
848,532,1,7.05,17506,100,2018,211.6,Action
848,25,3,4.03,68555,139,2021,344.84,Drama
849,669,1,8.27,74828,139,2020,76.19,Drama
849,895,1,2.74,82117,167,2002,498.92,Horror
849,743,2,9.45,53320,139,2011,320.58,Comedy
849,754,2,5.08,28794,118,2019,217.48,Horror
849,768,3,6.09,18329,109,2005,84.66,Comedy
849,17,3,5.97,12935,115,2001,494.22,Action
849,400,2,9.03,27328,124,2003,272.8,Comedy
849,450,3,8.4,92540,93,2004,350.68,Drama
849,678,5,8.04,93969,95,2000,90.65,Drama
849,643,5,9.71,10431,88,2018,142.45,Horror
849,82,1,1.17,80722,136,2006,204.9,Drama
849,845,5,9.21,61599,114,2011,135.05,Comedy
850,634,5,1.59,36019,176,2020,239.05,Comedy
850,375,2,8.8,16617,167,2009,159.29,Horror
850,115,4,1.77,77559,147,2006,365.07,Comedy
850,568,2,7.79,9589,128,2001,454.36,Drama
850,219,3,9.29,5861,148,2025,248.03,Action
850,938,2,1.86,45274,147,2008,394.49,Action
850,279,3,4.42,33539,119,2021,320.6,Horror
850,642,2,2.68,71839,137,2014,164.39,Comedy
850,374,5,5.33,83073,136,2009,37.19,Drama
850,52,3,9.5,35105,123,2004,291.62,Action
850,241,2,1.7,33378,98,2004,176.64,Action
851,813,1,4.19,17161,127,2019,116.49,Comedy
851,6,5,2.42,15530,84,2011,37.21,Comedy
851,859,5,3.4,29069,166,2000,239.74,Sci-Fi
851,193,5,3.3,39372,147,2006,128.91,Horror
851,191,1,3.28,81673,160,2005,372.45,Sci-Fi
851,686,4,5.91,17006,107,2017,151.41,Comedy
851,992,5,1.69,8279,123,2002,306.26,Action
851,602,2,4.2,84860,167,2017,124.1,Action
851,117,1,8.26,40757,161,2020,268.46,Action
851,29,1,1.84,31448,95,2023,366.31,Horror
851,725,4,5.75,2501,169,2002,319.52,Sci-Fi
851,628,5,5.14,17014,90,2022,206.62,Sci-Fi
851,999,4,8.28,84936,85,2018,272.14,Action
851,360,3,2.11,51949,174,2019,419.99,Comedy
851,82,1,1.17,80722,136,2006,204.9,Drama
851,308,4,4.09,90928,135,2011,484.1,Comedy
851,903,3,1.94,81926,135,2005,421.75,Sci-Fi
852,208,5,2.69,60937,139,2023,220.15,Drama
852,452,3,5.2,85817,165,2007,491.24,Sci-Fi
852,143,4,9.16,86016,98,2024,375.78,Sci-Fi
852,429,2,5.87,56039,95,2013,253.5,Sci-Fi
852,444,4,1.42,26408,118,2025,69.18,Sci-Fi
852,367,1,3.09,90522,145,2012,170.67,Horror
852,737,2,5.21,84487,105,2005,118.14,Comedy
852,640,5,7.69,72540,97,2019,398.94,Action
852,752,1,5.55,73479,178,2010,416.1,Action
852,360,4,2.11,51949,174,2019,419.99,Comedy
853,894,4,3.87,83376,82,2008,480.08,Action
853,663,2,2.24,90467,147,2016,410.22,Drama
853,551,2,2.74,68494,133,2013,175.16,Action
853,6,5,2.42,15530,84,2011,37.21,Comedy
853,592,3,6.0,65571,90,2014,410.55,Drama
853,872,4,7.64,27488,121,2011,128.35,Sci-Fi
853,579,3,8.16,48731,154,2015,445.64,Drama
853,796,2,7.09,55245,129,2024,67.12,Horror
853,37,1,3.79,32335,109,2021,296.45,Drama
853,294,3,3.06,41792,123,2024,13.12,Comedy
853,246,3,7.3,82488,100,2020,415.61,Drama
853,762,3,4.43,95947,91,2025,266.09,Comedy
853,861,4,1.24,78417,97,2001,270.55,Action
853,72,2,2.36,73204,135,2012,70.55,Horror
853,510,4,8.95,25384,83,2023,69.73,Comedy
853,402,4,8.44,7134,156,2016,263.41,Comedy
853,449,4,5.48,59019,154,2023,170.66,Horror
853,823,3,2.18,43954,94,2001,418.85,Sci-Fi
854,638,2,9.88,47522,129,2006,151.73,Comedy
854,996,4,7.17,42251,177,2010,166.47,Sci-Fi
854,734,4,2.4,84384,100,2007,99.23,Action
854,829,2,8.73,97987,103,2008,153.07,Sci-Fi
854,809,3,9.96,68074,94,2019,377.72,Drama
854,230,1,1.28,71253,153,2015,398.36,Drama
854,789,2,1.91,60846,172,2004,159.97,Horror
854,133,4,7.37,97865,130,2001,262.76,Sci-Fi
854,819,1,1.72,85411,91,2017,157.9,Sci-Fi
854,270,1,1.06,63500,110,2019,307.45,Comedy
854,640,3,7.69,72540,97,2019,398.94,Action
854,616,2,8.04,84094,138,2021,477.08,Comedy
854,589,2,8.47,79861,120,2024,256.43,Sci-Fi
854,29,1,1.84,31448,95,2023,366.31,Horror
854,362,4,3.21,88480,80,2015,479.86,Drama
855,249,1,6.63,23671,132,2009,280.56,Comedy
855,795,3,1.16,44081,137,2009,305.77,Action
855,142,3,5.21,45471,129,2018,295.35,Action
855,997,1,9.38,45004,167,2019,423.27,Sci-Fi
855,534,2,9.22,29740,98,2013,129.47,Drama
855,915,1,8.72,18791,156,2024,397.31,Drama
855,380,5,9.48,4242,152,2007,30.0,Drama
855,694,5,1.06,73142,168,2021,313.93,Horror
855,145,4,9.76,30786,108,2012,435.86,Action
855,707,1,2.68,70948,95,2000,364.15,Comedy
855,562,2,1.58,17100,131,2012,43.32,Action
855,311,5,7.15,39798,91,2022,224.9,Comedy
855,433,5,2.53,65278,138,2019,121.69,Comedy
855,413,4,4.66,93265,156,2020,449.83,Sci-Fi
855,189,3,2.47,24141,158,2023,176.27,Comedy
856,188,1,5.79,42785,107,2012,229.32,Drama
856,134,4,6.29,50767,134,2010,393.46,Drama
856,590,1,7.58,43288,117,2019,44.25,Drama
856,812,4,8.43,56127,131,2008,146.46,Horror
856,955,2,6.51,20594,178,2023,106.79,Sci-Fi
856,316,1,3.33,58946,159,2020,30.68,Horror
857,488,2,2.22,53472,123,2024,160.58,Action
857,236,5,6.31,26562,136,2018,371.21,Sci-Fi
857,217,1,7.06,66917,96,2016,434.09,Comedy
857,507,5,4.68,67944,81,2025,429.68,Sci-Fi
857,360,3,2.11,51949,174,2019,419.99,Comedy
857,201,2,4.5,86095,129,2017,477.93,Sci-Fi
857,891,4,5.56,57951,160,2018,149.83,Action
857,415,4,5.8,70426,161,2002,146.88,Sci-Fi
857,881,1,8.72,22888,114,2015,257.8,Horror
858,629,5,2.92,25536,86,2006,38.19,Drama
858,179,1,2.68,80168,163,2000,15.4,Sci-Fi
858,414,2,4.99,99295,112,2024,488.92,Drama
858,324,3,6.6,31955,124,2018,31.98,Action
858,495,5,8.81,6533,100,2021,78.71,Comedy
858,106,1,6.46,96903,156,2024,443.8,Action
858,859,5,3.4,29069,166,2000,239.74,Sci-Fi
858,822,1,5.99,68188,172,2025,239.07,Comedy
858,38,1,8.86,24712,151,2003,461.24,Action
858,690,5,6.01,40715,86,2025,19.86,Horror
858,47,4,9.96,63782,175,2021,397.34,Action
858,706,4,5.66,94977,89,2013,470.36,Horror
858,503,3,9.19,39995,120,2016,462.55,Comedy
858,144,2,9.05,60297,99,2003,475.81,Horror
858,250,4,4.54,3706,140,2010,138.55,Action
858,232,2,5.07,37648,97,2012,416.63,Sci-Fi
858,765,1,1.22,42188,174,2013,234.53,Horror
858,380,1,9.48,4242,152,2007,30.0,Drama
858,112,3,8.58,42298,145,2024,255.56,Horror
858,363,2,5.74,10936,118,2019,498.35,Drama
859,948,4,7.35,33766,158,2025,53.46,Sci-Fi
859,889,3,1.18,81276,123,2020,469.33,Action
859,8,1,5.75,18558,176,2004,113.77,Sci-Fi
859,331,4,5.81,64265,92,2004,277.0,Comedy
859,796,3,7.09,55245,129,2024,67.12,Horror
859,48,4,7.57,12482,176,2013,254.76,Sci-Fi
859,753,1,4.98,88366,136,2002,270.63,Horror
859,629,1,2.92,25536,86,2006,38.19,Drama
859,744,4,7.7,30842,173,2013,490.92,Horror
860,794,1,1.69,79594,178,2015,309.73,Drama
860,817,5,2.4,91802,140,2006,470.97,Sci-Fi
860,929,5,2.64,61077,150,2024,354.93,Drama
860,977,3,1.2,8624,158,2012,17.31,Comedy
860,985,3,3.33,36786,156,2000,268.77,Comedy
860,5,3,2.32,79798,120,2016,12.73,Drama
860,546,2,9.88,72294,168,2011,20.67,Drama
860,464,4,2.98,85928,178,2023,356.33,Action
860,145,4,9.76,30786,108,2012,435.86,Action
860,676,5,3.26,10833,108,2008,414.41,Sci-Fi
860,511,1,5.35,16669,159,2000,127.75,Horror
860,219,1,9.29,5861,148,2025,248.03,Action
860,989,3,3.55,2095,95,2023,189.17,Horror
861,335,3,6.8,73279,173,2004,101.29,Action
861,554,1,2.8,89037,146,2004,450.94,Comedy
861,873,5,1.23,51620,156,2003,452.06,Action
861,604,2,7.14,98508,137,2016,338.97,Drama
861,634,1,1.59,36019,176,2020,239.05,Comedy
861,912,5,7.78,40795,118,2019,171.16,Drama
861,476,4,6.41,74520,151,2014,269.98,Comedy
861,789,4,1.91,60846,172,2004,159.97,Horror
861,569,3,5.28,80792,104,2008,20.41,Drama
861,844,1,4.51,31995,137,2023,16.2,Drama
861,810,2,6.74,92177,102,2006,8.07,Action
862,613,1,7.73,74123,172,2009,285.11,Horror
862,658,3,5.48,72956,137,2012,490.73,Comedy
862,585,5,2.85,11672,83,2001,77.16,Horror
862,268,4,6.05,91815,120,2019,22.36,Comedy
862,932,1,5.09,55874,130,2023,80.27,Sci-Fi
862,604,1,7.14,98508,137,2016,338.97,Drama
863,475,3,2.83,7034,93,2019,481.66,Horror
863,525,2,4.03,40334,118,2001,363.22,Action
863,482,2,3.33,82227,171,2001,201.49,Sci-Fi
863,922,2,8.42,89513,139,2014,395.33,Sci-Fi
863,111,4,1.16,95508,117,2005,451.54,Action
863,349,3,9.49,7838,96,2014,473.2,Sci-Fi
864,740,2,6.21,8833,119,2016,10.08,Sci-Fi
864,260,1,5.4,71909,102,2024,113.42,Comedy
864,867,3,9.84,60774,97,2000,379.63,Horror
864,315,5,1.1,32606,136,2023,277.41,Sci-Fi
864,903,5,1.94,81926,135,2005,421.75,Sci-Fi
864,591,3,2.2,56670,170,2009,363.39,Drama
864,15,1,2.7,50047,137,2000,141.61,Sci-Fi
864,554,5,2.8,89037,146,2004,450.94,Comedy
864,108,5,3.76,50110,107,2006,308.63,Comedy
864,972,4,4.82,99936,122,2008,121.31,Sci-Fi
864,670,4,7.18,64496,122,2019,408.96,Drama
864,244,5,8.36,81392,178,2003,289.85,Horror
864,615,2,5.52,10735,160,2012,6.13,Horror
864,586,1,5.71,39977,170,2015,371.14,Comedy
864,900,2,1.78,6123,172,2015,76.37,Horror
864,278,1,8.77,1239,119,2006,286.72,Action
864,69,3,9.98,70228,143,2020,77.72,Horror
864,196,1,4.53,15059,132,2020,7.01,Horror
865,414,1,4.99,99295,112,2024,488.92,Drama
865,239,1,8.65,18205,176,2009,88.13,Horror
865,952,2,2.24,14941,151,2000,213.77,Comedy
865,546,4,9.88,72294,168,2011,20.67,Drama
865,1,2,8.9,50325,127,2016,332.62,Horror
865,793,5,7.83,10542,177,2012,482.9,Action
865,808,2,7.05,23281,134,2019,311.76,Comedy
865,281,3,8.97,95657,94,2025,488.23,Horror
865,35,1,6.36,30140,157,2002,115.88,Action
865,474,4,6.72,44352,124,2023,464.66,Drama
865,904,5,6.3,2322,147,2017,180.08,Action
865,131,3,9.46,35844,151,2000,314.03,Drama
865,764,4,5.68,64108,155,2004,474.48,Action
865,814,2,5.77,1945,103,2005,69.34,Drama
865,862,1,8.6,54386,162,2014,4.9,Drama
865,310,5,7.61,61088,114,2002,451.46,Sci-Fi
866,87,1,8.35,72060,124,2009,181.4,Horror
866,485,5,2.45,42515,100,2015,150.04,Comedy
866,329,5,8.95,54412,129,2000,92.94,Sci-Fi
866,683,3,9.2,1211,100,2021,461.46,Comedy
866,289,3,8.16,15005,127,2002,56.19,Drama
866,759,5,6.36,99083,176,2003,378.71,Comedy
866,871,2,3.01,82326,142,2015,267.58,Drama
866,239,4,8.65,18205,176,2009,88.13,Horror
866,453,5,4.75,85047,148,2012,230.66,Action
866,408,3,7.08,38067,123,2011,200.19,Sci-Fi
866,394,3,9.61,81472,156,2005,103.05,Comedy
866,34,5,1.94,93098,176,2011,391.48,Horror
866,109,4,7.98,92174,136,2005,28.71,Sci-Fi
866,834,1,8.67,54291,92,2021,100.9,Horror
866,225,2,3.27,53496,173,2020,261.7,Comedy
866,850,4,9.11,36762,151,2022,196.11,Drama
866,613,3,7.73,74123,172,2009,285.11,Horror
867,374,2,5.33,83073,136,2009,37.19,Drama
867,49,2,7.79,6744,172,2010,167.94,Sci-Fi
867,408,3,7.08,38067,123,2011,200.19,Sci-Fi
867,827,3,4.94,91022,163,2003,185.23,Comedy
867,748,3,8.77,36521,95,2009,446.46,Sci-Fi
867,535,2,1.38,99982,139,2020,420.54,Sci-Fi
867,575,4,1.84,43051,130,2012,171.28,Comedy
867,709,5,1.75,50969,170,2005,397.32,Comedy
867,158,5,8.22,4346,107,2002,449.08,Drama
867,531,3,6.18,56109,161,2010,198.33,Drama
867,506,2,3.31,66681,143,2005,122.63,Action
867,538,4,7.53,30148,114,2020,114.76,Comedy
867,643,1,9.71,10431,88,2018,142.45,Horror
868,240,5,5.51,11885,168,2011,429.9,Sci-Fi
868,992,5,1.69,8279,123,2002,306.26,Action
868,779,3,5.36,51438,88,2003,163.55,Comedy
868,664,4,4.57,95853,95,2000,421.63,Action
868,269,2,5.97,87306,163,2013,94.78,Comedy
868,127,3,4.68,85641,101,2025,291.73,Horror
868,539,4,7.02,92906,158,2019,318.63,Sci-Fi
868,145,4,9.76,30786,108,2012,435.86,Action
869,984,1,3.31,32539,144,2014,276.9,Comedy
869,36,5,7.29,58229,112,2009,151.09,Sci-Fi
869,289,1,8.16,15005,127,2002,56.19,Drama
869,991,2,6.38,93745,95,2022,121.14,Comedy
869,362,2,3.21,88480,80,2015,479.86,Drama
869,535,2,1.38,99982,139,2020,420.54,Sci-Fi
869,213,3,9.87,43394,93,2015,56.13,Action
869,21,1,8.77,91672,120,2010,9.71,Drama
869,349,3,9.49,7838,96,2014,473.2,Sci-Fi
869,786,3,5.98,85209,111,2001,331.63,Action
869,620,4,1.09,43077,168,2002,398.58,Action
869,195,2,9.01,70167,90,2003,232.83,Comedy
869,412,1,3.28,41093,161,2009,19.66,Horror
869,420,3,3.92,87954,144,2006,387.48,Drama
870,978,3,9.93,23235,175,2015,460.74,Sci-Fi
870,748,1,8.77,36521,95,2009,446.46,Sci-Fi
870,309,3,2.82,72774,174,2016,61.07,Sci-Fi
870,369,1,9.69,63113,173,2011,128.78,Horror
870,57,2,7.56,87413,93,2007,309.2,Action
870,589,3,8.47,79861,120,2024,256.43,Sci-Fi
870,80,1,9.63,57833,100,2017,116.87,Comedy
870,158,4,8.22,4346,107,2002,449.08,Drama
870,702,5,6.32,42434,107,2023,97.37,Drama
870,517,2,3.92,47511,179,2000,303.48,Comedy
870,268,5,6.05,91815,120,2019,22.36,Comedy
870,419,5,1.15,99453,80,2011,182.7,Action
870,204,5,2.92,2495,120,2002,290.58,Sci-Fi
871,538,2,7.53,30148,114,2020,114.76,Comedy
871,891,1,5.56,57951,160,2018,149.83,Action
871,70,5,3.19,90158,163,2023,183.97,Sci-Fi
871,408,2,7.08,38067,123,2011,200.19,Sci-Fi
871,899,5,2.65,5209,105,2023,280.34,Comedy
871,502,1,6.4,74976,136,2007,210.11,Comedy
871,880,2,5.08,14236,166,2020,164.15,Horror
871,281,2,8.97,95657,94,2025,488.23,Horror
871,109,2,7.98,92174,136,2005,28.71,Sci-Fi
871,777,4,6.96,56048,156,2017,3.23,Action
872,234,3,7.93,68179,133,2025,179.42,Comedy
872,401,2,9.6,49419,100,2003,460.68,Action
872,16,1,1.79,79126,83,2002,411.19,Sci-Fi
872,967,4,9.2,44094,134,2000,293.17,Drama
872,458,4,6.05,71201,123,2013,162.74,Horror
872,375,2,8.8,16617,167,2009,159.29,Horror
872,225,3,3.27,53496,173,2020,261.7,Comedy
872,216,1,5.4,37078,119,2018,336.44,Comedy
872,471,4,7.99,30085,146,2014,166.01,Horror
872,356,1,5.45,87246,128,2001,273.29,Horror
872,89,2,3.22,22791,112,2004,446.59,Horror
872,453,4,4.75,85047,148,2012,230.66,Action
872,850,2,9.11,36762,151,2022,196.11,Drama
873,200,2,3.82,90946,107,2006,111.99,Drama
873,522,3,6.44,11859,145,2022,70.66,Comedy
873,277,4,8.36,93504,89,2024,302.8,Comedy
873,746,2,8.82,81051,114,2004,283.12,Sci-Fi
873,996,3,7.17,42251,177,2010,166.47,Sci-Fi
873,959,3,9.89,822,113,2024,484.94,Action
873,112,3,8.58,42298,145,2024,255.56,Horror
873,161,3,8.08,27281,81,2009,478.36,Action
873,845,3,9.21,61599,114,2011,135.05,Comedy
873,229,2,6.48,56113,140,2006,289.67,Action
873,799,1,9.47,49315,124,2019,332.13,Comedy
873,312,2,9.75,44565,114,2021,309.8,Sci-Fi
873,141,1,9.05,6761,112,2016,375.22,Action
873,81,5,1.66,99147,101,2005,271.88,Drama
873,247,1,5.01,52072,116,2001,189.93,Action
873,634,5,1.59,36019,176,2020,239.05,Comedy
873,570,3,1.08,11746,102,2012,338.45,Sci-Fi
873,239,5,8.65,18205,176,2009,88.13,Horror
873,495,2,8.81,6533,100,2021,78.71,Comedy
874,683,3,9.2,1211,100,2021,461.46,Comedy
874,111,2,1.16,95508,117,2005,451.54,Action
874,296,2,3.27,38068,127,2015,327.52,Action
874,76,4,5.78,39297,169,2014,59.12,Horror
874,941,4,6.69,41364,121,2002,120.68,Horror
874,648,4,8.4,73521,98,2014,446.14,Comedy
875,920,4,6.59,95905,116,2024,446.71,Horror
875,453,5,4.75,85047,148,2012,230.66,Action
875,468,3,5.48,47993,148,2022,124.79,Horror
875,204,1,2.92,2495,120,2002,290.58,Sci-Fi
875,512,1,7.51,64447,164,2017,468.67,Drama
875,42,2,3.36,15816,100,2015,385.27,Action
876,35,4,6.36,30140,157,2002,115.88,Action
876,412,1,3.28,41093,161,2009,19.66,Horror
876,402,5,8.44,7134,156,2016,263.41,Comedy
876,348,5,8.25,74900,107,2016,249.14,Drama
876,483,5,9.11,71533,177,2010,150.06,Drama
877,617,1,1.11,20931,87,2000,352.44,Horror
877,499,5,5.27,84037,170,2018,328.66,Comedy
877,661,2,6.58,57205,80,2025,97.86,Horror
877,191,5,3.28,81673,160,2005,372.45,Sci-Fi
877,184,2,1.6,10118,167,2012,26.61,Horror
877,442,1,5.96,46466,170,2022,317.54,Horror
877,172,2,1.33,23479,141,2025,21.85,Sci-Fi
877,91,2,2.36,32471,100,2025,97.26,Horror
877,817,1,2.4,91802,140,2006,470.97,Sci-Fi
877,380,5,9.48,4242,152,2007,30.0,Drama
877,726,3,7.04,97921,158,2012,29.31,Action
877,607,4,2.75,23737,148,2015,10.39,Comedy
877,992,1,1.69,8279,123,2002,306.26,Action
878,945,5,2.05,23226,85,2014,369.52,Sci-Fi
878,76,2,5.78,39297,169,2014,59.12,Horror
878,670,5,7.18,64496,122,2019,408.96,Drama
878,28,4,9.47,49524,150,2022,37.47,Sci-Fi
878,411,1,3.36,59097,154,2012,68.32,Comedy
878,31,2,3.96,19834,118,2016,495.64,Action
878,600,2,7.22,98609,140,2004,369.68,Drama
878,235,3,4.69,13489,98,2025,31.94,Action
878,101,4,2.47,93064,80,2001,115.52,Drama
878,599,5,7.07,78511,167,2023,31.42,Sci-Fi
878,361,4,2.98,36499,160,2010,127.14,Action
878,142,1,5.21,45471,129,2018,295.35,Action
879,297,4,3.31,61997,155,2010,446.15,Horror
879,355,1,3.39,714,103,2012,413.83,Action
879,792,3,4.64,3756,82,2005,296.37,Sci-Fi
879,167,4,3.62,96326,116,2019,426.05,Drama
879,369,1,9.69,63113,173,2011,128.78,Horror
879,460,5,4.41,55921,174,2019,123.11,Comedy
879,583,5,9.97,40723,177,2008,268.01,Drama
880,761,3,7.47,26346,113,2016,332.03,Horror
880,279,1,4.42,33539,119,2021,320.6,Horror
880,741,5,6.24,18207,152,2000,323.25,Drama
880,238,4,5.89,83992,180,2022,8.94,Drama
880,515,2,4.55,13864,173,2010,74.73,Horror
880,277,5,8.36,93504,89,2024,302.8,Comedy
880,805,1,6.79,35610,99,2020,499.68,Action
880,726,3,7.04,97921,158,2012,29.31,Action
880,833,5,9.64,89226,83,2018,438.4,Sci-Fi
880,509,2,9.2,38901,127,2015,151.15,Drama
880,200,4,3.82,90946,107,2006,111.99,Drama
880,142,5,5.21,45471,129,2018,295.35,Action
880,530,2,6.61,64206,170,2004,175.97,Action
880,748,4,8.77,36521,95,2009,446.46,Sci-Fi
881,964,5,7.36,66769,142,2001,313.57,Horror
881,959,3,9.89,822,113,2024,484.94,Action
881,519,4,2.54,16335,126,2000,207.51,Drama
881,785,4,1.42,88806,96,2007,70.11,Comedy
881,208,4,2.69,60937,139,2023,220.15,Drama
881,492,3,5.37,49812,96,2024,298.23,Horror
881,941,1,6.69,41364,121,2002,120.68,Horror
881,707,4,2.68,70948,95,2000,364.15,Comedy
881,822,1,5.99,68188,172,2025,239.07,Comedy
881,578,3,2.68,15228,113,2006,287.88,Horror
881,298,4,7.78,38539,165,2015,291.77,Comedy
881,998,2,7.16,44459,107,2008,298.06,Action
881,156,3,3.14,53338,84,2001,288.87,Drama
881,120,1,3.19,75376,138,2001,408.56,Sci-Fi
881,799,1,9.47,49315,124,2019,332.13,Comedy
881,720,3,3.35,3362,87,2016,276.99,Drama
881,907,2,3.67,44489,134,2018,242.36,Sci-Fi
881,457,3,2.41,64071,111,2010,55.8,Action
882,110,1,6.9,44047,102,2005,441.28,Sci-Fi
882,97,3,6.55,43732,143,2003,233.6,Comedy
882,422,2,6.58,77203,178,2012,10.38,Horror
882,292,3,8.56,88144,155,2015,17.06,Sci-Fi
882,115,4,1.77,77559,147,2006,365.07,Comedy
882,685,1,1.79,22019,157,2018,359.04,Comedy
882,894,3,3.87,83376,82,2008,480.08,Action
882,709,5,1.75,50969,170,2005,397.32,Comedy
883,122,4,3.46,36870,132,2011,499.47,Action
883,836,2,7.12,27441,162,2006,284.32,Sci-Fi
883,392,1,4.42,25874,174,2016,14.14,Comedy
883,244,3,8.36,81392,178,2003,289.85,Horror
883,902,3,3.38,24483,101,2019,82.65,Drama
883,363,1,5.74,10936,118,2019,498.35,Drama
883,709,1,1.75,50969,170,2005,397.32,Comedy
883,46,1,7.67,91008,92,2002,477.3,Action
883,21,1,8.77,91672,120,2010,9.71,Drama
883,668,4,3.14,24072,81,2018,258.19,Drama
883,390,5,9.22,91305,118,2020,59.42,Sci-Fi
883,962,3,4.78,92837,123,2007,345.0,Action
883,908,4,4.44,88574,99,2002,52.23,Sci-Fi
883,43,2,5.91,86088,102,2012,123.05,Horror
883,271,3,2.31,52133,119,2001,461.05,Drama
883,83,3,9.0,45454,173,2017,113.02,Sci-Fi
883,509,4,9.2,38901,127,2015,151.15,Drama
883,826,2,6.73,3290,164,2016,290.45,Horror
884,338,4,1.33,82969,88,2004,94.46,Comedy
884,107,2,9.07,57679,151,2018,180.76,Comedy
884,860,3,5.62,87466,138,2016,108.45,Horror
884,719,1,5.4,24263,125,2003,170.92,Sci-Fi
884,926,4,6.39,99087,114,2006,284.67,Drama
884,498,4,2.82,55173,109,2003,401.26,Sci-Fi
884,701,4,9.07,4375,147,2012,480.64,Action
884,618,1,2.15,24619,163,2024,24.27,Action
884,879,5,9.51,4225,170,2022,149.09,Comedy
884,633,1,5.7,71329,123,2024,448.39,Horror
884,803,1,3.46,87977,139,2010,34.27,Horror
884,346,1,4.28,45275,90,2023,58.72,Sci-Fi
884,757,2,1.78,79722,81,2016,125.35,Action
884,927,5,3.23,26566,147,2025,311.01,Comedy
884,617,5,1.11,20931,87,2000,352.44,Horror
885,176,3,4.46,33840,97,2016,37.6,Comedy
885,164,2,9.82,85832,179,2023,426.46,Horror
885,420,3,3.92,87954,144,2006,387.48,Drama
885,270,4,1.06,63500,110,2019,307.45,Comedy
885,132,5,5.7,50657,135,2016,423.62,Comedy
885,537,1,8.77,88973,136,2019,460.87,Comedy
885,313,2,4.52,70842,89,2015,82.29,Drama
885,189,4,2.47,24141,158,2023,176.27,Comedy
885,783,5,1.24,31737,160,2010,123.41,Comedy
885,772,1,7.87,41799,83,2025,86.38,Drama
885,874,5,1.85,74870,164,2015,265.44,Horror
885,367,3,3.09,90522,145,2012,170.67,Horror
885,649,1,9.26,80946,127,2016,49.9,Comedy
885,434,3,4.37,18704,139,2014,412.15,Horror
885,371,3,7.39,96838,101,2019,357.44,Sci-Fi
885,141,5,9.05,6761,112,2016,375.22,Action
885,104,5,9.8,2553,110,2017,68.21,Action
885,899,4,2.65,5209,105,2023,280.34,Comedy
886,446,3,8.08,6551,86,2020,191.82,Action
886,225,5,3.27,53496,173,2020,261.7,Comedy
886,164,3,9.82,85832,179,2023,426.46,Horror
886,254,2,9.87,83211,96,2010,124.67,Horror
886,816,3,7.94,40594,165,2009,49.88,Action
887,595,1,3.88,14438,130,2015,424.95,Horror
887,110,1,6.9,44047,102,2005,441.28,Sci-Fi
887,76,3,5.78,39297,169,2014,59.12,Horror
887,688,2,8.08,66761,177,2016,257.66,Action
887,351,3,3.66,45541,83,2008,402.94,Comedy
887,692,2,6.79,46747,170,2003,79.31,Sci-Fi
887,391,5,8.09,88110,113,2017,166.22,Action
887,468,4,5.48,47993,148,2022,124.79,Horror
887,52,5,9.5,35105,123,2004,291.62,Action
887,718,4,2.52,41871,103,2006,162.38,Drama
887,714,4,4.85,52167,177,2009,411.4,Action
887,517,2,3.92,47511,179,2000,303.48,Comedy
887,243,5,4.15,27887,163,2000,497.35,Comedy
887,73,2,2.77,77415,110,2003,181.86,Comedy
887,28,5,9.47,49524,150,2022,37.47,Sci-Fi
887,856,1,1.57,45832,110,2000,241.71,Comedy
887,492,1,5.37,49812,96,2024,298.23,Horror
887,953,3,4.19,92588,170,2001,232.49,Sci-Fi
887,223,3,3.85,57509,166,2013,246.16,Horror
887,677,4,6.88,43538,175,2014,81.17,Action
888,513,5,6.61,61767,131,2000,136.1,Comedy
888,959,5,9.89,822,113,2024,484.94,Action
888,913,3,2.82,61811,138,2023,482.49,Horror
888,354,4,9.77,10261,138,2004,279.66,Comedy
888,119,3,5.16,55001,132,2018,449.76,Drama
888,185,2,7.79,89483,140,2002,65.44,Action
888,543,4,3.53,78712,121,2018,151.25,Action
888,660,5,4.42,28472,115,2011,49.74,Sci-Fi
888,654,4,8.44,10870,106,2023,5.23,Horror
888,460,4,4.41,55921,174,2019,123.11,Comedy
888,470,4,3.1,2082,142,2012,109.84,Action
888,106,5,6.46,96903,156,2024,443.8,Action
888,799,1,9.47,49315,124,2019,332.13,Comedy
888,785,3,1.42,88806,96,2007,70.11,Comedy
888,807,2,3.11,80643,89,2000,463.71,Action
888,442,3,5.96,46466,170,2022,317.54,Horror
888,325,4,2.8,65662,163,2020,365.16,Drama
889,301,1,3.93,69620,165,2013,483.47,Horror
889,213,2,9.87,43394,93,2015,56.13,Action
889,488,4,2.22,53472,123,2024,160.58,Action
889,550,5,4.42,2162,118,2024,428.65,Drama
889,109,4,7.98,92174,136,2005,28.71,Sci-Fi
889,128,4,1.19,18008,84,2017,488.75,Action
889,737,2,5.21,84487,105,2005,118.14,Comedy
889,325,2,2.8,65662,163,2020,365.16,Drama
889,948,4,7.35,33766,158,2025,53.46,Sci-Fi
889,55,5,9.79,18604,117,2012,118.49,Comedy
889,6,1,2.42,15530,84,2011,37.21,Comedy
890,129,1,4.21,91894,95,2022,469.44,Drama
890,986,1,9.95,50646,158,2017,440.95,Action
890,331,1,5.81,64265,92,2004,277.0,Comedy
890,68,1,5.07,84734,152,2006,413.9,Sci-Fi
890,805,2,6.79,35610,99,2020,499.68,Action
890,840,4,9.92,81743,116,2011,356.81,Action
890,888,3,2.16,64533,177,2008,276.93,Comedy
890,326,5,5.09,3775,153,2005,315.78,Drama
891,46,3,7.67,91008,92,2002,477.3,Action
891,824,3,2.17,20464,98,2003,103.02,Comedy
891,427,4,7.63,12062,103,2021,235.42,Drama
891,766,1,1.61,83972,148,2024,33.57,Action
891,290,1,6.65,57610,100,2023,317.18,Sci-Fi
891,2,4,2.72,79940,83,2019,181.28,Horror
891,648,2,8.4,73521,98,2014,446.14,Comedy
891,323,1,2.96,73333,120,2020,433.16,Drama
891,350,1,9.0,29125,91,2014,241.7,Horror
891,482,4,3.33,82227,171,2001,201.49,Sci-Fi
892,889,1,1.18,81276,123,2020,469.33,Action
892,85,4,2.29,328,123,2008,87.29,Drama
892,124,2,9.14,6101,86,2021,159.1,Drama
892,913,4,2.82,61811,138,2023,482.49,Horror
892,156,1,3.14,53338,84,2001,288.87,Drama
892,309,3,2.82,72774,174,2016,61.07,Sci-Fi
892,963,1,9.42,29251,139,2010,450.39,Action
892,375,1,8.8,16617,167,2009,159.29,Horror
892,317,1,1.26,47758,147,2000,491.31,Action
892,481,5,5.38,27157,121,2004,268.79,Drama
892,120,2,3.19,75376,138,2001,408.56,Sci-Fi
892,955,4,6.51,20594,178,2023,106.79,Sci-Fi
892,808,4,7.05,23281,134,2019,311.76,Comedy
892,409,2,3.94,76523,92,2009,439.75,Sci-Fi
892,597,3,4.03,87858,171,2022,98.28,Action
893,994,2,5.94,57188,119,2025,411.28,Horror
893,353,2,6.72,27067,139,2016,172.24,Sci-Fi
893,912,5,7.78,40795,118,2019,171.16,Drama
893,598,4,1.99,2634,81,2006,415.53,Sci-Fi
893,612,1,6.59,2854,166,2012,75.64,Sci-Fi
893,757,2,1.78,79722,81,2016,125.35,Action
893,540,3,6.81,20077,135,2023,72.08,Sci-Fi
893,18,4,4.04,13427,88,2005,442.32,Drama
893,731,1,1.68,90075,140,2010,472.1,Comedy
893,215,1,1.32,3654,169,2025,16.63,Drama
894,176,1,4.46,33840,97,2016,37.6,Comedy
894,263,2,1.24,20166,171,2012,60.33,Sci-Fi
894,14,2,3.85,87855,82,2019,165.71,Drama
894,471,4,7.99,30085,146,2014,166.01,Horror
894,701,4,9.07,4375,147,2012,480.64,Action
894,866,2,5.96,30418,178,2015,213.55,Drama
894,81,3,1.66,99147,101,2005,271.88,Drama
894,435,4,7.62,93493,113,2008,431.56,Action
894,735,2,8.23,97692,123,2024,165.03,Drama
894,275,3,9.93,19551,158,2001,265.96,Sci-Fi
894,694,2,1.06,73142,168,2021,313.93,Horror
894,615,3,5.52,10735,160,2012,6.13,Horror
894,787,2,1.23,43591,152,2002,206.56,Comedy
894,788,1,5.58,45119,102,2010,176.93,Action
894,101,3,2.47,93064,80,2001,115.52,Drama
894,994,4,5.94,57188,119,2025,411.28,Horror
894,443,1,3.95,11806,143,2008,428.8,Comedy
894,903,2,1.94,81926,135,2005,421.75,Sci-Fi
895,354,5,9.77,10261,138,2004,279.66,Comedy
895,879,2,9.51,4225,170,2022,149.09,Comedy
895,385,5,5.35,87970,124,2016,342.74,Horror
895,965,4,3.7,26025,146,2000,10.94,Sci-Fi
895,241,1,1.7,33378,98,2004,176.64,Action
895,889,5,1.18,81276,123,2020,469.33,Action
895,608,3,4.18,62105,148,2018,183.3,Comedy
895,423,1,4.54,43044,101,2012,154.5,Horror
895,816,4,7.94,40594,165,2009,49.88,Action
895,267,1,4.15,80297,128,2016,291.96,Drama
895,593,5,4.11,17141,171,2013,27.47,Sci-Fi
895,629,3,2.92,25536,86,2006,38.19,Drama
895,984,2,3.31,32539,144,2014,276.9,Comedy
895,96,5,7.66,28997,104,2007,134.27,Comedy
895,650,3,3.22,49269,89,2013,74.97,Action
895,924,3,8.08,38938,167,2000,38.8,Drama
895,833,1,9.64,89226,83,2018,438.4,Sci-Fi
895,743,3,9.45,53320,139,2011,320.58,Comedy
895,451,4,8.76,98049,146,2024,61.43,Sci-Fi
896,705,1,6.14,81261,120,2016,86.04,Sci-Fi
896,315,5,1.1,32606,136,2023,277.41,Sci-Fi
896,782,1,4.64,70405,88,2002,59.36,Action
896,236,5,6.31,26562,136,2018,371.21,Sci-Fi
896,855,2,4.31,36642,164,2009,135.3,Horror
896,541,3,4.11,31857,153,2021,210.57,Comedy
896,719,4,5.4,24263,125,2003,170.92,Sci-Fi
896,360,1,2.11,51949,174,2019,419.99,Comedy
897,48,2,7.57,12482,176,2013,254.76,Sci-Fi
897,118,3,2.66,26085,95,2014,446.75,Comedy
897,492,4,5.37,49812,96,2024,298.23,Horror
897,878,4,3.19,93967,84,2015,453.72,Sci-Fi
897,624,3,3.2,41552,153,2012,243.27,Horror
897,409,3,3.94,76523,92,2009,439.75,Sci-Fi
897,811,1,2.81,76982,80,2020,429.77,Comedy
897,82,5,1.17,80722,136,2006,204.9,Drama
897,429,3,5.87,56039,95,2013,253.5,Sci-Fi
897,737,1,5.21,84487,105,2005,118.14,Comedy
897,474,1,6.72,44352,124,2023,464.66,Drama
897,254,1,9.87,83211,96,2010,124.67,Horror
897,533,2,1.74,48058,138,2004,209.98,Action
897,778,2,6.5,59642,175,2005,479.96,Comedy
897,147,3,5.83,89198,86,2004,87.22,Drama
898,763,1,1.13,89973,172,2022,425.05,Drama
898,295,4,6.86,80982,139,2001,394.12,Action
898,433,3,2.53,65278,138,2019,121.69,Comedy
898,269,4,5.97,87306,163,2013,94.78,Comedy
898,330,2,1.62,50453,134,2011,368.22,Drama
899,825,5,6.24,12402,89,2021,65.47,Action
899,79,1,3.6,58314,106,2008,432.1,Horror
899,337,2,6.94,46776,87,2003,266.51,Horror
899,192,1,4.69,95544,180,2024,146.0,Action
899,478,2,7.33,79690,119,2013,227.92,Action
899,955,4,6.51,20594,178,2023,106.79,Sci-Fi
899,965,3,3.7,26025,146,2000,10.94,Sci-Fi
899,970,2,6.87,83003,180,2004,297.95,Sci-Fi
899,929,2,2.64,61077,150,2024,354.93,Drama
899,476,1,6.41,74520,151,2014,269.98,Comedy
899,178,2,5.37,23495,94,2019,424.66,Action
899,758,2,7.8,26077,125,2001,402.33,Horror
899,705,2,6.14,81261,120,2016,86.04,Sci-Fi
899,774,2,4.9,19363,103,2001,217.05,Horror
899,45,2,1.53,94599,104,2014,112.65,Horror
899,86,3,8.59,23654,105,2010,341.58,Action
899,133,2,7.37,97865,130,2001,262.76,Sci-Fi
899,838,4,8.35,81985,180,2012,4.02,Drama
899,482,3,3.33,82227,171,2001,201.49,Sci-Fi
899,51,5,4.71,26392,95,2018,389.54,Sci-Fi
900,725,4,5.75,2501,169,2002,319.52,Sci-Fi
900,795,5,1.16,44081,137,2009,305.77,Action
900,626,1,5.42,73753,134,2018,132.26,Drama
900,962,2,4.78,92837,123,2007,345.0,Action
900,480,5,7.78,94156,162,2008,35.58,Drama
900,704,4,4.77,85510,176,2013,330.46,Horror
900,652,3,1.86,90366,91,2005,157.31,Drama
900,312,4,9.75,44565,114,2021,309.8,Sci-Fi
900,994,3,5.94,57188,119,2025,411.28,Horror
900,272,4,3.95,47440,171,2007,191.98,Action
900,243,4,4.15,27887,163,2000,497.35,Comedy
900,299,1,1.44,7264,141,2008,104.78,Drama
900,244,1,8.36,81392,178,2003,289.85,Horror
900,220,2,5.14,6131,113,2016,137.22,Horror
900,936,4,7.47,23064,131,2000,184.33,Drama
900,984,3,3.31,32539,144,2014,276.9,Comedy
900,323,4,2.96,73333,120,2020,433.16,Drama
900,838,3,8.35,81985,180,2012,4.02,Drama
901,483,3,9.11,71533,177,2010,150.06,Drama
901,632,3,8.85,29726,169,2015,1.64,Action
901,133,3,7.37,97865,130,2001,262.76,Sci-Fi
901,364,2,7.76,79712,113,2011,382.93,Drama
901,70,3,3.19,90158,163,2023,183.97,Sci-Fi
901,72,2,2.36,73204,135,2012,70.55,Horror
901,608,3,4.18,62105,148,2018,183.3,Comedy
901,350,1,9.0,29125,91,2014,241.7,Horror
901,765,1,1.22,42188,174,2013,234.53,Horror
901,656,1,7.66,98777,97,2010,451.66,Action
901,831,5,6.34,52150,150,2012,3.52,Sci-Fi
901,761,2,7.47,26346,113,2016,332.03,Horror
901,548,2,8.2,20271,168,2006,375.9,Comedy
901,552,5,7.04,92587,151,2017,354.57,Sci-Fi
901,48,2,7.57,12482,176,2013,254.76,Sci-Fi
901,213,4,9.87,43394,93,2015,56.13,Action
901,910,5,9.02,85023,92,2018,219.63,Drama
901,413,2,4.66,93265,156,2020,449.83,Sci-Fi
902,722,4,1.99,59682,85,2007,469.31,Comedy
902,785,3,1.42,88806,96,2007,70.11,Comedy
902,420,4,3.92,87954,144,2006,387.48,Drama
902,117,3,8.26,40757,161,2020,268.46,Action
902,685,2,1.79,22019,157,2018,359.04,Comedy
902,863,3,9.54,94280,178,2012,40.81,Horror
902,169,2,6.56,46778,162,2015,236.13,Drama
902,33,1,7.52,87662,85,2011,64.04,Comedy
902,580,3,6.05,27680,81,2003,216.5,Comedy
902,234,4,7.93,68179,133,2025,179.42,Comedy
903,433,1,2.53,65278,138,2019,121.69,Comedy
903,666,3,6.86,59527,80,2013,164.19,Drama
903,521,3,8.21,62102,103,2018,67.46,Horror
903,21,5,8.77,91672,120,2010,9.71,Drama
903,794,2,1.69,79594,178,2015,309.73,Drama
903,850,3,9.11,36762,151,2022,196.11,Drama
903,870,1,7.6,16428,119,2011,8.27,Drama
903,668,3,3.14,24072,81,2018,258.19,Drama
903,882,2,7.18,48934,106,2022,379.27,Comedy
903,408,3,7.08,38067,123,2011,200.19,Sci-Fi
903,192,2,4.69,95544,180,2024,146.0,Action
904,549,2,7.37,17345,118,2011,447.54,Comedy
904,330,5,1.62,50453,134,2011,368.22,Drama
904,638,2,9.88,47522,129,2006,151.73,Comedy
904,817,4,2.4,91802,140,2006,470.97,Sci-Fi
904,498,1,2.82,55173,109,2003,401.26,Sci-Fi
904,938,4,1.86,45274,147,2008,394.49,Action
904,567,2,5.24,41558,144,2022,489.96,Horror
904,281,2,8.97,95657,94,2025,488.23,Horror
904,991,4,6.38,93745,95,2022,121.14,Comedy
904,616,3,8.04,84094,138,2021,477.08,Comedy
904,266,3,2.13,91066,151,2025,385.23,Action
904,748,5,8.77,36521,95,2009,446.46,Sci-Fi
904,359,3,6.96,27567,136,2007,66.16,Comedy
904,827,4,4.94,91022,163,2003,185.23,Comedy
904,31,1,3.96,19834,118,2016,495.64,Action
904,828,5,6.43,56744,163,2007,324.25,Horror
904,830,5,2.86,93154,86,2007,54.87,Horror
904,563,1,1.64,67428,95,2000,458.69,Sci-Fi
904,95,3,8.2,52317,138,2012,96.37,Sci-Fi
905,523,5,8.4,5989,107,2004,281.78,Action
905,245,2,7.74,63538,85,2018,361.44,Action
905,164,2,9.82,85832,179,2023,426.46,Horror
905,919,3,7.5,53999,107,2022,211.99,Drama
905,582,4,4.01,59881,142,2010,402.94,Action
905,515,3,4.55,13864,173,2010,74.73,Horror
905,730,4,1.76,91682,166,2017,237.37,Drama
905,456,1,6.3,42470,106,2015,15.1,Drama
905,758,5,7.8,26077,125,2001,402.33,Horror
905,977,4,1.2,8624,158,2012,17.31,Comedy
905,536,3,4.21,4145,106,2002,261.44,Drama
905,742,1,4.87,1175,99,2005,29.68,Horror
905,586,2,5.71,39977,170,2015,371.14,Comedy
905,95,2,8.2,52317,138,2012,96.37,Sci-Fi
905,335,5,6.8,73279,173,2004,101.29,Action
905,192,2,4.69,95544,180,2024,146.0,Action
905,768,3,6.09,18329,109,2005,84.66,Comedy
905,927,2,3.23,26566,147,2025,311.01,Comedy
906,995,5,4.33,93606,141,2006,155.54,Drama
906,427,1,7.63,12062,103,2021,235.42,Drama
906,408,5,7.08,38067,123,2011,200.19,Sci-Fi
906,609,3,6.41,7360,96,2005,81.26,Sci-Fi
906,410,1,1.99,76037,175,2005,121.71,Drama
906,391,4,8.09,88110,113,2017,166.22,Action
906,896,4,3.19,73721,178,2014,235.73,Drama
906,372,2,3.6,79355,160,2004,137.05,Sci-Fi
906,319,2,3.18,73807,104,2006,95.39,Drama
906,78,1,3.55,51420,95,2020,198.44,Horror
906,881,5,8.72,22888,114,2015,257.8,Horror
906,969,4,4.25,70855,102,2024,486.27,Horror
906,385,4,5.35,87970,124,2016,342.74,Horror
906,433,1,2.53,65278,138,2019,121.69,Comedy
906,761,5,7.47,26346,113,2016,332.03,Horror
906,997,2,9.38,45004,167,2019,423.27,Sci-Fi
906,197,5,1.45,3644,112,2001,125.16,Horror
907,227,1,7.08,39839,107,2000,189.71,Comedy
907,817,5,2.4,91802,140,2006,470.97,Sci-Fi
907,45,1,1.53,94599,104,2014,112.65,Horror
907,339,1,5.68,74820,104,2010,248.89,Sci-Fi
907,947,4,4.06,85728,176,2019,40.31,Sci-Fi
907,993,2,5.11,69113,139,2011,221.36,Drama
907,878,4,3.19,93967,84,2015,453.72,Sci-Fi
907,403,2,3.17,70883,151,2021,53.89,Action
907,829,3,8.73,97987,103,2008,153.07,Sci-Fi
907,498,4,2.82,55173,109,2003,401.26,Sci-Fi
908,891,2,5.56,57951,160,2018,149.83,Action
908,493,3,8.08,59731,99,2014,73.29,Drama
908,476,3,6.41,74520,151,2014,269.98,Comedy
908,431,4,8.8,13043,107,2012,295.7,Action
908,326,3,5.09,3775,153,2005,315.78,Drama
908,731,2,1.68,90075,140,2010,472.1,Comedy
908,560,5,2.3,12617,158,2014,325.81,Sci-Fi
908,817,3,2.4,91802,140,2006,470.97,Sci-Fi
908,932,4,5.09,55874,130,2023,80.27,Sci-Fi
908,283,5,9.25,81511,101,2018,427.32,Action
908,475,4,2.83,7034,93,2019,481.66,Horror
908,393,2,5.76,98306,124,2002,174.8,Horror
908,256,4,2.73,84742,137,2006,219.44,Drama
908,733,4,2.03,59930,178,2011,7.92,Horror
908,409,4,3.94,76523,92,2009,439.75,Sci-Fi
908,830,4,2.86,93154,86,2007,54.87,Horror
908,496,1,4.78,69787,146,2020,187.73,Comedy
908,854,5,2.14,25103,175,2018,363.58,Sci-Fi
909,670,5,7.18,64496,122,2019,408.96,Drama
909,538,2,7.53,30148,114,2020,114.76,Comedy
909,335,2,6.8,73279,173,2004,101.29,Action
909,875,2,8.37,15013,135,2012,181.81,Action
909,627,1,8.66,25209,101,2004,255.2,Action
909,533,4,1.74,48058,138,2004,209.98,Action
909,127,5,4.68,85641,101,2025,291.73,Horror
909,455,4,4.49,9111,120,2003,302.36,Sci-Fi
909,984,3,3.31,32539,144,2014,276.9,Comedy
909,733,5,2.03,59930,178,2011,7.92,Horror
909,451,5,8.76,98049,146,2024,61.43,Sci-Fi
909,969,5,4.25,70855,102,2024,486.27,Horror
909,686,4,5.91,17006,107,2017,151.41,Comedy
909,468,3,5.48,47993,148,2022,124.79,Horror
909,90,5,1.27,40203,160,2009,455.96,Action
909,896,2,3.19,73721,178,2014,235.73,Drama
909,559,3,8.07,41430,143,2006,132.37,Comedy
910,563,2,1.64,67428,95,2000,458.69,Sci-Fi
910,316,4,3.33,58946,159,2020,30.68,Horror
910,68,3,5.07,84734,152,2006,413.9,Sci-Fi
910,494,5,6.48,63787,83,2012,380.46,Action
910,834,3,8.67,54291,92,2021,100.9,Horror
910,453,5,4.75,85047,148,2012,230.66,Action
910,591,4,2.2,56670,170,2009,363.39,Drama
910,864,4,4.73,96535,159,2012,119.51,Sci-Fi
910,851,1,2.28,69328,83,2011,445.7,Action
910,923,4,3.54,86445,110,2015,398.82,Comedy
910,921,4,6.43,84191,80,2000,96.05,Horror
910,235,2,4.69,13489,98,2025,31.94,Action
911,475,1,2.83,7034,93,2019,481.66,Horror
911,292,2,8.56,88144,155,2015,17.06,Sci-Fi
911,602,1,4.2,84860,167,2017,124.1,Action
911,455,4,4.49,9111,120,2003,302.36,Sci-Fi
911,856,5,1.57,45832,110,2000,241.71,Comedy
911,862,4,8.6,54386,162,2014,4.9,Drama
911,721,1,6.73,95594,151,2019,464.09,Action
911,845,4,9.21,61599,114,2011,135.05,Comedy
911,563,4,1.64,67428,95,2000,458.69,Sci-Fi
911,640,3,7.69,72540,97,2019,398.94,Action
911,103,2,9.8,92693,159,2003,444.24,Horror
911,748,5,8.77,36521,95,2009,446.46,Sci-Fi
911,367,5,3.09,90522,145,2012,170.67,Horror
911,704,3,4.77,85510,176,2013,330.46,Horror
912,909,1,3.21,29367,171,2015,362.06,Comedy
912,631,3,1.11,7599,136,2011,211.9,Drama
912,566,2,5.29,24787,162,2014,301.99,Sci-Fi
912,935,4,8.94,64847,104,2002,184.65,Sci-Fi
912,690,5,6.01,40715,86,2025,19.86,Horror
912,127,5,4.68,85641,101,2025,291.73,Horror
912,176,4,4.46,33840,97,2016,37.6,Comedy
912,879,2,9.51,4225,170,2022,149.09,Comedy
912,709,4,1.75,50969,170,2005,397.32,Comedy
912,20,2,9.06,66239,94,2003,92.1,Horror
912,543,5,3.53,78712,121,2018,151.25,Action
912,794,4,1.69,79594,178,2015,309.73,Drama
913,818,5,3.0,64087,165,2010,361.27,Action
913,314,4,3.61,71587,106,2011,312.95,Action
913,453,2,4.75,85047,148,2012,230.66,Action
913,208,1,2.69,60937,139,2023,220.15,Drama
913,942,2,4.35,97091,156,2013,79.25,Sci-Fi
913,286,5,5.63,83291,162,2002,259.86,Sci-Fi
913,194,1,8.8,44337,180,2004,164.3,Action
913,253,5,3.19,48607,161,2005,480.77,Horror
914,402,4,8.44,7134,156,2016,263.41,Comedy
914,16,3,1.79,79126,83,2002,411.19,Sci-Fi
914,377,1,5.56,19771,147,2023,361.59,Sci-Fi
914,513,5,6.61,61767,131,2000,136.1,Comedy
914,75,1,4.16,47174,153,2009,496.72,Sci-Fi
914,80,4,9.63,57833,100,2017,116.87,Comedy
914,48,3,7.57,12482,176,2013,254.76,Sci-Fi
914,457,4,2.41,64071,111,2010,55.8,Action
914,110,1,6.9,44047,102,2005,441.28,Sci-Fi
914,664,5,4.57,95853,95,2000,421.63,Action
914,51,5,4.71,26392,95,2018,389.54,Sci-Fi
914,4,1,1.13,37539,166,2020,391.75,Action
914,124,3,9.14,6101,86,2021,159.1,Drama
914,771,3,6.82,69570,113,2002,370.97,Action
914,683,3,9.2,1211,100,2021,461.46,Comedy
914,621,4,1.07,1151,174,2003,6.5,Drama
914,205,1,9.25,3989,125,2005,38.39,Sci-Fi
914,494,4,6.48,63787,83,2012,380.46,Action
914,83,3,9.0,45454,173,2017,113.02,Sci-Fi
915,839,4,5.47,66733,123,2003,270.83,Horror
915,199,4,5.67,24561,108,2004,321.3,Comedy
915,453,3,4.75,85047,148,2012,230.66,Action
915,297,1,3.31,61997,155,2010,446.15,Horror
915,798,1,2.22,71093,164,2021,10.86,Action
915,490,3,8.15,60011,115,2000,73.26,Sci-Fi
915,35,2,6.36,30140,157,2002,115.88,Action
916,252,2,8.15,97196,177,2000,269.63,Comedy
916,237,1,4.12,18822,110,2019,337.36,Drama
916,454,1,6.53,12450,158,2022,49.48,Horror
916,184,2,1.6,10118,167,2012,26.61,Horror
916,438,3,7.36,17478,121,2007,235.5,Comedy
916,461,1,3.34,48242,133,2014,17.23,Action
916,974,1,6.02,67474,176,2017,455.13,Comedy
916,309,4,2.82,72774,174,2016,61.07,Sci-Fi
916,616,2,8.04,84094,138,2021,477.08,Comedy
916,558,4,4.03,20855,129,2021,394.46,Sci-Fi
916,390,4,9.22,91305,118,2020,59.42,Sci-Fi
916,452,5,5.2,85817,165,2007,491.24,Sci-Fi
916,342,5,5.65,81897,156,2012,39.87,Sci-Fi
916,60,1,5.59,7891,162,2009,340.93,Drama
916,734,1,2.4,84384,100,2007,99.23,Action
917,416,3,5.99,59355,86,2016,340.03,Drama
917,219,5,9.29,5861,148,2025,248.03,Action
917,16,5,1.79,79126,83,2002,411.19,Sci-Fi
917,740,3,6.21,8833,119,2016,10.08,Sci-Fi
917,689,2,5.58,27678,165,2019,112.84,Sci-Fi
917,284,3,1.24,4404,150,2011,95.24,Sci-Fi
917,515,1,4.55,13864,173,2010,74.73,Horror
917,193,2,3.3,39372,147,2006,128.91,Horror
917,741,2,6.24,18207,152,2000,323.25,Drama
917,259,5,9.99,10868,132,2005,364.34,Drama
917,713,3,1.79,84819,102,2014,207.56,Action
917,722,5,1.99,59682,85,2007,469.31,Comedy
917,183,3,2.01,26813,176,2013,32.19,Horror
917,319,2,3.18,73807,104,2006,95.39,Drama
917,900,2,1.78,6123,172,2015,76.37,Horror
917,684,3,8.22,12769,136,2004,342.51,Sci-Fi
917,521,1,8.21,62102,103,2018,67.46,Horror
917,866,5,5.96,30418,178,2015,213.55,Drama
918,499,4,5.27,84037,170,2018,328.66,Comedy
918,828,2,6.43,56744,163,2007,324.25,Horror
918,9,5,2.75,57485,179,2024,397.22,Comedy
918,407,4,5.15,2369,166,2018,282.96,Action
918,267,3,4.15,80297,128,2016,291.96,Drama
918,816,1,7.94,40594,165,2009,49.88,Action
918,152,5,4.03,31325,135,2019,81.37,Horror
918,779,1,5.36,51438,88,2003,163.55,Comedy
918,445,3,9.66,55105,91,2011,66.05,Sci-Fi
918,117,3,8.26,40757,161,2020,268.46,Action
918,249,4,6.63,23671,132,2009,280.56,Comedy
918,980,1,5.75,67431,113,2000,285.49,Action
919,514,2,2.45,61762,171,2018,476.47,Action
919,563,3,1.64,67428,95,2000,458.69,Sci-Fi
919,400,5,9.03,27328,124,2003,272.8,Comedy
919,307,3,3.84,74945,129,2003,100.52,Comedy
919,925,2,8.6,92541,92,2023,21.13,Comedy
919,247,5,5.01,52072,116,2001,189.93,Action
919,959,1,9.89,822,113,2024,484.94,Action
919,872,2,7.64,27488,121,2011,128.35,Sci-Fi
919,447,5,4.62,46222,125,2014,357.93,Action
919,559,1,8.07,41430,143,2006,132.37,Comedy
919,477,2,9.88,55707,160,2012,28.86,Horror
919,317,3,1.26,47758,147,2000,491.31,Action
920,509,1,9.2,38901,127,2015,151.15,Drama
920,694,2,1.06,73142,168,2021,313.93,Horror
920,72,1,2.36,73204,135,2012,70.55,Horror
920,551,4,2.74,68494,133,2013,175.16,Action
920,644,3,1.96,55263,162,2017,337.9,Drama
921,785,1,1.42,88806,96,2007,70.11,Comedy
921,481,5,5.38,27157,121,2004,268.79,Drama
921,860,2,5.62,87466,138,2016,108.45,Horror
921,130,3,8.9,23520,152,2013,44.64,Sci-Fi
921,460,5,4.41,55921,174,2019,123.11,Comedy
921,462,3,1.54,50183,105,2017,259.14,Action
921,614,2,3.54,24141,116,2014,426.18,Horror
921,740,1,6.21,8833,119,2016,10.08,Sci-Fi
921,131,2,9.46,35844,151,2000,314.03,Drama
921,324,3,6.6,31955,124,2018,31.98,Action
921,313,5,4.52,70842,89,2015,82.29,Drama
921,989,3,3.55,2095,95,2023,189.17,Horror
921,483,5,9.11,71533,177,2010,150.06,Drama
921,717,5,4.95,64875,130,2000,188.24,Comedy
921,207,4,6.86,27673,157,2005,410.03,Action
921,367,3,3.09,90522,145,2012,170.67,Horror
922,23,1,8.94,89492,86,2008,162.23,Comedy
922,849,3,7.56,75342,169,2008,232.82,Horror
922,768,1,6.09,18329,109,2005,84.66,Comedy
922,254,2,9.87,83211,96,2010,124.67,Horror
922,116,3,5.35,71734,87,2018,199.33,Comedy
922,770,2,8.26,10079,131,2000,33.84,Horror
922,335,3,6.8,73279,173,2004,101.29,Action
922,707,4,2.68,70948,95,2000,364.15,Comedy
922,690,1,6.01,40715,86,2025,19.86,Horror
922,160,3,3.04,35728,99,2006,6.23,Horror
922,323,5,2.96,73333,120,2020,433.16,Drama
922,647,3,9.36,33176,93,2025,125.85,Sci-Fi
922,512,5,7.51,64447,164,2017,468.67,Drama
922,621,4,1.07,1151,174,2003,6.5,Drama
922,594,5,1.57,21327,177,2003,369.21,Drama
922,359,3,6.96,27567,136,2007,66.16,Comedy
922,229,2,6.48,56113,140,2006,289.67,Action
922,675,4,2.99,9535,153,2009,485.84,Drama
922,753,3,4.98,88366,136,2002,270.63,Horror
923,96,4,7.66,28997,104,2007,134.27,Comedy
923,85,2,2.29,328,123,2008,87.29,Drama
923,764,5,5.68,64108,155,2004,474.48,Action
923,925,5,8.6,92541,92,2023,21.13,Comedy
923,878,5,3.19,93967,84,2015,453.72,Sci-Fi
923,203,3,6.03,13869,162,2024,467.76,Horror
924,394,4,9.61,81472,156,2005,103.05,Comedy
924,851,5,2.28,69328,83,2011,445.7,Action
924,214,5,1.29,30380,109,2018,63.67,Horror
924,435,4,7.62,93493,113,2008,431.56,Action
924,796,2,7.09,55245,129,2024,67.12,Horror
924,500,5,1.95,87782,169,2008,484.75,Action
924,326,5,5.09,3775,153,2005,315.78,Drama
924,674,3,5.86,79276,113,2020,235.42,Drama
924,563,3,1.64,67428,95,2000,458.69,Sci-Fi
924,838,1,8.35,81985,180,2012,4.02,Drama
924,470,5,3.1,2082,142,2012,109.84,Action
924,340,4,4.09,85272,119,2002,464.82,Horror
924,80,5,9.63,57833,100,2017,116.87,Comedy
924,873,4,1.23,51620,156,2003,452.06,Action
924,366,2,5.02,45869,173,2002,446.23,Action
924,237,2,4.12,18822,110,2019,337.36,Drama
924,934,4,1.07,53410,98,2000,361.76,Action
924,981,5,1.96,93419,151,2012,240.82,Sci-Fi
925,76,1,5.78,39297,169,2014,59.12,Horror
925,473,1,4.16,30020,88,2019,432.07,Comedy
925,6,5,2.42,15530,84,2011,37.21,Comedy
925,736,1,2.36,37181,94,2005,480.94,Action
925,825,1,6.24,12402,89,2021,65.47,Action
925,416,1,5.99,59355,86,2016,340.03,Drama
926,345,1,2.2,27687,138,2001,138.14,Sci-Fi
926,754,4,5.08,28794,118,2019,217.48,Horror
926,979,4,7.16,22343,121,2012,487.1,Horror
926,680,1,2.96,71122,133,2014,404.31,Comedy
926,893,1,1.76,50909,116,2005,298.6,Horror
926,9,2,2.75,57485,179,2024,397.22,Comedy
926,407,3,5.15,2369,166,2018,282.96,Action
926,235,5,4.69,13489,98,2025,31.94,Action
926,32,5,8.56,33775,148,2012,331.43,Action
926,170,5,9.3,66754,135,2001,186.22,Sci-Fi
927,936,3,7.47,23064,131,2000,184.33,Drama
927,340,1,4.09,85272,119,2002,464.82,Horror
927,102,1,5.07,440,83,2010,255.18,Comedy
927,420,4,3.92,87954,144,2006,387.48,Drama
927,581,5,4.61,98121,95,2007,375.58,Action
927,855,4,4.31,36642,164,2009,135.3,Horror
927,932,5,5.09,55874,130,2023,80.27,Sci-Fi
927,446,4,8.08,6551,86,2020,191.82,Action
927,423,2,4.54,43044,101,2012,154.5,Horror
928,42,4,3.36,15816,100,2015,385.27,Action
928,501,1,7.18,64430,125,2004,194.5,Horror
928,249,3,6.63,23671,132,2009,280.56,Comedy
928,233,1,7.41,84108,123,2006,207.68,Comedy
928,817,3,2.4,91802,140,2006,470.97,Sci-Fi
928,192,5,4.69,95544,180,2024,146.0,Action
928,585,3,2.85,11672,83,2001,77.16,Horror
928,354,4,9.77,10261,138,2004,279.66,Comedy
928,891,5,5.56,57951,160,2018,149.83,Action
928,561,4,8.33,80287,177,2023,431.01,Drama
928,606,3,6.57,75987,151,2018,424.04,Sci-Fi
928,658,1,5.48,72956,137,2012,490.73,Comedy
928,592,2,6.0,65571,90,2014,410.55,Drama
928,240,2,5.51,11885,168,2011,429.9,Sci-Fi
929,248,3,3.57,78249,118,2010,443.37,Action
929,521,3,8.21,62102,103,2018,67.46,Horror
929,897,5,4.21,86179,165,2000,13.44,Comedy
929,237,1,4.12,18822,110,2019,337.36,Drama
929,343,4,3.18,484,87,2015,28.2,Drama
929,272,2,3.95,47440,171,2007,191.98,Action
929,295,1,6.86,80982,139,2001,394.12,Action
929,684,4,8.22,12769,136,2004,342.51,Sci-Fi
929,577,2,2.21,70053,114,2022,443.01,Action
929,280,2,7.51,53033,97,2016,303.32,Sci-Fi
930,149,4,7.13,22903,91,2013,199.65,Action
930,487,1,9.1,53389,118,2015,167.61,Sci-Fi
930,655,4,9.1,56508,100,2005,301.74,Action
930,839,2,5.47,66733,123,2003,270.83,Horror
930,491,1,1.33,72066,118,2015,99.84,Sci-Fi
930,962,1,4.78,92837,123,2007,345.0,Action
931,492,1,5.37,49812,96,2024,298.23,Horror
931,894,2,3.87,83376,82,2008,480.08,Action
931,912,4,7.78,40795,118,2019,171.16,Drama
931,654,3,8.44,10870,106,2023,5.23,Horror
931,836,5,7.12,27441,162,2006,284.32,Sci-Fi
931,679,1,4.63,87477,120,2000,390.95,Action
931,1,4,8.9,50325,127,2016,332.62,Horror
931,896,1,3.19,73721,178,2014,235.73,Drama
931,270,5,1.06,63500,110,2019,307.45,Comedy
931,741,4,6.24,18207,152,2000,323.25,Drama
931,66,3,3.4,19875,176,2020,83.72,Action
932,223,5,3.85,57509,166,2013,246.16,Horror
932,973,2,5.43,9551,125,2012,244.78,Comedy
932,299,4,1.44,7264,141,2008,104.78,Drama
932,153,2,2.83,43032,174,2009,218.68,Horror
932,376,2,6.78,2241,119,2024,356.0,Horror
932,494,5,6.48,63787,83,2012,380.46,Action
932,136,4,3.76,14002,124,2012,209.37,Horror
932,307,3,3.84,74945,129,2003,100.52,Comedy
932,414,3,4.99,99295,112,2024,488.92,Drama
933,53,3,1.0,93204,158,2006,73.02,Comedy
933,23,4,8.94,89492,86,2008,162.23,Comedy
933,483,1,9.11,71533,177,2010,150.06,Drama
933,315,2,1.1,32606,136,2023,277.41,Sci-Fi
933,702,5,6.32,42434,107,2023,97.37,Drama
934,561,5,8.33,80287,177,2023,431.01,Drama
934,822,3,5.99,68188,172,2025,239.07,Comedy
934,660,3,4.42,28472,115,2011,49.74,Sci-Fi
934,749,3,1.16,45327,139,2000,467.85,Comedy
934,513,1,6.61,61767,131,2000,136.1,Comedy
934,24,1,2.83,22538,101,2022,273.9,Horror
934,849,5,7.56,75342,169,2008,232.82,Horror
934,837,5,1.17,18370,171,2017,388.14,Action
935,429,1,5.87,56039,95,2013,253.5,Sci-Fi
935,142,3,5.21,45471,129,2018,295.35,Action
935,669,5,8.27,74828,139,2020,76.19,Drama
935,250,3,4.54,3706,140,2010,138.55,Action
935,747,3,7.14,64585,86,2007,218.75,Action
935,659,2,1.53,60110,103,2024,408.18,Action
935,360,1,2.11,51949,174,2019,419.99,Comedy
935,113,3,3.3,73085,179,2000,154.46,Sci-Fi
935,653,3,1.37,18636,115,2013,385.98,Drama
935,449,5,5.48,59019,154,2023,170.66,Horror
935,562,2,1.58,17100,131,2012,43.32,Action
935,371,1,7.39,96838,101,2019,357.44,Sci-Fi
935,812,2,8.43,56127,131,2008,146.46,Horror
935,1000,1,1.05,54257,129,2007,363.36,Sci-Fi
935,500,1,1.95,87782,169,2008,484.75,Action
935,483,4,9.11,71533,177,2010,150.06,Drama
936,261,3,3.66,7319,144,2015,465.0,Comedy
936,756,1,3.09,69709,128,2023,239.29,Horror
936,698,3,3.09,17021,141,2011,406.81,Action
936,514,5,2.45,61762,171,2018,476.47,Action
936,971,5,4.99,32952,132,2004,180.09,Drama
937,648,3,8.4,73521,98,2014,446.14,Comedy
937,611,4,1.6,32205,114,2004,246.52,Action
937,155,5,4.39,32376,86,2002,71.63,Drama
937,500,3,1.95,87782,169,2008,484.75,Action
937,497,1,1.15,19039,139,2002,120.55,Drama
937,544,4,2.53,35259,127,2008,83.19,Sci-Fi
937,736,2,2.36,37181,94,2005,480.94,Action
937,267,4,4.15,80297,128,2016,291.96,Drama
937,116,3,5.35,71734,87,2018,199.33,Comedy
937,717,2,4.95,64875,130,2000,188.24,Comedy
937,837,5,1.17,18370,171,2017,388.14,Action
937,875,2,8.37,15013,135,2012,181.81,Action
937,510,4,8.95,25384,83,2023,69.73,Comedy
938,118,1,2.66,26085,95,2014,446.75,Comedy
938,995,2,4.33,93606,141,2006,155.54,Drama
938,661,4,6.58,57205,80,2025,97.86,Horror
938,551,1,2.74,68494,133,2013,175.16,Action
938,130,5,8.9,23520,152,2013,44.64,Sci-Fi
938,282,4,5.74,7407,132,2013,490.16,Sci-Fi
939,995,5,4.33,93606,141,2006,155.54,Drama
939,328,2,9.87,74905,147,2012,222.22,Sci-Fi
939,529,1,6.0,27718,175,2018,34.45,Action
939,668,5,3.14,24072,81,2018,258.19,Drama
939,154,1,4.91,10769,138,2010,341.07,Sci-Fi
940,958,4,1.38,74585,119,2015,83.46,Comedy
940,609,1,6.41,7360,96,2005,81.26,Sci-Fi
940,396,4,8.31,82834,121,2004,168.25,Horror
940,740,5,6.21,8833,119,2016,10.08,Sci-Fi
940,9,5,2.75,57485,179,2024,397.22,Comedy
940,963,5,9.42,29251,139,2010,450.39,Action
940,352,3,8.87,44665,90,2020,234.89,Horror
941,386,5,8.75,97941,155,2013,486.2,Comedy
941,627,4,8.66,25209,101,2004,255.2,Action
941,707,4,2.68,70948,95,2000,364.15,Comedy
941,584,2,8.66,43670,167,2017,93.68,Action
941,992,5,1.69,8279,123,2002,306.26,Action
942,989,3,3.55,2095,95,2023,189.17,Horror
942,642,4,2.68,71839,137,2014,164.39,Comedy
942,279,1,4.42,33539,119,2021,320.6,Horror
942,906,5,4.39,56166,166,2007,197.04,Sci-Fi
942,848,3,6.22,38911,150,2014,260.7,Action
942,101,1,2.47,93064,80,2001,115.52,Drama
942,282,2,5.74,7407,132,2013,490.16,Sci-Fi
942,920,1,6.59,95905,116,2024,446.71,Horror
942,273,4,3.13,91452,113,2003,11.58,Sci-Fi
942,582,1,4.01,59881,142,2010,402.94,Action
942,588,1,8.13,47748,129,2023,101.31,Comedy
942,361,5,2.98,36499,160,2010,127.14,Action
942,741,3,6.24,18207,152,2000,323.25,Drama
942,202,1,3.0,25873,144,2023,208.88,Action
943,672,3,2.7,40024,148,2011,452.93,Drama
943,30,3,5.22,27809,167,2006,142.13,Horror
943,444,4,1.42,26408,118,2025,69.18,Sci-Fi
943,992,1,1.69,8279,123,2002,306.26,Action
943,959,4,9.89,822,113,2024,484.94,Action
943,729,3,7.49,80041,144,2009,373.29,Sci-Fi
943,182,2,3.09,92147,88,2009,434.23,Action
944,747,1,7.14,64585,86,2007,218.75,Action
944,105,3,8.73,76162,147,2021,138.89,Comedy
944,133,4,7.37,97865,130,2001,262.76,Sci-Fi
944,322,3,1.32,40061,107,2011,460.36,Action
944,434,3,4.37,18704,139,2014,412.15,Horror
944,66,2,3.4,19875,176,2020,83.72,Action
944,226,3,1.94,59250,84,2010,8.84,Horror
944,630,4,6.84,58001,91,2001,18.58,Drama
944,436,2,9.03,10031,89,2004,428.41,Horror
944,119,5,5.16,55001,132,2018,449.76,Drama
944,849,2,7.56,75342,169,2008,232.82,Horror
944,724,3,1.82,19709,100,2017,84.17,Drama
944,298,5,7.78,38539,165,2015,291.77,Comedy
944,948,1,7.35,33766,158,2025,53.46,Sci-Fi
944,864,4,4.73,96535,159,2012,119.51,Sci-Fi
944,54,5,7.21,56948,161,2013,220.28,Horror
944,892,3,5.64,32894,167,2011,337.23,Horror
944,351,5,3.66,45541,83,2008,402.94,Comedy
944,134,2,6.29,50767,134,2010,393.46,Drama
944,30,2,5.22,27809,167,2006,142.13,Horror
945,545,5,7.2,6655,133,2008,412.05,Horror
945,24,2,2.83,22538,101,2022,273.9,Horror
945,750,1,3.65,97999,153,2023,56.78,Drama
945,440,5,5.09,78151,150,2001,43.78,Comedy
945,401,5,9.6,49419,100,2003,460.68,Action
945,503,4,9.19,39995,120,2016,462.55,Comedy
945,98,2,2.96,39667,117,2006,396.76,Drama
945,827,1,4.94,91022,163,2003,185.23,Comedy
945,581,5,4.61,98121,95,2007,375.58,Action
945,5,3,2.32,79798,120,2016,12.73,Drama
945,119,2,5.16,55001,132,2018,449.76,Drama
946,272,2,3.95,47440,171,2007,191.98,Action
946,778,5,6.5,59642,175,2005,479.96,Comedy
946,140,1,2.0,51404,108,2022,20.28,Horror
946,353,3,6.72,27067,139,2016,172.24,Sci-Fi
946,592,5,6.0,65571,90,2014,410.55,Drama
946,809,1,9.96,68074,94,2019,377.72,Drama
946,562,4,1.58,17100,131,2012,43.32,Action
946,142,2,5.21,45471,129,2018,295.35,Action
946,105,4,8.73,76162,147,2021,138.89,Comedy
946,369,2,9.69,63113,173,2011,128.78,Horror
946,980,5,5.75,67431,113,2000,285.49,Action
946,818,3,3.0,64087,165,2010,361.27,Action
946,163,2,8.25,23602,107,2020,307.57,Action
946,485,2,2.45,42515,100,2015,150.04,Comedy
946,480,2,7.78,94156,162,2008,35.58,Drama
946,517,3,3.92,47511,179,2000,303.48,Comedy
946,108,5,3.76,50110,107,2006,308.63,Comedy
946,30,3,5.22,27809,167,2006,142.13,Horror
946,51,2,4.71,26392,95,2018,389.54,Sci-Fi
946,397,3,9.22,52584,167,2002,33.48,Horror
947,681,4,9.65,20204,144,2025,399.7,Action
947,89,3,3.22,22791,112,2004,446.59,Horror
947,514,1,2.45,61762,171,2018,476.47,Action
947,486,5,3.96,76012,124,2007,113.38,Drama
947,745,2,2.06,8080,102,2002,9.28,Horror
947,101,1,2.47,93064,80,2001,115.52,Drama
947,890,3,1.35,33049,82,2019,28.56,Horror
947,770,4,8.26,10079,131,2000,33.84,Horror
947,929,5,2.64,61077,150,2024,354.93,Drama
947,583,5,9.97,40723,177,2008,268.01,Drama
948,712,2,4.19,67136,153,2017,66.92,Sci-Fi
948,32,1,8.56,33775,148,2012,331.43,Action
948,645,4,8.38,32065,152,2009,437.18,Horror
948,821,1,8.49,22979,178,2017,212.43,Comedy
948,560,2,2.3,12617,158,2014,325.81,Sci-Fi
948,715,5,8.07,64781,176,2010,340.08,Action
948,93,5,3.83,80292,156,2015,472.0,Horror
948,91,2,2.36,32471,100,2025,97.26,Horror
948,640,2,7.69,72540,97,2019,398.94,Action
948,219,2,9.29,5861,148,2025,248.03,Action
948,222,3,8.91,33322,116,2013,332.48,Sci-Fi
948,27,4,5.55,20440,90,2006,497.82,Comedy
948,588,2,8.13,47748,129,2023,101.31,Comedy
948,41,5,1.06,39158,101,2003,321.63,Action
948,465,4,6.61,27650,177,2009,65.4,Action
949,420,4,3.92,87954,144,2006,387.48,Drama
949,942,3,4.35,97091,156,2013,79.25,Sci-Fi
949,191,2,3.28,81673,160,2005,372.45,Sci-Fi
949,629,3,2.92,25536,86,2006,38.19,Drama
949,793,4,7.83,10542,177,2012,482.9,Action
949,125,1,2.74,84189,180,2014,202.51,Action
949,923,1,3.54,86445,110,2015,398.82,Comedy
949,794,2,1.69,79594,178,2015,309.73,Drama
949,243,4,4.15,27887,163,2000,497.35,Comedy
949,860,1,5.62,87466,138,2016,108.45,Horror
950,779,2,5.36,51438,88,2003,163.55,Comedy
950,184,3,1.6,10118,167,2012,26.61,Horror
950,609,4,6.41,7360,96,2005,81.26,Sci-Fi
950,116,3,5.35,71734,87,2018,199.33,Comedy
950,865,2,9.02,18913,142,2002,369.68,Action
950,903,1,1.94,81926,135,2005,421.75,Sci-Fi
950,261,2,3.66,7319,144,2015,465.0,Comedy
950,273,5,3.13,91452,113,2003,11.58,Sci-Fi
950,883,3,2.88,44764,108,2001,338.12,Comedy
950,350,3,9.0,29125,91,2014,241.7,Horror
950,562,4,1.58,17100,131,2012,43.32,Action
950,692,3,6.79,46747,170,2003,79.31,Sci-Fi
950,466,3,2.77,57353,91,2009,339.74,Comedy
950,285,2,4.96,58469,120,2011,18.42,Action
950,519,4,2.54,16335,126,2000,207.51,Drama
950,465,5,6.61,27650,177,2009,65.4,Action
950,557,5,5.15,56083,111,2009,100.4,Drama
950,558,2,4.03,20855,129,2021,394.46,Sci-Fi
950,703,3,1.79,17068,129,2020,486.68,Sci-Fi
950,354,1,9.77,10261,138,2004,279.66,Comedy
951,310,5,7.61,61088,114,2002,451.46,Sci-Fi
951,93,2,3.83,80292,156,2015,472.0,Horror
951,660,3,4.42,28472,115,2011,49.74,Sci-Fi
951,136,3,3.76,14002,124,2012,209.37,Horror
951,698,3,3.09,17021,141,2011,406.81,Action
951,267,5,4.15,80297,128,2016,291.96,Drama
951,6,3,2.42,15530,84,2011,37.21,Comedy
951,154,4,4.91,10769,138,2010,341.07,Sci-Fi
951,678,3,8.04,93969,95,2000,90.65,Drama
951,234,2,7.93,68179,133,2025,179.42,Comedy
951,169,3,6.56,46778,162,2015,236.13,Drama
951,359,2,6.96,27567,136,2007,66.16,Comedy
951,404,1,3.47,22306,162,2012,417.09,Sci-Fi
951,36,5,7.29,58229,112,2009,151.09,Sci-Fi
951,982,1,6.91,85155,178,2012,61.74,Horror
951,693,2,6.75,94532,138,2018,333.2,Sci-Fi
951,989,1,3.55,2095,95,2023,189.17,Horror
951,14,4,3.85,87855,82,2019,165.71,Drama
951,671,1,1.82,12733,143,2018,287.42,Horror
951,152,3,4.03,31325,135,2019,81.37,Horror
952,392,2,4.42,25874,174,2016,14.14,Comedy
952,106,4,6.46,96903,156,2024,443.8,Action
952,534,4,9.22,29740,98,2013,129.47,Drama
952,350,2,9.0,29125,91,2014,241.7,Horror
952,229,4,6.48,56113,140,2006,289.67,Action
952,519,1,2.54,16335,126,2000,207.51,Drama
952,705,1,6.14,81261,120,2016,86.04,Sci-Fi
952,842,4,3.24,1085,109,2013,283.62,Sci-Fi
952,158,1,8.22,4346,107,2002,449.08,Drama
952,244,2,8.36,81392,178,2003,289.85,Horror
952,787,3,1.23,43591,152,2002,206.56,Comedy
952,822,5,5.99,68188,172,2025,239.07,Comedy
953,176,2,4.46,33840,97,2016,37.6,Comedy
953,495,5,8.81,6533,100,2021,78.71,Comedy
953,979,1,7.16,22343,121,2012,487.1,Horror
953,833,3,9.64,89226,83,2018,438.4,Sci-Fi
953,305,4,5.5,11357,136,2011,305.63,Action
953,985,5,3.33,36786,156,2000,268.77,Comedy
953,630,2,6.84,58001,91,2001,18.58,Drama
953,554,5,2.8,89037,146,2004,450.94,Comedy
953,162,2,4.45,61449,149,2023,235.42,Action
953,726,3,7.04,97921,158,2012,29.31,Action
953,731,1,1.68,90075,140,2010,472.1,Comedy
953,338,1,1.33,82969,88,2004,94.46,Comedy
953,883,4,2.88,44764,108,2001,338.12,Comedy
953,359,4,6.96,27567,136,2007,66.16,Comedy
953,784,1,2.64,2654,137,2021,225.41,Horror
954,382,5,6.33,83895,93,2015,475.43,Sci-Fi
954,922,3,8.42,89513,139,2014,395.33,Sci-Fi
954,613,3,7.73,74123,172,2009,285.11,Horror
954,882,1,7.18,48934,106,2022,379.27,Comedy
954,5,4,2.32,79798,120,2016,12.73,Drama
954,54,4,7.21,56948,161,2013,220.28,Horror
954,350,4,9.0,29125,91,2014,241.7,Horror
954,155,5,4.39,32376,86,2002,71.63,Drama
954,537,1,8.77,88973,136,2019,460.87,Comedy
954,555,4,1.52,78254,141,2002,107.08,Drama
954,648,4,8.4,73521,98,2014,446.14,Comedy
954,236,4,6.31,26562,136,2018,371.21,Sci-Fi
954,863,3,9.54,94280,178,2012,40.81,Horror
954,340,5,4.09,85272,119,2002,464.82,Horror
954,727,3,9.93,54137,167,2016,414.73,Action
954,738,1,7.14,30548,106,2008,374.07,Comedy
954,17,5,5.97,12935,115,2001,494.22,Action
954,47,4,9.96,63782,175,2021,397.34,Action
954,95,4,8.2,52317,138,2012,96.37,Sci-Fi
954,956,2,8.78,19852,97,2007,495.78,Sci-Fi
955,810,4,6.74,92177,102,2006,8.07,Action
955,128,1,1.19,18008,84,2017,488.75,Action
955,215,4,1.32,3654,169,2025,16.63,Drama
955,722,1,1.99,59682,85,2007,469.31,Comedy
955,125,2,2.74,84189,180,2014,202.51,Action
955,938,3,1.86,45274,147,2008,394.49,Action
955,708,2,9.64,12107,156,2003,95.57,Action
955,239,2,8.65,18205,176,2009,88.13,Horror
955,300,4,3.78,10236,174,2020,347.12,Action
955,811,5,2.81,76982,80,2020,429.77,Comedy
955,999,1,8.28,84936,85,2018,272.14,Action
955,857,4,6.37,56372,159,2022,241.98,Drama
955,766,1,1.61,83972,148,2024,33.57,Action
955,47,3,9.96,63782,175,2021,397.34,Action
955,44,3,1.45,18008,160,2001,264.4,Comedy
955,3,3,7.43,36207,135,2018,218.06,Horror
955,159,5,8.22,42088,158,2023,52.03,Comedy
955,90,3,1.27,40203,160,2009,455.96,Action
955,553,5,8.31,2505,170,2001,97.02,Horror
955,57,1,7.56,87413,93,2007,309.2,Action
956,226,1,1.94,59250,84,2010,8.84,Horror
956,405,1,9.94,79758,127,2023,450.76,Action
956,644,3,1.96,55263,162,2017,337.9,Drama
956,133,3,7.37,97865,130,2001,262.76,Sci-Fi
956,869,3,2.31,70416,133,2016,268.57,Horror
956,245,4,7.74,63538,85,2018,361.44,Action
956,667,2,3.84,82538,112,2005,458.45,Sci-Fi
956,688,1,8.08,66761,177,2016,257.66,Action
956,292,4,8.56,88144,155,2015,17.06,Sci-Fi
956,651,1,3.86,42073,120,2002,200.04,Drama
956,444,5,1.42,26408,118,2025,69.18,Sci-Fi
956,930,5,8.36,69428,81,2000,443.81,Horror
956,497,1,1.15,19039,139,2002,120.55,Drama
956,186,4,6.01,77584,104,2014,185.0,Drama
956,438,1,7.36,17478,121,2007,235.5,Comedy
956,575,1,1.84,43051,130,2012,171.28,Comedy
956,44,2,1.45,18008,160,2001,264.4,Comedy
956,834,4,8.67,54291,92,2021,100.9,Horror
956,620,1,1.09,43077,168,2002,398.58,Action
956,665,5,9.17,40363,86,2017,381.75,Drama
957,673,5,1.01,24127,100,2019,247.96,Sci-Fi
957,774,4,4.9,19363,103,2001,217.05,Horror
957,349,3,9.49,7838,96,2014,473.2,Sci-Fi
957,279,1,4.42,33539,119,2021,320.6,Horror
957,280,3,7.51,53033,97,2016,303.32,Sci-Fi
957,499,2,5.27,84037,170,2018,328.66,Comedy
957,72,1,2.36,73204,135,2012,70.55,Horror
957,178,5,5.37,23495,94,2019,424.66,Action
958,750,3,3.65,97999,153,2023,56.78,Drama
958,635,1,3.17,17449,81,2017,431.16,Drama
958,764,4,5.68,64108,155,2004,474.48,Action
958,710,4,9.99,42880,137,2023,207.3,Comedy
958,980,5,5.75,67431,113,2000,285.49,Action
958,274,2,3.19,37071,84,2023,160.36,Drama
958,899,3,2.65,5209,105,2023,280.34,Comedy
958,6,2,2.42,15530,84,2011,37.21,Comedy
958,722,4,1.99,59682,85,2007,469.31,Comedy
958,24,3,2.83,22538,101,2022,273.9,Horror
958,456,2,6.3,42470,106,2015,15.1,Drama
958,392,4,4.42,25874,174,2016,14.14,Comedy
958,329,4,8.95,54412,129,2000,92.94,Sci-Fi
958,508,2,4.84,42748,96,2003,306.23,Sci-Fi
958,894,5,3.87,83376,82,2008,480.08,Action
958,464,1,2.98,85928,178,2023,356.33,Action
958,833,2,9.64,89226,83,2018,438.4,Sci-Fi
958,69,4,9.98,70228,143,2020,77.72,Horror
958,115,2,1.77,77559,147,2006,365.07,Comedy
958,496,2,4.78,69787,146,2020,187.73,Comedy
959,53,4,1.0,93204,158,2006,73.02,Comedy
959,521,3,8.21,62102,103,2018,67.46,Horror
959,516,3,1.58,31126,137,2015,245.98,Sci-Fi
959,196,5,4.53,15059,132,2020,7.01,Horror
959,137,1,2.34,5619,100,2011,307.38,Drama
959,816,4,7.94,40594,165,2009,49.88,Action
959,279,3,4.42,33539,119,2021,320.6,Horror
959,956,1,8.78,19852,97,2007,495.78,Sci-Fi
959,874,5,1.85,74870,164,2015,265.44,Horror
959,695,4,3.77,37793,88,2015,28.21,Action
959,765,2,1.22,42188,174,2013,234.53,Horror
959,16,5,1.79,79126,83,2002,411.19,Sci-Fi
959,380,3,9.48,4242,152,2007,30.0,Drama
959,841,1,8.7,43842,156,2012,56.1,Action
959,199,2,5.67,24561,108,2004,321.3,Comedy
959,71,2,1.12,66196,149,2018,182.55,Horror
960,228,2,4.13,72068,106,2020,98.28,Drama
960,572,5,5.85,47602,80,2005,128.1,Action
960,244,4,8.36,81392,178,2003,289.85,Horror
960,227,3,7.08,39839,107,2000,189.71,Comedy
960,87,4,8.35,72060,124,2009,181.4,Horror
960,93,1,3.83,80292,156,2015,472.0,Horror
960,329,2,8.95,54412,129,2000,92.94,Sci-Fi
960,769,4,5.47,22660,123,2003,336.15,Sci-Fi
960,64,3,4.12,60444,102,2004,114.31,Horror
960,131,3,9.46,35844,151,2000,314.03,Drama
960,24,2,2.83,22538,101,2022,273.9,Horror
960,230,4,1.28,71253,153,2015,398.36,Drama
960,341,4,7.42,12879,86,2002,458.64,Comedy
960,888,2,2.16,64533,177,2008,276.93,Comedy
960,192,1,4.69,95544,180,2024,146.0,Action
960,927,5,3.23,26566,147,2025,311.01,Comedy
960,159,2,8.22,42088,158,2023,52.03,Comedy
961,55,1,9.79,18604,117,2012,118.49,Comedy
961,555,3,1.52,78254,141,2002,107.08,Drama
961,46,4,7.67,91008,92,2002,477.3,Action
961,241,1,1.7,33378,98,2004,176.64,Action
961,277,4,8.36,93504,89,2024,302.8,Comedy
961,338,5,1.33,82969,88,2004,94.46,Comedy
961,361,1,2.98,36499,160,2010,127.14,Action
961,423,1,4.54,43044,101,2012,154.5,Horror
961,499,3,5.27,84037,170,2018,328.66,Comedy
961,708,3,9.64,12107,156,2003,95.57,Action
961,448,5,2.37,70071,109,2003,199.88,Sci-Fi
962,788,4,5.58,45119,102,2010,176.93,Action
962,968,1,6.05,82673,123,2022,225.15,Action
962,792,4,4.64,3756,82,2005,296.37,Sci-Fi
962,635,3,3.17,17449,81,2017,431.16,Drama
962,661,4,6.58,57205,80,2025,97.86,Horror
962,412,4,3.28,41093,161,2009,19.66,Horror
962,168,1,2.73,83702,100,2023,447.0,Action
962,985,3,3.33,36786,156,2000,268.77,Comedy
962,491,5,1.33,72066,118,2015,99.84,Sci-Fi
962,354,3,9.77,10261,138,2004,279.66,Comedy
962,674,3,5.86,79276,113,2020,235.42,Drama
962,183,2,2.01,26813,176,2013,32.19,Horror
963,143,2,9.16,86016,98,2024,375.78,Sci-Fi
963,144,4,9.05,60297,99,2003,475.81,Horror
963,261,3,3.66,7319,144,2015,465.0,Comedy
963,257,3,1.54,40835,113,2022,241.54,Drama
963,840,3,9.92,81743,116,2011,356.81,Action
963,506,1,3.31,66681,143,2005,122.63,Action
963,579,4,8.16,48731,154,2015,445.64,Drama
963,389,2,7.34,96328,145,2019,209.73,Horror
963,2,3,2.72,79940,83,2019,181.28,Horror
963,463,4,4.05,43827,152,2024,205.66,Action
963,312,1,9.75,44565,114,2021,309.8,Sci-Fi
963,690,2,6.01,40715,86,2025,19.86,Horror
963,191,1,3.28,81673,160,2005,372.45,Sci-Fi
963,60,1,5.59,7891,162,2009,340.93,Drama
963,920,2,6.59,95905,116,2024,446.71,Horror
963,236,4,6.31,26562,136,2018,371.21,Sci-Fi
963,298,3,7.78,38539,165,2015,291.77,Comedy
963,537,4,8.77,88973,136,2019,460.87,Comedy
964,765,4,1.22,42188,174,2013,234.53,Horror
964,706,3,5.66,94977,89,2013,470.36,Horror
964,54,5,7.21,56948,161,2013,220.28,Horror
964,961,2,8.74,4618,138,2016,447.99,Sci-Fi
964,316,5,3.33,58946,159,2020,30.68,Horror
964,411,3,3.36,59097,154,2012,68.32,Comedy
964,430,2,2.11,36875,83,2012,258.94,Action
964,756,3,3.09,69709,128,2023,239.29,Horror
964,464,3,2.98,85928,178,2023,356.33,Action
964,115,5,1.77,77559,147,2006,365.07,Comedy
964,389,5,7.34,96328,145,2019,209.73,Horror
965,135,2,2.85,21011,146,2018,17.37,Action
965,958,2,1.38,74585,119,2015,83.46,Comedy
965,317,3,1.26,47758,147,2000,491.31,Action
965,840,2,9.92,81743,116,2011,356.81,Action
965,445,4,9.66,55105,91,2011,66.05,Sci-Fi
966,652,5,1.86,90366,91,2005,157.31,Drama
966,862,1,8.6,54386,162,2014,4.9,Drama
966,126,3,5.11,24173,158,2001,13.64,Action
966,292,2,8.56,88144,155,2015,17.06,Sci-Fi
966,772,4,7.87,41799,83,2025,86.38,Drama
966,858,4,6.33,53810,99,2000,213.14,Sci-Fi
966,833,1,9.64,89226,83,2018,438.4,Sci-Fi
966,887,1,3.41,2152,170,2020,327.14,Horror
966,438,5,7.36,17478,121,2007,235.5,Comedy
966,780,5,9.01,83260,92,2011,325.55,Horror
966,603,3,8.37,45849,147,2010,67.16,Horror
966,869,1,2.31,70416,133,2016,268.57,Horror
966,937,2,6.12,92703,112,2021,118.98,Sci-Fi
966,320,1,7.79,29293,110,2019,78.23,Drama
966,601,5,7.27,89309,123,2008,225.62,Horror
966,630,5,6.84,58001,91,2001,18.58,Drama
967,634,5,1.59,36019,176,2020,239.05,Comedy
967,788,2,5.58,45119,102,2010,176.93,Action
967,612,4,6.59,2854,166,2012,75.64,Sci-Fi
967,561,5,8.33,80287,177,2023,431.01,Drama
967,468,1,5.48,47993,148,2022,124.79,Horror
967,457,5,2.41,64071,111,2010,55.8,Action
967,397,1,9.22,52584,167,2002,33.48,Horror
967,745,2,2.06,8080,102,2002,9.28,Horror
967,653,4,1.37,18636,115,2013,385.98,Drama
967,27,4,5.55,20440,90,2006,497.82,Comedy
967,922,4,8.42,89513,139,2014,395.33,Sci-Fi
967,648,2,8.4,73521,98,2014,446.14,Comedy
968,209,1,3.21,14591,128,2025,454.02,Sci-Fi
968,174,2,5.67,75593,114,2017,326.12,Horror
968,622,3,1.61,90974,157,2024,411.14,Comedy
968,617,2,1.11,20931,87,2000,352.44,Horror
968,446,5,8.08,6551,86,2020,191.82,Action
968,411,1,3.36,59097,154,2012,68.32,Comedy
968,378,2,3.67,13659,125,2022,136.87,Action
968,681,5,9.65,20204,144,2025,399.7,Action
968,773,1,7.88,57203,176,2012,394.42,Action
968,73,2,2.77,77415,110,2003,181.86,Comedy
968,892,1,5.64,32894,167,2011,337.23,Horror
968,848,3,6.22,38911,150,2014,260.7,Action
968,386,4,8.75,97941,155,2013,486.2,Comedy
969,361,2,2.98,36499,160,2010,127.14,Action
969,344,1,6.93,31645,116,2020,407.34,Comedy
969,688,4,8.08,66761,177,2016,257.66,Action
969,404,4,3.47,22306,162,2012,417.09,Sci-Fi
969,738,5,7.14,30548,106,2008,374.07,Comedy
969,667,5,3.84,82538,112,2005,458.45,Sci-Fi
969,601,3,7.27,89309,123,2008,225.62,Horror
969,889,1,1.18,81276,123,2020,469.33,Action
969,131,1,9.46,35844,151,2000,314.03,Drama
969,892,3,5.64,32894,167,2011,337.23,Horror
969,924,5,8.08,38938,167,2000,38.8,Drama
969,72,1,2.36,73204,135,2012,70.55,Horror
970,634,4,1.59,36019,176,2020,239.05,Comedy
970,466,5,2.77,57353,91,2009,339.74,Comedy
970,590,4,7.58,43288,117,2019,44.25,Drama
970,848,1,6.22,38911,150,2014,260.7,Action
970,449,4,5.48,59019,154,2023,170.66,Horror
970,673,1,1.01,24127,100,2019,247.96,Sci-Fi
970,596,4,3.08,51778,85,2023,196.18,Sci-Fi
970,40,2,5.27,66477,124,2000,19.82,Drama
970,667,1,3.84,82538,112,2005,458.45,Sci-Fi
970,484,1,8.08,702,167,2012,470.12,Sci-Fi
970,630,3,6.84,58001,91,2001,18.58,Drama
970,782,4,4.64,70405,88,2002,59.36,Action
970,57,2,7.56,87413,93,2007,309.2,Action
970,901,2,9.14,58728,86,2012,283.54,Horror
970,657,3,3.61,66040,95,2006,390.07,Sci-Fi
970,897,1,4.21,86179,165,2000,13.44,Comedy
970,585,2,2.85,11672,83,2001,77.16,Horror
970,228,1,4.13,72068,106,2020,98.28,Drama
970,379,4,5.81,89228,93,2000,57.43,Comedy
971,679,1,4.63,87477,120,2000,390.95,Action
971,543,3,3.53,78712,121,2018,151.25,Action
971,441,5,3.26,60167,144,2022,82.31,Horror
971,571,3,5.72,95304,163,2014,115.56,Horror
971,990,1,3.02,58840,108,2005,307.53,Comedy
971,687,4,4.46,73322,149,2015,35.45,Horror
971,514,2,2.45,61762,171,2018,476.47,Action
971,738,5,7.14,30548,106,2008,374.07,Comedy
971,398,4,2.76,70800,98,2023,282.94,Comedy
971,784,2,2.64,2654,137,2021,225.41,Horror
971,793,1,7.83,10542,177,2012,482.9,Action
972,31,2,3.96,19834,118,2016,495.64,Action
972,196,3,4.53,15059,132,2020,7.01,Horror
972,322,2,1.32,40061,107,2011,460.36,Action
972,489,5,7.02,42440,108,2015,482.79,Horror
972,805,1,6.79,35610,99,2020,499.68,Action
972,968,4,6.05,82673,123,2022,225.15,Action
972,653,3,1.37,18636,115,2013,385.98,Drama
972,802,5,1.21,26630,178,2003,140.79,Horror
972,370,3,6.8,45998,135,2000,89.79,Sci-Fi
972,765,1,1.22,42188,174,2013,234.53,Horror
973,290,3,6.65,57610,100,2023,317.18,Sci-Fi
973,65,1,7.17,91950,129,2008,184.62,Comedy
973,326,4,5.09,3775,153,2005,315.78,Drama
973,531,1,6.18,56109,161,2010,198.33,Drama
973,706,5,5.66,94977,89,2013,470.36,Horror
973,13,4,9.33,81747,121,2015,234.07,Comedy
973,372,1,3.6,79355,160,2004,137.05,Sci-Fi
973,400,3,9.03,27328,124,2003,272.8,Comedy
973,50,1,1.61,98674,177,2011,434.99,Action
973,555,2,1.52,78254,141,2002,107.08,Drama
973,477,3,9.88,55707,160,2012,28.86,Horror
974,420,5,3.92,87954,144,2006,387.48,Drama
974,330,3,1.62,50453,134,2011,368.22,Drama
974,511,1,5.35,16669,159,2000,127.75,Horror
974,398,1,2.76,70800,98,2023,282.94,Comedy
974,120,3,3.19,75376,138,2001,408.56,Sci-Fi
974,650,1,3.22,49269,89,2013,74.97,Action
974,602,5,4.2,84860,167,2017,124.1,Action
974,667,1,3.84,82538,112,2005,458.45,Sci-Fi
974,582,4,4.01,59881,142,2010,402.94,Action
974,89,2,3.22,22791,112,2004,446.59,Horror
975,603,5,8.37,45849,147,2010,67.16,Horror
975,635,1,3.17,17449,81,2017,431.16,Drama
975,281,3,8.97,95657,94,2025,488.23,Horror
975,412,2,3.28,41093,161,2009,19.66,Horror
975,814,5,5.77,1945,103,2005,69.34,Drama
975,365,5,2.38,58862,176,2023,21.36,Drama
975,256,1,2.73,84742,137,2006,219.44,Drama
975,573,3,8.16,57502,167,2013,268.95,Action
975,401,2,9.6,49419,100,2003,460.68,Action
975,340,2,4.09,85272,119,2002,464.82,Horror
975,799,1,9.47,49315,124,2019,332.13,Comedy
975,928,2,6.27,4593,133,2006,352.48,Sci-Fi
976,938,4,1.86,45274,147,2008,394.49,Action
976,579,1,8.16,48731,154,2015,445.64,Drama
976,602,1,4.2,84860,167,2017,124.1,Action
976,812,5,8.43,56127,131,2008,146.46,Horror
976,612,1,6.59,2854,166,2012,75.64,Sci-Fi
976,93,3,3.83,80292,156,2015,472.0,Horror
976,471,5,7.99,30085,146,2014,166.01,Horror
977,62,4,6.57,4296,88,2009,337.48,Comedy
977,258,3,1.43,55821,102,2001,95.64,Comedy
977,308,2,4.09,90928,135,2011,484.1,Comedy
977,560,5,2.3,12617,158,2014,325.81,Sci-Fi
977,173,1,3.94,71439,112,2017,139.2,Drama
977,972,1,4.82,99936,122,2008,121.31,Sci-Fi
977,729,1,7.49,80041,144,2009,373.29,Sci-Fi
977,844,2,4.51,31995,137,2023,16.2,Drama
977,237,3,4.12,18822,110,2019,337.36,Drama
977,885,2,6.41,92131,136,2003,292.64,Sci-Fi
978,996,4,7.17,42251,177,2010,166.47,Sci-Fi
978,232,1,5.07,37648,97,2012,416.63,Sci-Fi
978,220,5,5.14,6131,113,2016,137.22,Horror
978,722,1,1.99,59682,85,2007,469.31,Comedy
978,490,2,8.15,60011,115,2000,73.26,Sci-Fi
979,382,4,6.33,83895,93,2015,475.43,Sci-Fi
979,947,3,4.06,85728,176,2019,40.31,Sci-Fi
979,395,3,4.83,82972,113,2024,220.74,Action
979,985,4,3.33,36786,156,2000,268.77,Comedy
979,406,2,8.02,49702,90,2006,444.04,Action
979,344,3,6.93,31645,116,2020,407.34,Comedy
979,796,4,7.09,55245,129,2024,67.12,Horror
979,362,1,3.21,88480,80,2015,479.86,Drama
979,868,5,5.19,87184,99,2003,377.54,Drama
979,410,1,1.99,76037,175,2005,121.71,Drama
979,222,1,8.91,33322,116,2013,332.48,Sci-Fi
979,722,1,1.99,59682,85,2007,469.31,Comedy
979,184,5,1.6,10118,167,2012,26.61,Horror
979,445,1,9.66,55105,91,2011,66.05,Sci-Fi
979,829,5,8.73,97987,103,2008,153.07,Sci-Fi
979,606,1,6.57,75987,151,2018,424.04,Sci-Fi
979,437,5,5.35,39997,123,2007,430.92,Action
979,862,5,8.6,54386,162,2014,4.9,Drama
979,752,1,5.55,73479,178,2010,416.1,Action
979,128,1,1.19,18008,84,2017,488.75,Action
980,962,2,4.78,92837,123,2007,345.0,Action
980,265,4,4.25,20866,142,2024,155.31,Horror
980,89,1,3.22,22791,112,2004,446.59,Horror
980,68,5,5.07,84734,152,2006,413.9,Sci-Fi
980,870,5,7.6,16428,119,2011,8.27,Drama
980,542,5,4.59,68455,81,2000,217.18,Drama
980,722,3,1.99,59682,85,2007,469.31,Comedy
980,61,1,2.4,33957,143,2013,167.78,Sci-Fi
980,133,5,7.37,97865,130,2001,262.76,Sci-Fi
981,506,3,3.31,66681,143,2005,122.63,Action
981,342,2,5.65,81897,156,2012,39.87,Sci-Fi
981,854,3,2.14,25103,175,2018,363.58,Sci-Fi
981,888,4,2.16,64533,177,2008,276.93,Comedy
981,257,4,1.54,40835,113,2022,241.54,Drama
981,519,4,2.54,16335,126,2000,207.51,Drama
981,907,5,3.67,44489,134,2018,242.36,Sci-Fi
982,636,3,6.24,52730,142,2000,232.06,Sci-Fi
982,585,2,2.85,11672,83,2001,77.16,Horror
982,740,4,6.21,8833,119,2016,10.08,Sci-Fi
982,348,1,8.25,74900,107,2016,249.14,Drama
982,180,1,5.32,6140,96,2010,165.88,Sci-Fi
982,752,1,5.55,73479,178,2010,416.1,Action
982,243,4,4.15,27887,163,2000,497.35,Comedy
982,112,5,8.58,42298,145,2024,255.56,Horror
982,9,2,2.75,57485,179,2024,397.22,Comedy
982,358,4,6.62,76538,157,2012,264.9,Sci-Fi
982,504,3,3.88,79745,134,2015,355.54,Sci-Fi
982,475,3,2.83,7034,93,2019,481.66,Horror
982,310,5,7.61,61088,114,2002,451.46,Sci-Fi
983,380,5,9.48,4242,152,2007,30.0,Drama
983,258,1,1.43,55821,102,2001,95.64,Comedy
983,687,5,4.46,73322,149,2015,35.45,Horror
983,280,2,7.51,53033,97,2016,303.32,Sci-Fi
983,345,5,2.2,27687,138,2001,138.14,Sci-Fi
983,304,1,4.82,65425,99,2004,433.65,Horror
983,597,1,4.03,87858,171,2022,98.28,Action
983,930,5,8.36,69428,81,2000,443.81,Horror
983,342,4,5.65,81897,156,2012,39.87,Sci-Fi
983,312,2,9.75,44565,114,2021,309.8,Sci-Fi
983,69,5,9.98,70228,143,2020,77.72,Horror
983,653,1,1.37,18636,115,2013,385.98,Drama
983,284,1,1.24,4404,150,2011,95.24,Sci-Fi
983,729,1,7.49,80041,144,2009,373.29,Sci-Fi
983,686,5,5.91,17006,107,2017,151.41,Comedy
983,837,4,1.17,18370,171,2017,388.14,Action
983,547,1,9.24,49636,170,2000,146.51,Comedy
983,193,2,3.3,39372,147,2006,128.91,Horror
983,563,1,1.64,67428,95,2000,458.69,Sci-Fi
983,217,5,7.06,66917,96,2016,434.09,Comedy
984,198,3,5.48,634,116,2005,116.52,Drama
984,965,5,3.7,26025,146,2000,10.94,Sci-Fi
984,290,5,6.65,57610,100,2023,317.18,Sci-Fi
984,839,2,5.47,66733,123,2003,270.83,Horror
984,607,3,2.75,23737,148,2015,10.39,Comedy
985,122,1,3.46,36870,132,2011,499.47,Action
985,594,3,1.57,21327,177,2003,369.21,Drama
985,463,5,4.05,43827,152,2024,205.66,Action
985,392,4,4.42,25874,174,2016,14.14,Comedy
985,859,5,3.4,29069,166,2000,239.74,Sci-Fi
985,14,5,3.85,87855,82,2019,165.71,Drama
985,333,2,7.58,70874,154,2014,399.59,Action
986,476,4,6.41,74520,151,2014,269.98,Comedy
986,227,5,7.08,39839,107,2000,189.71,Comedy
986,530,2,6.61,64206,170,2004,175.97,Action
986,30,4,5.22,27809,167,2006,142.13,Horror
986,111,3,1.16,95508,117,2005,451.54,Action
986,662,1,7.44,96530,141,2009,177.54,Comedy
986,876,3,9.08,83915,143,2025,294.52,Drama
986,524,1,9.53,92448,94,2004,8.95,Sci-Fi
986,393,3,5.76,98306,124,2002,174.8,Horror
986,61,3,2.4,33957,143,2013,167.78,Sci-Fi
986,706,4,5.66,94977,89,2013,470.36,Horror
986,254,5,9.87,83211,96,2010,124.67,Horror
986,260,2,5.4,71909,102,2024,113.42,Comedy
987,866,1,5.96,30418,178,2015,213.55,Drama
987,951,2,7.82,43204,164,2013,495.29,Action
987,548,3,8.2,20271,168,2006,375.9,Comedy
987,542,1,4.59,68455,81,2000,217.18,Drama
987,530,5,6.61,64206,170,2004,175.97,Action
987,62,1,6.57,4296,88,2009,337.48,Comedy
988,944,3,1.14,26463,175,2018,264.83,Horror
988,293,1,8.18,60661,168,2013,433.2,Comedy
988,461,4,3.34,48242,133,2014,17.23,Action
988,476,1,6.41,74520,151,2014,269.98,Comedy
988,97,5,6.55,43732,143,2003,233.6,Comedy
989,970,1,6.87,83003,180,2004,297.95,Sci-Fi
989,119,4,5.16,55001,132,2018,449.76,Drama
989,44,5,1.45,18008,160,2001,264.4,Comedy
989,901,1,9.14,58728,86,2012,283.54,Horror
989,831,1,6.34,52150,150,2012,3.52,Sci-Fi
989,143,1,9.16,86016,98,2024,375.78,Sci-Fi
989,471,1,7.99,30085,146,2014,166.01,Horror
989,767,1,5.57,96171,137,2012,38.83,Sci-Fi
989,751,4,3.62,2410,142,2022,135.36,Horror
989,187,2,5.23,80449,82,2008,142.22,Action
990,590,4,7.58,43288,117,2019,44.25,Drama
990,40,3,5.27,66477,124,2000,19.82,Drama
990,165,4,4.6,92185,87,2020,473.9,Sci-Fi
990,813,5,4.19,17161,127,2019,116.49,Comedy
990,134,5,6.29,50767,134,2010,393.46,Drama
990,3,1,7.43,36207,135,2018,218.06,Horror
990,873,2,1.23,51620,156,2003,452.06,Action
990,486,2,3.96,76012,124,2007,113.38,Drama
990,358,5,6.62,76538,157,2012,264.9,Sci-Fi
990,99,4,7.85,46519,122,2019,488.9,Drama
990,772,4,7.87,41799,83,2025,86.38,Drama
990,386,4,8.75,97941,155,2013,486.2,Comedy
990,814,3,5.77,1945,103,2005,69.34,Drama
990,985,2,3.33,36786,156,2000,268.77,Comedy
990,192,1,4.69,95544,180,2024,146.0,Action
990,974,2,6.02,67474,176,2017,455.13,Comedy
990,888,1,2.16,64533,177,2008,276.93,Comedy
991,267,1,4.15,80297,128,2016,291.96,Drama
991,701,5,9.07,4375,147,2012,480.64,Action
991,626,2,5.42,73753,134,2018,132.26,Drama
991,938,5,1.86,45274,147,2008,394.49,Action
991,33,1,7.52,87662,85,2011,64.04,Comedy
991,74,1,3.26,91915,148,2011,169.31,Sci-Fi
991,829,4,8.73,97987,103,2008,153.07,Sci-Fi
991,775,5,1.45,47731,154,2004,189.17,Drama
991,612,5,6.59,2854,166,2012,75.64,Sci-Fi
991,122,4,3.46,36870,132,2011,499.47,Action
992,676,4,3.26,10833,108,2008,414.41,Sci-Fi
992,400,5,9.03,27328,124,2003,272.8,Comedy
992,206,5,7.54,29513,143,2009,265.59,Comedy
992,147,1,5.83,89198,86,2004,87.22,Drama
992,406,4,8.02,49702,90,2006,444.04,Action
992,721,1,6.73,95594,151,2019,464.09,Action
992,567,5,5.24,41558,144,2022,489.96,Horror
992,56,2,7.84,40133,111,2013,406.83,Drama
992,680,3,2.96,71122,133,2014,404.31,Comedy
992,820,5,7.23,71604,120,2005,294.29,Drama
992,603,3,8.37,45849,147,2010,67.16,Horror
992,501,5,7.18,64430,125,2004,194.5,Horror
992,458,1,6.05,71201,123,2013,162.74,Horror
992,383,5,3.15,95255,88,2005,167.8,Horror
992,78,2,3.55,51420,95,2020,198.44,Horror
993,780,5,9.01,83260,92,2011,325.55,Horror
993,653,2,1.37,18636,115,2013,385.98,Drama
993,425,5,8.58,92039,95,2020,138.42,Horror
993,116,1,5.35,71734,87,2018,199.33,Comedy
993,154,1,4.91,10769,138,2010,341.07,Sci-Fi
993,789,3,1.91,60846,172,2004,159.97,Horror
993,348,5,8.25,74900,107,2016,249.14,Drama
993,810,4,6.74,92177,102,2006,8.07,Action
993,821,3,8.49,22979,178,2017,212.43,Comedy
993,227,3,7.08,39839,107,2000,189.71,Comedy
993,787,2,1.23,43591,152,2002,206.56,Comedy
993,927,4,3.23,26566,147,2025,311.01,Comedy
993,633,4,5.7,71329,123,2024,448.39,Horror
993,276,2,1.12,6389,101,2006,287.54,Sci-Fi
993,113,5,3.3,73085,179,2000,154.46,Sci-Fi
993,482,5,3.33,82227,171,2001,201.49,Sci-Fi
993,815,4,8.24,90909,86,2007,400.91,Horror
993,404,2,3.47,22306,162,2012,417.09,Sci-Fi
994,18,1,4.04,13427,88,2005,442.32,Drama
994,870,5,7.6,16428,119,2011,8.27,Drama
994,315,5,1.1,32606,136,2023,277.41,Sci-Fi
994,502,4,6.4,74976,136,2007,210.11,Comedy
994,291,1,8.24,27127,142,2010,497.62,Sci-Fi
994,39,5,9.34,24862,124,2023,234.75,Sci-Fi
995,572,3,5.85,47602,80,2005,128.1,Action
995,608,2,4.18,62105,148,2018,183.3,Comedy
995,99,5,7.85,46519,122,2019,488.9,Drama
995,626,3,5.42,73753,134,2018,132.26,Drama
995,132,2,5.7,50657,135,2016,423.62,Comedy
996,446,3,8.08,6551,86,2020,191.82,Action
996,579,3,8.16,48731,154,2015,445.64,Drama
996,955,4,6.51,20594,178,2023,106.79,Sci-Fi
996,903,3,1.94,81926,135,2005,421.75,Sci-Fi
996,327,4,2.09,68843,154,2014,131.86,Action
996,885,3,6.41,92131,136,2003,292.64,Sci-Fi
997,458,3,6.05,71201,123,2013,162.74,Horror
997,672,3,2.7,40024,148,2011,452.93,Drama
997,610,5,9.83,86013,124,2001,225.99,Sci-Fi
997,566,1,5.29,24787,162,2014,301.99,Sci-Fi
997,486,3,3.96,76012,124,2007,113.38,Drama
997,186,1,6.01,77584,104,2014,185.0,Drama
998,138,3,5.28,94078,145,2023,151.58,Action
998,613,4,7.73,74123,172,2009,285.11,Horror
998,246,1,7.3,82488,100,2020,415.61,Drama
998,14,1,3.85,87855,82,2019,165.71,Drama
998,81,4,1.66,99147,101,2005,271.88,Drama
998,962,1,4.78,92837,123,2007,345.0,Action
998,760,2,4.29,37897,138,2021,351.74,Comedy
998,435,1,7.62,93493,113,2008,431.56,Action
998,255,3,9.75,86396,163,2003,55.95,Horror
998,636,3,6.24,52730,142,2000,232.06,Sci-Fi
998,538,3,7.53,30148,114,2020,114.76,Comedy
998,554,2,2.8,89037,146,2004,450.94,Comedy
999,34,4,1.94,93098,176,2011,391.48,Horror
999,193,3,3.3,39372,147,2006,128.91,Horror
999,778,3,6.5,59642,175,2005,479.96,Comedy
999,148,5,9.88,81316,167,2016,274.2,Drama
999,701,2,9.07,4375,147,2012,480.64,Action
999,931,5,5.27,48159,120,2019,301.15,Horror
999,950,5,5.09,74106,122,2020,396.98,Drama
999,292,3,8.56,88144,155,2015,17.06,Sci-Fi
999,363,5,5.74,10936,118,2019,498.35,Drama
999,659,3,1.53,60110,103,2024,408.18,Action
999,247,5,5.01,52072,116,2001,189.93,Action
999,404,2,3.47,22306,162,2012,417.09,Sci-Fi
999,57,2,7.56,87413,93,2007,309.2,Action
999,921,1,6.43,84191,80,2000,96.05,Horror
1000,3,2,7.43,36207,135,2018,218.06,Horror
1000,679,4,4.63,87477,120,2000,390.95,Action
1000,670,2,7.18,64496,122,2019,408.96,Drama
1000,130,4,8.9,23520,152,2013,44.64,Sci-Fi
1000,423,4,4.54,43044,101,2012,154.5,Horror
1000,730,5,1.76,91682,166,2017,237.37,Drama
1000,943,1,8.26,9914,176,2023,28.99,Action
1000,601,3,7.27,89309,123,2008,225.62,Horror
1000,215,5,1.32,3654,169,2025,16.63,Drama
1000,971,4,4.99,32952,132,2004,180.09,Drama
1000,534,1,9.22,29740,98,2013,129.47,Drama
1000,960,1,1.56,52459,127,2000,92.35,Action
1000,673,5,1.01,24127,100,2019,247.96,Sci-Fi
1000,74,1,3.26,91915,148,2011,169.31,Sci-Fi
1000,506,4,3.31,66681,143,2005,122.63,Action
1000,341,4,7.42,12879,86,2002,458.64,Comedy
1000,988,5,9.01,39640,142,2000,190.61,Drama
1000,588,2,8.13,47748,129,2023,101.31,Comedy
