user_id,movie_id,rating
1,787,3
1,733,3
1,427,1
1,397,4
1,583,5
1,264,5
1,553,5
1,729,1
1,960,5
1,100,3
1,171,2
2,194,4
2,407,3
2,676,5
2,652,3
2,453,3
2,742,4
2,625,1
2,550,1
2,283,4
2,348,4
2,473,2
2,275,3
3,407,1
3,380,2
3,112,1
3,194,2
3,358,3
3,120,2
3,281,2
3,558,1
4,488,5
4,880,4
4,507,4
4,144,1
4,981,3
4,129,2
5,859,2
5,62,3
5,950,5
5,695,4
5,901,5
5,352,2
5,583,3
5,4,2
5,856,5
5,391,4
5,7,1
5,112,4
6,224,2
6,292,5
6,809,5
6,643,1
6,118,3
6,336,3
6,737,5
6,821,1
6,965,1
6,746,5
6,462,3
6,133,1
6,102,1
6,106,5
6,995,3
7,621,4
7,860,2
7,840,1
7,103,4
7,440,3
7,223,3
7,943,5
7,991,1
7,815,1
7,385,2
8,106,2
8,525,3
8,213,5
8,181,1
8,896,2
8,283,4
8,958,4
8,563,2
8,768,2
8,316,5
8,217,5
8,147,4
8,45,4
8,276,2
8,123,2
8,822,1
8,604,5
8,564,1
9,923,4
9,358,1
9,406,5
9,63,1
9,770,4
9,257,2
9,936,5
9,506,4
9,963,3
9,894,4
9,602,1
9,44,4
9,311,1
9,509,1
9,667,3
10,124,2
10,841,2
10,424,5
10,777,2
10,41,5
10,909,4
11,561,1
11,424,1
11,91,1
11,708,1
11,627,4
11,470,4
12,609,4
12,445,3
12,661,2
12,583,1
12,33,3
12,261,3
13,667,3
13,362,1
13,27,2
13,249,5
13,233,1
13,838,3
13,790,4
13,10,1
13,999,1
13,187,2
13,98,2
13,617,1
13,164,2
13,480,4
13,429,2
13,930,2
13,5,4
13,500,2
13,595,2
14,174,5
14,237,3
14,188,5
14,199,2
14,469,1
14,314,5
14,335,4
14,19,4
14,357,5
14,540,2
14,865,2
14,181,1
14,213,3
14,315,5
14,441,2
15,324,4
15,880,5
15,419,3
15,167,2
15,182,2
15,844,4
15,257,4
15,73,2
15,770,3
15,311,3
15,648,5
15,346,5
15,619,4
15,837,1
15,366,2
15,478,4
15,560,3
15,297,5
15,721,3
16,708,1
16,688,2
16,288,2
16,777,1
16,44,2
16,398,2
16,281,1
16,160,1
16,239,5
16,874,5
16,762,3
16,178,2
16,629,4
16,117,2
17,423,4
17,884,5
17,783,4
17,275,3
17,463,4
17,612,5
17,446,1
17,814,3
18,63,5
18,811,5
18,410,4
18,403,5
18,985,1
18,881,1
18,804,1
18,846,4
18,134,2
18,533,1
19,316,3
19,24,4
19,105,5
19,236,5
19,872,2
19,905,2
19,993,5
19,510,3
19,303,4
19,592,4
19,134,2
19,615,3
20,938,4
20,138,3
20,698,1
20,844,1
20,872,5
20,838,5
20,127,1
20,94,1
20,375,5
20,155,1
20,778,3
20,600,1
20,829,2
20,77,5
20,617,3
20,783,5
21,542,3
21,663,3
21,94,1
21,518,3
21,86,4
21,92,3
21,96,2
21,275,5
21,859,4
21,492,2
22,986,3
22,218,2
22,846,2
22,510,1
22,578,1
22,981,5
22,269,5
22,402,5
22,381,4
22,588,3
22,311,4
22,455,2
22,25,2
22,383,1
22,120,1
22,718,4
22,296,5
22,769,4
23,259,5
23,656,5
23,380,1
23,963,5
23,266,2
23,587,3
23,89,3
23,525,2
23,51,5
23,148,3
23,627,1
23,13,5
23,560,4
23,317,2
23,73,1
23,93,5
23,334,3
24,212,2
24,887,3
24,97,3
24,434,4
24,473,2
24,27,4
24,542,3
25,678,3
25,830,5
25,140,4
25,166,5
25,915,5
26,261,5
26,160,4
26,80,4
26,988,2
26,965,5
26,999,3
26,894,4
26,326,5
26,605,2
26,119,3
27,490,1
27,3,1
27,372,4
27,846,2
27,236,2
27,869,3
27,663,3
27,25,2
27,130,5
27,271,2
27,749,1
27,343,2
27,515,3
27,292,3
27,921,1
27,174,1
27,832,1
27,170,4
27,586,4
28,629,1
28,320,2
28,192,5
28,334,4
28,171,3
28,720,2
28,874,5
28,47,2
28,188,3
28,580,5
28,808,4
29,126,1
29,43,2
29,693,1
29,533,1
29,355,1
29,368,5
29,925,1
30,254,1
30,951,3
30,435,2
30,152,4
30,895,3
30,339,1
30,53,2
30,580,5
30,699,5
30,696,2
30,321,3
31,481,4
31,13,5
31,143,2
31,356,2
31,358,2
31,498,4
32,717,2
32,7,1
32,593,4
32,760,4
32,215,1
32,931,3
32,266,2
32,428,4
32,761,1
32,905,4
32,212,4
32,298,3
32,511,4
32,399,1
32,412,1
32,385,2
32,209,1
32,617,5
33,416,4
33,943,5
33,980,3
33,700,1
33,28,2
33,41,5
33,857,4
33,871,1
33,509,4
33,350,5
33,101,5
33,543,5
33,779,4
33,398,3
33,329,4
33,678,3
33,502,4
33,241,4
33,556,3
33,60,1
34,743,4
34,387,4
34,671,2
34,133,4
34,383,3
34,731,5
34,200,4
34,867,5
34,938,5
34,577,1
34,874,2
34,21,3
34,977,3
34,552,3
34,39,4
34,997,1
34,913,2
35,883,2
35,91,3
35,978,4
35,59,2
35,313,4
35,598,3
35,489,1
35,465,2
35,517,3
35,946,1
35,123,3
36,390,3
36,567,4
36,256,5
36,822,4
36,17,1
36,323,2
36,708,2
36,344,2
36,552,3
36,73,5
36,571,4
36,480,3
36,220,5
36,782,3
36,824,2
36,805,2
36,221,2
36,628,1
36,486,3
37,952,5
37,220,1
37,267,3
37,139,2
37,370,5
37,28,5
37,885,3
37,708,1
37,363,3
37,902,1
37,894,4
37,227,2
37,765,5
37,231,1
37,149,1
37,124,1
37,196,5
37,759,5
38,726,5
38,92,2
38,520,3
38,588,3
38,82,3
38,315,5
38,505,2
38,297,5
38,247,3
38,972,2
38,641,3
39,978,3
39,412,2
39,467,4
39,283,3
39,955,3
39,784,1
39,196,5
39,852,3
39,184,1
39,900,3
39,774,5
39,705,4
39,609,2
39,422,2
40,299,1
40,860,5
40,889,1
40,276,4
40,470,5
40,154,3
40,962,1
40,439,1
40,622,4
41,942,4
41,944,3
41,267,4
41,222,3
41,705,2
41,312,1
41,869,4
42,557,1
42,929,5
42,831,1
42,595,2
42,700,4
43,320,1
43,693,3
43,125,5
43,526,5
43,387,4
43,768,2
43,279,4
43,782,4
43,636,3
43,25,2
43,775,3
43,933,5
43,120,2
43,968,4
43,119,5
43,646,4
43,90,4
43,516,5
43,756,1
43,207,4
44,588,3
44,614,3
44,708,2
44,402,5
44,804,3
44,329,2
44,806,2
44,927,2
44,822,5
44,759,1
44,352,1
44,17,3
44,563,3
44,82,1
44,53,1
44,390,4
44,948,3
45,97,5
45,836,2
45,31,5
45,98,4
45,452,4
45,867,1
45,314,3
45,395,3
45,659,1
45,167,2
45,618,5
45,747,2
46,254,3
46,567,4
46,504,2
46,911,3
46,24,1
46,555,5
46,928,2
46,332,4
46,249,3
46,549,1
46,319,2
47,320,1
47,122,4
47,882,4
47,280,1
47,225,5
47,741,1
47,584,4
47,193,1
47,567,3
47,776,2
47,160,1
47,378,2
47,521,1
47,207,1
47,461,4
47,669,5
47,313,2
47,953,1
47,108,3
48,87,1
48,119,4
48,835,2
48,941,3
48,344,5
48,331,3
48,706,2
48,346,2
49,789,1
49,672,2
49,372,3
49,510,5
49,161,2
49,79,2
49,94,3
50,103,2
50,931,4
50,980,1
50,604,1
50,49,5
50,592,4
50,297,4
50,96,3
50,857,4
51,467,5
51,996,5
51,887,1
51,877,4
51,728,2
51,274,3
51,787,5
51,828,5
51,745,4
51,481,5
51,72,5
51,110,5
51,590,4
51,816,1
51,404,5
52,814,2
52,762,3
52,742,3
52,567,5
52,684,2
52,327,1
52,622,2
52,958,1
52,458,1
53,739,2
53,780,5
53,861,5
53,523,1
53,13,1
53,989,1
53,23,1
53,992,3
53,644,5
53,952,1
53,424,5
53,651,3
53,121,2
53,413,5
53,639,5
53,761,1
53,880,2
54,269,5
54,726,1
54,67,5
54,333,5
54,974,3
54,308,2
54,195,1
54,263,3
54,371,4
54,65,3
54,608,2
54,68,3
54,530,5
54,165,5
54,981,1
54,174,4
55,895,3
55,601,3
55,455,4
55,614,5
55,106,2
55,704,4
55,306,2
55,733,2
55,60,4
55,777,4
55,117,4
55,310,2
55,261,3
55,687,4
55,151,2
55,707,4
55,636,2
55,630,1
55,97,3
56,631,5
56,638,2
56,482,3
56,628,5
56,584,3
56,579,3
56,260,4
56,981,1
56,642,5
56,755,5
56,166,3
56,212,3
56,497,5
56,460,4
56,972,3
56,233,4
57,794,1
57,915,4
57,154,2
57,140,5
57,478,2
57,93,3
57,250,3
57,788,5
57,977,1
57,426,3
57,281,2
58,181,1
58,803,2
58,395,5
58,416,1
58,609,5
58,554,2
58,9,5
58,866,5
58,39,2
58,614,3
58,398,1
58,412,4
58,733,5
58,880,4
58,705,2
58,760,1
59,706,1
59,910,4
59,804,4
59,288,2
59,823,3
59,824,3
59,49,4
59,13,1
59,201,5
59,69,3
59,787,1
59,990,3
60,947,3
60,101,3
60,625,4
60,65,1
60,423,2
60,436,2
60,799,1
60,924,3
60,723,3
60,67,3
60,795,2
60,617,3
60,478,4
60,816,5
61,594,4
61,952,2
61,591,5
61,6,3
61,920,2
62,250,4
62,300,5
62,916,2
62,236,1
62,384,1
62,813,1
62,470,2
62,818,1
62,388,2
62,877,5
62,694,1
62,459,3
62,108,4
62,161,3
63,300,3
63,882,2
63,118,4
63,308,3
63,675,1
63,229,1
64,421,3
64,959,3
64,90,3
64,45,1
64,943,4
64,768,5
64,355,3
64,288,3
64,835,1
64,633,4
64,609,5
64,513,1
64,245,3
65,755,2
65,669,1
65,533,5
65,698,2
65,97,3
65,41,2
65,571,4
65,675,3
65,766,3
65,693,5
65,299,3
66,619,4
66,110,5
66,933,3
66,245,3
66,173,4
66,524,1
66,138,2
66,38,5
67,306,2
67,185,5
67,135,5
67,918,2
67,429,4
67,533,4
67,230,3
68,835,2
68,287,1
68,567,2
68,472,1
68,434,4
68,524,1
68,594,2
68,926,2
68,187,1
68,81,2
68,435,1
68,655,1
69,579,3
69,366,3
69,35,4
69,334,5
69,928,4
69,598,2
69,118,4
69,294,4
69,468,1
69,111,2
69,703,2
69,108,4
69,941,5
69,380,5
69,193,2
69,724,2
69,149,2
70,907,1
70,353,1
70,108,3
70,203,2
70,443,1
70,99,2
70,184,1
70,505,4
70,215,1
70,624,2
70,159,2
70,975,4
70,861,2
70,135,4
70,149,3
70,388,1
70,775,3
70,758,2
70,615,2
70,812,1
71,429,5
71,392,2
71,661,3
71,408,5
71,978,1
71,955,1
71,106,5
71,552,4
72,763,2
72,610,5
72,565,5
72,597,2
72,983,5
72,664,1
72,908,5
72,150,5
72,753,4
72,251,3
72,956,3
72,385,2
72,44,5
72,906,4
72,407,1
72,30,2
73,619,3
73,635,5
73,410,5
73,358,2
73,757,3
73,895,4
73,527,3
73,39,5
74,957,3
74,450,5
74,686,4
74,666,5
74,535,5
74,395,2
74,233,4
74,434,2
74,477,4
75,738,3
75,686,4
75,489,5
75,954,2
75,227,3
75,22,5
75,81,3
76,215,2
76,932,5
76,50,2
76,32,4
76,273,4
76,363,3
76,323,5
76,260,5
77,936,4
77,502,4
77,990,5
77,67,4
77,584,2
77,846,3
77,207,3
77,198,1
77,147,4
77,710,3
78,411,5
78,233,3
78,196,3
78,667,2
78,261,1
78,269,5
78,814,5
78,847,3
78,965,3
78,86,2
78,732,5
78,802,2
78,940,3
78,179,4
78,749,4
78,335,4
78,463,3
79,560,2
79,734,5
79,105,5
79,864,2
79,829,2
79,789,2
79,809,1
79,781,3
79,431,2
80,601,1
80,43,4
80,274,3
80,582,2
80,708,1
80,336,1
80,717,1
80,699,3
80,289,3
80,318,3
80,525,2
80,912,3
80,950,2
80,22,3
80,832,3
80,367,3
80,296,1
80,530,2
80,848,4
80,793,1
81,252,5
81,256,4
81,156,1
81,762,4
81,922,3
81,432,5
81,585,5
81,778,3
81,182,5
81,732,4
82,501,5
82,420,3
82,404,5
82,515,5
82,586,1
83,275,3
83,336,3
83,412,4
83,841,3
83,128,2
83,566,1
83,512,5
83,637,2
83,47,5
83,338,2
83,701,2
83,94,4
83,77,1
84,370,4
84,98,4
84,426,1
84,597,1
84,858,3
84,735,3
84,979,1
84,914,4
84,202,1
84,859,1
84,416,3
84,912,5
84,642,5
84,83,2
84,411,1
84,661,4
84,40,3
84,128,3
84,740,5
85,236,4
85,710,4
85,35,4
85,755,4
85,730,2
85,284,5
85,533,4
85,312,1
85,87,5
85,531,1
85,515,2
85,793,2
85,853,5
85,305,4
85,98,3
85,956,2
86,549,3
86,411,3
86,576,1
86,191,4
86,58,3
86,125,5
86,704,5
86,137,2
86,252,2
86,967,3
86,702,5
86,243,4
87,983,4
87,537,5
87,180,3
87,972,3
87,106,1
87,246,3
87,626,4
87,572,1
87,385,3
87,164,5
87,195,2
87,915,4
87,525,4
87,232,3
87,680,1
88,927,5
88,645,1
88,842,1
88,301,4
88,424,5
88,553,2
88,78,4
88,692,5
88,85,5
88,851,4
88,609,2
88,108,5
88,330,4
89,571,4
89,329,4
89,683,2
89,503,3
89,706,2
90,484,5
90,777,2
90,98,3
90,576,3
90,726,1
90,786,3
90,852,3
90,788,2
90,345,2
90,470,1
90,459,1
90,151,2
90,55,2
90,483,2
90,918,3
90,773,5
90,482,5
90,772,1
90,607,1
91,723,2
91,687,5
91,190,2
91,493,4
91,635,4
91,91,2
91,189,2
92,135,5
92,148,1
92,16,5
92,134,4
92,356,2
92,434,4
92,961,3
92,568,3
92,729,5
92,82,4
92,229,2
92,880,2
92,715,3
92,726,2
92,482,1
92,220,5
92,606,1
92,648,2
92,126,1
93,281,1
93,221,1
93,64,4
93,305,3
93,415,3
93,686,5
93,124,2
94,343,5
94,993,5
94,342,2
94,94,4
94,486,5
94,540,5
94,902,2
94,734,1
94,469,1
94,239,4
94,64,2
94,838,4
94,969,5
94,341,5
94,41,3
95,654,3
95,141,2
95,829,3
95,659,2
95,395,1
95,172,4
95,757,4
95,595,3
96,411,3
96,331,3
96,226,1
96,584,2
96,694,1
96,983,5
96,1,5
96,231,5
96,425,5
96,775,1
97,279,3
97,182,3
97,508,3
97,854,5
97,804,3
97,712,3
97,811,5
97,568,1
97,840,4
97,50,3
97,953,1
97,806,5
98,673,2
98,448,2
98,143,3
98,41,4
98,915,2
98,277,5
98,158,1
98,44,4
98,502,5
98,516,5
98,184,1
98,861,5
98,876,1
98,898,3
99,357,1
99,403,5
99,103,1
99,338,4
99,294,1
99,835,4
100,579,3
100,377,2
100,276,5
100,583,2
100,682,2
100,33,1
100,593,1
100,643,2
100,503,1
100,68,3
100,532,1
100,117,1
100,324,1
100,230,5
100,845,5
100,803,1
100,17,1
100,686,2
101,301,2
101,308,3
101,817,5
101,908,5
101,173,1
101,246,3
101,895,5
101,581,4
101,511,1
101,327,4
101,213,1
101,604,4
101,894,1
101,586,4
101,219,3
101,337,5
101,188,4
101,464,5
101,347,5
102,841,4
102,277,1
102,118,1
102,765,4
102,420,3
102,385,3
103,829,2
103,293,3
103,126,3
103,249,1
103,762,2
103,671,4
103,527,1
103,184,3
103,42,5
103,530,4
103,672,3
103,750,4
104,804,3
104,714,1
104,149,5
104,201,2
104,295,3
104,61,1
104,396,4
104,721,3
104,616,3
104,916,5
104,240,1
104,429,3
104,95,5
104,729,3
104,480,1
104,219,2
104,349,5
104,689,4
104,135,2
105,526,3
105,40,5
105,789,1
105,674,4
105,675,5
105,693,5
105,410,3
106,998,4
106,392,3
106,38,3
106,398,4
106,402,2
106,665,3
106,365,5
106,126,1
106,285,2
106,817,3
106,33,4
106,610,1
106,813,3
106,592,2
106,911,5
106,546,1
106,694,5
106,658,4
106,550,4
107,554,2
107,927,1
107,453,4
107,964,3
107,580,4
107,385,1
107,702,4
107,257,2
107,199,1
108,39,3
108,583,2
108,848,1
108,704,4
108,405,4
108,466,4
108,630,5
108,593,2
108,402,5
108,731,4
108,544,4
109,33,3
109,769,4
109,8,5
109,929,5
109,186,1
109,148,3
109,768,3
109,662,2
109,818,2
109,421,4
109,140,2
109,48,3
109,530,1
110,678,5
110,485,5
110,345,4
110,210,5
110,720,5
110,113,1
110,10,1
110,571,3
110,665,5
110,894,3
110,490,5
110,538,1
110,344,2
110,759,4
110,404,1
110,162,5
110,357,5
111,193,4
111,147,3
111,433,4
111,406,5
111,27,4
111,792,3
111,967,3
112,503,5
112,845,1
112,598,3
112,701,5
112,461,1
112,517,1
112,609,1
112,476,1
112,814,2
112,281,4
112,839,1
112,329,4
112,81,3
113,90,3
113,863,2
113,220,4
113,704,2
113,454,1
113,588,1
113,908,2
113,104,1
114,173,3
114,497,5
114,987,2
114,434,2
114,526,5
114,975,3
114,335,4
114,775,1
114,812,1
115,950,2
115,545,5
115,680,3
115,740,3
115,159,3
115,759,2
115,852,4
115,383,2
115,475,2
115,706,1
115,220,5
115,775,2
115,468,1
115,313,3
115,287,4
115,19,2
115,972,5
116,665,2
116,635,4
116,746,3
116,225,2
116,83,1
116,91,3
116,965,4
116,557,2
116,527,5
116,283,4
117,220,1
117,27,2
117,227,2
117,826,2
117,85,3
117,574,3
117,803,2
117,652,5
117,488,1
117,658,5
117,891,1
117,794,4
117,379,4
117,867,4
117,812,4
117,142,1
117,419,3
117,962,1
118,860,4
118,485,2
118,471,3
118,47,3
118,955,3
118,451,3
118,856,1
118,644,3
118,578,2
119,136,5
119,186,3
119,810,5
119,258,3
119,77,4
119,249,2
119,541,1
119,56,5
119,946,2
119,104,3
119,592,1
119,820,1
119,198,1
119,643,1
119,71,3
119,646,3
119,861,1
119,79,3
119,907,2
119,873,5
120,667,2
120,979,3
120,470,4
120,638,5
120,700,3
120,92,3
120,7,3
121,958,2
121,676,5
121,931,2
121,211,5
121,294,5
121,231,3
121,954,5
121,925,1
121,310,1
121,898,5
121,95,1
122,659,4
122,802,5
122,287,4
122,655,2
122,898,3
122,804,4
122,640,5
122,188,5
122,787,4
122,95,3
122,479,2
122,638,3
123,822,3
123,821,1
123,844,1
123,72,4
123,981,1
123,387,2
123,725,1
123,68,5
124,513,3
124,918,1
124,472,5
124,230,3
124,628,3
124,451,3
124,834,1
124,934,2
124,901,4
124,245,5
124,759,3
124,575,4
124,811,2
124,915,4
125,848,1
125,777,1
125,203,4
125,252,1
125,267,2
125,6,4
125,689,1
125,719,1
125,772,4
125,578,4
125,297,3
125,681,5
125,653,3
126,501,2
126,305,1
126,196,3
126,799,5
126,413,1
126,603,3
126,304,5
126,792,3
126,134,1
126,27,4
126,670,2
126,539,1
126,778,1
126,220,4
127,185,1
127,591,3
127,34,1
127,836,3
127,904,1
127,940,2
127,155,4
127,785,5
127,489,2
127,367,1
128,984,2
128,394,3
128,490,4
128,650,2
128,924,3
128,820,2
128,810,4
128,182,4
128,505,1
128,543,3
128,869,2
128,806,5
128,732,3
128,874,4
128,310,1
128,699,3
129,847,2
129,541,1
129,807,4
129,262,2
129,934,5
129,440,3
129,728,2
129,205,5
129,566,4
129,481,2
130,950,5
130,557,5
130,901,4
130,982,2
130,472,4
130,592,5
130,588,4
130,192,3
130,844,4
130,870,5
130,408,3
130,24,4
130,886,2
131,192,3
131,772,2
131,826,5
131,662,5
131,94,3
131,961,4
131,940,2
131,668,5
131,301,1
131,575,4
131,348,2
131,867,5
131,989,4
131,832,1
131,1,5
131,693,3
131,386,4
131,372,5
131,168,4
131,624,2
132,889,1
132,297,2
132,743,2
132,745,2
132,28,2
132,554,5
133,978,1
133,736,2
133,793,4
133,968,1
133,647,2
133,813,4
134,385,2
134,421,4
134,42,3
134,2,2
134,40,1
135,792,5
135,718,5
135,41,5
135,170,3
135,468,4
135,343,3
135,313,2
135,858,5
135,50,2
135,89,2
135,577,1
135,353,3
136,416,4
136,352,2
136,546,5
136,250,4
136,891,3
136,581,1
136,991,4
136,895,1
136,244,2
136,748,4
136,91,3
136,479,2
136,374,2
136,158,4
136,648,1
136,459,3
136,229,2
136,756,4
137,731,1
137,451,1
137,355,2
137,553,2
137,34,5
137,132,5
137,684,4
138,252,1
138,361,1
138,749,5
138,573,5
138,641,5
138,323,4
138,354,2
138,883,5
138,822,2
138,766,3
138,785,3
138,940,1
138,250,1
138,59,2
138,567,5
139,81,2
139,830,5
139,960,4
139,848,5
139,584,5
139,330,1
139,160,2
139,336,3
139,538,1
140,585,4
140,116,5
140,962,2
140,399,5
140,963,3
140,478,5
140,761,2
140,722,4
140,422,1
140,603,5
140,126,2
140,608,1
140,163,4
140,23,4
140,476,4
140,529,5
141,929,5
141,442,1
141,452,4
141,549,3
141,806,4
141,404,1
141,444,1
141,661,1
141,234,1
141,474,2
141,36,2
141,866,3
141,954,1
141,693,5
141,335,2
141,94,3
141,18,1
141,86,3
141,753,1
141,578,2
142,640,3
142,475,5
142,871,5
142,655,5
142,420,4
142,62,4
142,835,1
142,127,2
142,218,1
142,661,4
142,111,4
142,410,2
142,477,1
142,608,3
142,526,4
142,865,5
142,193,4
142,69,3
142,562,4
142,602,5
143,359,4
143,320,5
143,945,3
143,39,1
143,908,3
143,924,5
143,786,3
143,678,2
143,626,2
143,207,5
143,583,4
143,130,3
144,73,3
144,909,1
144,15,2
144,317,1
144,447,4
144,804,4
144,56,4
144,330,5
144,978,5
144,435,1
144,967,5
144,954,5
144,544,3
144,59,4
145,650,3
145,352,1
145,71,2
145,250,3
145,493,4
145,322,1
145,691,5
145,219,5
145,272,4
145,252,3
145,34,1
145,502,3
145,402,3
145,477,2
145,490,5
145,933,3
145,627,1
145,881,5
145,612,1
145,485,4
146,699,1
146,930,3
146,39,1
146,485,5
146,24,2
146,446,3
147,81,1
147,221,2
147,778,4
147,468,3
147,771,3
147,547,4
147,794,1
147,289,2
147,927,4
147,177,1
147,682,5
147,933,5
147,814,3
147,546,3
147,659,2
147,198,4
147,170,2
147,796,2
147,173,1
147,866,1
148,748,1
148,912,5
148,624,4
148,137,3
148,492,4
148,695,2
148,415,5
148,494,1
148,480,3
148,681,1
148,404,5
148,162,5
148,946,1
148,83,1
148,607,4
148,235,4
148,639,5
149,824,1
149,349,2
149,738,3
149,892,1
149,341,1
149,342,3
149,785,1
150,165,1
150,632,1
150,402,4
150,83,1
150,299,2
151,81,5
151,573,2
151,740,2
151,12,3
151,593,4
151,802,5
151,774,2
151,428,3
151,215,3
151,239,5
151,564,1
151,739,2
151,302,1
151,741,3
151,814,4
151,742,2
151,592,3
152,591,3
152,876,2
152,572,2
152,226,3
152,408,1
152,652,5
152,123,2
152,494,1
152,519,5
152,650,5
152,602,5
152,308,4
152,225,5
152,698,2
152,562,5
152,935,1
152,711,3
152,171,1
153,456,1
153,241,2
153,261,2
153,912,5
153,179,2
153,371,1
154,993,2
154,868,3
154,90,4
154,166,5
154,829,5
154,238,4
155,57,4
155,873,3
155,523,2
155,842,4
155,406,5
155,993,2
155,566,1
156,956,1
156,750,5
156,607,2
156,296,5
156,358,1
156,664,5
156,848,3
156,92,5
156,927,5
156,260,1
156,47,2
156,885,5
156,941,2
156,218,2
156,642,1
156,488,5
156,849,3
157,171,3
157,372,3
157,270,5
157,851,1
157,544,5
157,199,1
157,329,1
157,535,4
157,504,5
157,840,5
157,608,1
157,14,4
157,585,5
157,124,5
157,741,1
157,403,2
158,854,3
158,275,3
158,649,2
158,874,3
158,473,4
158,755,1
158,301,3
158,430,3
158,77,3
159,54,1
159,421,4
159,759,1
159,620,2
159,916,5
159,264,3
159,18,4
159,594,5
159,191,4
159,262,4
159,875,4
159,478,4
160,212,2
160,635,5
160,902,5
160,895,3
160,736,3
160,653,1
160,162,3
160,680,5
160,131,1
160,402,4
160,968,1
160,447,2
160,432,2
161,570,1
161,868,1
161,584,1
161,28,5
161,689,1
161,988,3
161,994,2
161,47,5
161,280,4
161,542,2
161,26,3
162,24,1
162,207,3
162,435,3
162,593,4
162,716,5
162,22,3
162,771,2
162,290,2
162,883,1
162,487,3
162,626,2
162,792,1
162,642,2
162,505,3
162,691,5
162,905,3
163,789,5
163,518,1
163,642,1
163,404,5
163,124,2
163,908,1
163,10,5
163,168,2
163,311,4
163,360,3
163,535,1
163,36,1
163,389,2
163,421,5
163,588,3
163,548,4
163,343,4
163,326,2
163,934,5
164,962,4
164,383,4
164,953,3
164,240,2
164,5,4
164,664,5
164,853,3
164,569,2
164,371,4
164,389,2
165,10,1
165,475,5
165,963,3
165,972,2
165,401,1
165,424,3
165,352,4
165,422,1
165,97,3
165,567,3
165,643,3
165,110,1
165,509,2
165,598,4
165,515,1
165,155,4
165,46,3
165,748,5
165,229,5
165,956,2
166,7,2
166,378,2
166,185,5
166,606,1
166,317,5
167,776,1
167,54,4
167,731,4
167,607,1
167,657,5
167,146,2
167,248,3
167,706,4
167,410,3
167,856,2
167,761,5
167,210,5
168,375,5
168,353,3
168,733,3
168,979,5
168,177,4
168,343,3
168,650,2
168,392,3
168,358,1
168,370,5
168,268,4
168,592,2
169,892,4
169,442,2
169,999,1
169,752,4
169,825,4
169,972,2
169,872,2
169,563,4
169,986,5
169,603,3
169,721,1
169,309,1
169,611,4
169,143,1
169,90,3
169,636,3
169,860,4
170,374,4
170,403,3
170,577,5
170,586,5
170,769,2
170,761,3
170,487,3
170,282,1
170,313,2
170,362,4
170,277,4
170,486,2
170,908,1
170,382,3
170,398,1
171,851,2
171,216,3
171,806,4
171,19,2
171,200,4
171,271,4
171,98,2
171,748,4
171,690,5
171,634,1
171,389,3
171,376,5
171,954,3
171,698,1
171,173,3
171,593,1
171,974,3
171,250,4
171,762,4
171,735,1
172,293,4
172,231,1
172,940,4
172,57,2
172,509,2
172,413,2
172,742,2
172,882,4
172,647,1
172,525,1
172,246,2
172,371,5
172,184,5
172,199,1
172,744,5
172,598,4
173,846,4
173,576,4
173,310,3
173,613,5
173,166,2
173,509,4
173,662,3
173,568,5
173,970,4
173,260,5
173,319,1
173,931,1
173,100,4
173,81,5
173,797,5
173,636,1
173,772,2
173,700,5
173,853,2
174,127,4
174,246,3
174,604,4
174,180,3
174,571,5
174,852,5
174,35,2
174,342,5
174,310,5
174,26,3
174,922,4
174,629,5
174,278,4
175,928,2
175,659,1
175,64,4
175,638,2
175,792,2
175,207,2
175,635,1
175,137,5
175,474,2
175,818,4
175,168,2
175,817,3
175,769,3
175,731,4
176,70,5
176,278,4
176,235,3
176,572,5
176,948,5
176,62,3
176,576,5
176,690,5
176,632,1
176,396,3
176,723,2
176,567,4
176,582,1
176,153,5
176,813,5
176,210,2
176,470,3
176,12,1
176,598,5
177,628,2
177,135,5
177,495,2
177,347,1
177,45,3
177,111,4
177,911,4
177,139,1
177,589,5
177,818,3
177,782,5
177,731,2
177,949,1
177,146,3
177,740,4
177,312,1
177,995,2
177,393,1
178,959,3
178,842,5
178,530,4
178,947,5
178,443,2
178,908,2
178,278,4
178,189,4
178,831,2
178,738,2
178,933,2
178,253,2
178,338,3
178,564,1
178,737,4
178,515,5
178,265,5
178,707,2
178,448,1
178,229,5
179,161,3
179,781,5
179,330,1
179,127,1
179,66,1
179,957,1
179,924,5
179,655,2
179,931,3
179,284,4
179,501,2
180,15,2
180,487,4
180,707,4
180,931,4
180,397,2
180,557,4
180,701,3
180,296,1
180,41,4
180,49,1
180,536,3
180,314,4
180,246,5
180,361,1
180,359,1
180,329,4
180,542,3
180,762,5
180,982,2
180,808,5
181,822,3
181,723,1
181,977,1
181,66,4
181,240,1
181,987,5
181,525,5
181,288,2
181,931,2
181,231,1
181,847,4
181,892,4
181,638,2
181,314,5
181,994,5
181,496,4
181,284,1
181,803,3
181,685,1
182,227,3
182,128,3
182,215,1
182,630,2
182,739,1
183,393,1
183,135,5
183,711,1
183,144,4
183,436,2
183,163,3
184,973,1
184,393,3
184,289,1
184,102,5
184,212,1
184,356,1
184,954,1
184,368,2
185,191,2
185,721,1
185,945,2
185,570,4
185,5,3
185,946,4
185,57,2
186,362,4
186,506,1
186,587,1
186,69,5
186,478,5
186,654,5
186,180,2
186,839,1
187,367,2
187,129,4
187,315,2
187,686,3
187,292,3
187,337,1
188,654,2
188,12,5
188,403,3
188,753,3
188,152,1
188,709,2
188,858,3
188,23,5
188,839,1
188,113,3
188,539,1
188,596,1
188,520,1
188,392,4
188,847,3
188,538,3
188,685,5
188,831,3
188,637,3
189,739,4
189,683,3
189,235,4
189,455,3
189,301,2
189,940,3
189,841,2
189,136,4
189,393,2
189,556,2
189,77,3
189,677,1
189,75,3
189,423,3
189,80,3
189,870,1
190,747,5
190,623,2
190,613,1
190,64,1
190,533,5
190,988,1
190,889,1
190,934,2
190,203,2
190,265,2
190,741,4
190,346,1
190,390,3
190,506,4
190,299,3
190,779,1
190,968,1
191,118,3
191,720,2
191,938,4
191,41,1
191,835,2
191,67,4
191,627,2
191,400,4
191,881,3
191,789,2
191,517,4
191,198,1
191,319,5
191,228,2
191,942,4
191,91,4
192,625,2
192,742,3
192,514,2
192,552,2
192,996,2
192,984,1
192,72,2
192,962,5
192,255,2
192,19,1
193,897,5
193,75,2
193,94,3
193,564,1
193,403,1
193,121,5
193,52,2
193,210,3
193,282,5
193,35,4
193,115,4
193,442,3
193,177,2
193,20,1
194,502,1
194,91,1
194,995,4
194,846,4
194,645,5
194,856,2
194,635,4
194,647,4
194,765,3
194,840,4
194,835,5
194,789,1
194,668,1
195,132,5
195,518,3
195,882,5
195,738,2
195,141,4
195,929,5
195,410,5
195,514,5
196,49,2
196,744,5
196,588,4
196,506,4
196,916,2
196,245,1
197,707,2
197,321,3
197,581,1
197,543,4
197,458,1
197,515,2
197,191,1
197,116,5
197,881,3
197,857,4
197,529,3
197,168,3
198,559,4
198,137,4
198,902,2
198,670,3
198,235,5
198,293,3
198,86,1
198,369,4
198,128,2
198,628,1
198,341,4
199,984,5
199,632,2
199,509,4
199,805,4
199,356,4
199,349,5
199,254,5
199,817,2
199,37,5
199,487,2
199,792,5
199,841,4
199,752,1
199,311,5
199,791,3
199,331,1
199,411,1
199,524,1
199,732,3
200,3,2
200,967,1
200,900,1
200,443,5
200,787,2
200,153,3
200,689,1
200,441,2
200,63,4
200,17,1
200,212,4
200,451,5
200,168,2
200,479,4
200,750,3
200,36,1
200,340,4
201,882,5
201,911,1
201,448,4
201,287,1
201,573,5
201,603,1
201,649,2
201,145,5
201,269,1
201,343,2
201,531,2
201,772,5
201,712,5
201,401,5
201,592,4
201,479,2
202,12,3
202,637,2
202,189,2
202,273,2
202,127,3
202,143,3
202,254,4
202,817,1
202,55,4
202,720,1
202,228,3
202,301,4
203,157,1
203,255,2
203,702,1
203,48,2
203,877,5
203,727,3
203,295,2
203,451,2
203,648,3
203,774,1
203,719,2
203,120,4
203,919,4
203,369,1
203,649,1
203,169,3
203,476,4
204,949,2
204,100,3
204,854,2
204,577,4
204,42,5
205,364,3
205,889,4
205,694,5
205,603,2
205,558,4
205,318,4
205,594,4
205,453,4
206,813,5
206,886,1
206,474,2
206,724,2
206,396,5
206,271,1
206,613,4
206,551,5
206,42,2
206,995,3
206,860,1
206,213,2
206,983,5
206,942,3
207,29,2
207,889,5
207,261,5
207,929,2
207,13,2
207,696,4
207,775,2
207,472,4
207,741,5
207,152,4
207,920,2
207,296,3
207,943,1
207,113,1
208,910,3
208,17,5
208,416,2
208,819,5
208,623,4
208,121,1
208,53,2
208,451,1
208,686,2
208,933,2
209,536,3
209,573,3
209,883,4
209,310,2
209,971,1
209,799,4
209,68,1
209,443,4
209,509,3
209,963,2
209,227,1
209,478,4
209,839,2
209,334,4
209,28,2
209,700,5
209,645,3
210,411,4
210,7,1
210,915,4
210,1,2
210,969,3
210,987,4
210,225,5
210,119,4
210,392,4
210,139,5
210,324,2
210,914,4
210,367,4
210,659,5
210,110,2
211,925,2
211,64,1
211,827,1
211,905,5
211,506,2
212,229,2
212,18,5
212,577,3
212,730,4
212,8,4
212,401,5
213,72,2
213,141,3
213,389,5
213,361,5
213,660,3
213,659,2
213,707,4
213,45,3
213,875,1
213,580,2
213,7,2
213,353,5
213,189,4
214,203,5
214,196,5
214,45,1
214,107,3
214,624,1
214,529,5
214,437,3
214,172,5
214,212,1
214,346,3
214,131,4
214,790,5
214,464,1
214,326,5
214,53,1
214,106,1
215,918,3
215,962,1
215,422,2
215,898,2
215,721,3
215,878,4
215,344,1
215,644,3
216,893,1
216,251,5
216,12,5
216,515,1
216,940,1
216,213,4
216,45,4
216,162,1
216,758,3
216,388,3
216,286,5
216,690,3
216,745,4
216,756,3
216,211,4
216,111,2
216,544,5
216,642,3
217,676,2
217,570,2
217,764,2
217,967,3
217,519,1
217,335,2
217,851,1
217,297,5
217,980,1
217,338,1
217,771,3
217,255,1
217,382,3
217,272,3
217,121,5
217,989,2
217,902,3
218,307,5
218,121,3
218,979,4
218,73,5
218,333,4
218,326,5
218,548,2
218,459,2
218,113,5
218,12,5
218,305,1
218,498,3
218,472,3
218,209,4
218,458,1
218,685,4
218,114,4
218,516,2
219,715,3
219,759,5
219,506,5
219,99,4
219,130,2
219,548,3
219,316,4
219,172,1
219,18,4
219,847,2
219,462,2
219,688,1
219,566,1
220,702,5
220,374,3
220,686,1
220,848,3
220,208,3
220,699,5
220,168,5
220,604,3
220,959,4
221,409,4
221,554,2
221,860,5
221,258,2
221,658,4
221,973,5
221,963,2
221,115,4
221,812,2
221,601,5
221,381,4
221,261,2
221,470,5
221,190,5
221,209,1
221,899,1
222,607,5
222,448,1
222,537,1
222,272,5
222,787,4
222,276,5
222,148,4
222,275,1
222,852,4
222,875,5
222,939,5
222,242,3
222,369,1
222,76,4
222,832,5
222,100,2
222,774,4
222,612,5
222,652,4
223,247,3
223,197,4
223,251,1
223,552,1
223,476,3
223,1000,4
223,584,1
223,728,3
223,758,1
223,248,1
223,314,1
223,931,5
223,374,4
223,305,4
223,7,3
223,480,4
223,5,1
223,537,2
223,558,4
223,819,5
224,290,3
224,938,3
224,738,5
224,578,1
224,304,4
224,415,2
224,112,5
224,962,3
224,461,3
224,470,4
225,148,3
225,203,1
225,725,4
225,260,3
225,325,1
225,650,4
225,634,4
225,97,3
225,22,4
225,425,5
226,872,5
226,755,4
226,101,3
226,1000,3
226,29,4
226,356,2
226,154,3
226,259,3
226,120,2
226,660,3
226,377,1
226,297,4
226,45,4
226,205,4
226,226,2
226,116,5
226,840,2
226,442,2
227,279,5
227,941,1
227,659,1
227,965,5
227,711,1
227,947,4
227,192,4
228,188,1
228,52,2
228,246,2
228,395,1
228,499,4
229,249,5
229,688,5
229,520,3
229,419,4
229,876,4
229,424,3
230,925,2
230,98,1
230,517,3
230,820,3
230,234,3
230,748,2
230,989,5
230,614,4
230,851,2
230,2,4
230,52,4
230,6,3
230,689,3
230,140,1
230,536,4
230,611,5
231,684,2
231,303,1
231,680,5
231,199,5
231,329,2
231,39,1
231,608,2
231,491,2
231,322,5
231,38,5
231,334,5
232,523,3
232,122,4
232,522,5
232,711,5
232,230,4
232,958,5
232,92,4
232,497,4
232,947,1
233,433,2
233,761,2
233,310,2
233,161,1
233,558,4
233,889,4
233,379,5
233,536,4
233,705,3
233,219,5
234,567,4
234,421,3
234,216,4
234,59,5
234,575,5
234,933,4
234,269,4
234,294,1
234,986,4
234,85,4
234,819,5
234,920,2
234,710,2
234,337,4
235,309,5
235,632,1
235,342,4
235,32,2
235,914,2
235,895,2
235,608,3
235,721,1
235,67,5
235,786,5
235,834,1
235,546,2
235,268,5
235,515,1
235,990,5
236,811,3
236,879,5
236,882,2
236,968,1
236,531,2
236,319,4
236,983,1
236,180,3
236,970,5
237,23,2
237,722,3
237,797,2
237,90,3
237,652,1
237,659,5
237,714,1
237,47,2
237,405,2
237,68,3
237,479,3
237,702,4
237,89,3
237,891,2
237,493,4
237,456,1
237,958,1
238,778,1
238,44,4
238,344,5
238,373,5
238,290,2
238,400,4
239,666,5
239,569,4
239,674,1
239,739,2
239,723,2
239,109,1
239,131,1
240,26,5
240,521,2
240,108,1
240,918,1
240,126,5
240,864,5
240,477,5
240,410,4
241,801,4
241,450,3
241,178,1
241,968,5
241,540,1
241,977,4
241,715,4
241,453,5
241,988,4
241,713,1
241,240,4
241,330,3
241,200,1
241,819,1
242,240,1
242,748,5
242,473,1
242,156,3
242,553,5
242,481,2
242,651,5
242,491,5
242,614,2
242,759,1
242,756,1
242,108,1
242,589,3
242,588,2
243,32,4
243,149,5
243,853,2
243,894,3
243,617,2
243,977,1
243,392,3
243,743,1
243,984,5
243,96,1
243,33,1
243,93,2
243,473,3
243,875,5
243,985,1
243,669,5
243,807,5
244,346,4
244,858,5
244,330,3
244,88,1
244,235,3
244,701,4
244,787,4
244,931,3
244,63,4
244,211,3
244,639,2
244,240,3
244,369,1
244,2,3
245,559,3
245,680,5
245,809,1
245,426,1
245,206,3
245,955,1
245,134,2
245,20,5
245,520,3
245,488,4
245,345,2
245,940,3
245,126,2
245,836,4
245,761,5
245,933,1
245,316,4
245,33,1
245,234,2
245,982,1
246,882,3
246,557,3
246,125,4
246,613,3
246,29,4
246,455,4
246,519,3
246,842,2
246,60,2
246,49,5
246,645,4
246,860,5
246,160,2
246,130,3
246,576,5
247,626,2
247,725,4
247,642,4
247,679,1
247,478,4
248,24,1
248,805,4
248,952,2
248,965,4
248,629,4
248,402,3
248,143,1
248,148,1
248,224,4
248,313,2
249,206,1
249,683,4
249,293,2
249,573,5
249,140,3
249,906,4
249,790,4
249,68,1
250,754,5
250,470,2
250,879,4
250,692,4
250,264,1
250,462,4
250,919,5
250,666,4
250,937,4
250,75,3
250,821,3
250,298,2
251,781,2
251,758,2
251,508,5
251,872,5
251,955,4
251,268,5
251,744,3
251,792,4
251,97,2
251,458,5
251,509,5
251,720,2
252,203,2
252,432,1
252,401,4
252,959,4
252,570,1
252,176,1
252,456,5
252,270,5
252,505,4
252,637,2
252,490,4
252,515,5
252,694,3
252,724,3
252,80,1
252,30,1
252,442,1
252,801,1
252,872,5
253,574,3
253,662,3
253,144,3
253,303,5
253,420,2
253,362,1
253,82,2
253,48,5
253,396,4
253,325,1
254,714,5
254,545,1
254,240,4
254,532,4
254,356,4
254,27,5
254,186,1
254,664,3
254,766,5
254,111,5
254,443,3
254,462,4
254,677,3
254,181,5
255,658,2
255,661,1
255,597,3
255,770,4
255,730,1
255,598,2
255,928,2
255,751,1
255,561,1
255,692,5
255,445,1
255,541,1
256,689,2
256,435,5
256,83,1
256,185,1
256,397,1
256,463,4
256,431,1
256,182,2
256,492,3
256,208,3
256,968,3
256,136,5
257,104,5
257,897,1
257,651,1
257,544,1
257,260,1
257,654,2
257,421,1
257,599,3
257,21,1
257,925,5
257,960,5
257,955,5
257,304,1
257,804,2
258,411,4
258,953,3
258,142,2
258,914,5
258,89,2
258,562,3
258,274,4
258,285,3
258,981,4
258,257,3
258,313,5
258,311,3
258,648,4
258,779,1
258,56,3
258,167,3
259,330,5
259,798,2
259,425,5
259,622,3
259,67,2
259,360,4
259,82,3
259,625,3
259,165,5
260,451,3
260,490,1
260,407,2
260,269,3
260,574,3
260,21,3
260,208,2
260,175,1
260,188,5
260,394,1
260,236,5
260,839,3
260,78,3
260,946,1
260,671,2
261,317,3
261,156,2
261,847,5
261,935,3
261,43,3
261,778,4
261,501,4
261,565,3
261,917,3
261,868,5
261,312,5
261,786,5
262,820,4
262,509,4
262,872,1
262,244,5
262,474,5
262,58,5
262,199,1
262,946,4
262,441,3
262,389,1
262,573,5
263,553,4
263,803,1
263,57,3
263,688,5
263,461,4
263,447,4
263,200,3
263,821,2
263,33,3
264,832,2
264,337,2
264,71,2
264,425,4
264,580,2
264,984,4
264,876,4
264,147,1
264,899,1
264,465,4
265,623,4
265,229,3
265,653,1
265,996,5
265,265,5
265,892,3
265,772,1
265,849,3
266,670,3
266,138,5
266,544,3
266,582,2
266,26,4
266,633,1
266,273,3
266,955,5
266,442,2
266,365,5
266,831,1
266,241,2
266,185,1
267,952,5
267,172,3
267,917,5
267,957,2
267,12,1
267,105,3
268,961,1
268,944,1
268,355,1
268,587,4
268,205,4
268,727,1
268,762,3
268,682,4
268,936,2
268,877,4
268,845,1
269,79,5
269,460,3
269,381,4
269,541,3
269,575,3
269,65,5
269,285,1
269,785,5
269,202,2
269,144,2
269,876,2
270,804,4
270,156,5
270,306,5
270,698,2
270,858,2
270,15,3
270,554,1
270,594,2
270,750,5
270,122,3
270,349,2
271,7,1
271,952,1
271,380,2
271,247,5
271,671,3
271,683,1
271,162,5
271,69,1
271,196,3
271,524,4
271,781,4
271,764,4
271,41,3
271,681,3
271,528,4
271,359,3
271,107,4
271,302,4
272,48,3
272,828,5
272,11,5
272,88,1
272,750,3
272,486,3
272,434,2
272,307,3
272,70,5
272,416,2
272,593,3
272,286,1
272,978,1
272,697,3
273,523,2
273,895,2
273,134,1
273,163,4
273,417,4
274,729,1
274,75,1
274,783,4
274,3,3
274,948,3
274,677,4
274,923,5
274,11,4
274,718,1
274,123,3
274,80,4
274,432,5
274,471,2
274,807,3
274,102,5
274,936,3
275,661,3
275,208,2
275,965,3
275,896,5
275,534,3
275,206,4
275,254,5
275,457,4
275,615,2
275,364,3
276,689,4
276,356,2
276,907,5
276,420,2
276,319,2
276,656,1
276,322,2
277,654,2
277,50,2
277,162,2
277,285,2
277,858,1
277,441,4
277,733,2
277,158,2
278,371,4
278,461,5
278,244,3
278,717,1
278,186,3
278,285,3
278,603,5
278,407,4
278,630,5
278,774,5
278,157,2
278,645,2
278,30,1
278,472,4
278,84,3
278,365,1
278,636,1
278,61,3
278,946,3
278,596,4
279,866,2
279,12,5
279,779,2
279,758,5
279,780,1
279,35,3
279,46,1
279,592,4
279,849,4
279,676,4
279,433,1
279,972,3
279,119,1
279,253,3
279,801,4
279,687,3
279,36,4
279,112,1
279,213,5
279,153,1
280,480,3
280,950,1
280,280,4
280,673,4
280,665,3
280,980,1
280,530,2
280,741,3
280,29,3
281,131,1
281,946,1
281,441,2
281,192,3
281,236,1
281,401,1
281,545,4
281,627,2
281,95,1
281,488,4
281,671,3
281,598,4
281,249,5
281,985,3
281,292,3
281,669,5
281,477,5
282,743,1
282,559,1
282,850,4
282,503,1
282,143,3
282,2,3
283,713,4
283,558,4
283,277,3
283,868,5
283,125,2
283,375,4
283,825,2
283,226,4
283,695,2
283,33,2
284,693,1
284,511,5
284,838,3
284,431,3
284,751,4
284,813,1
284,604,4
284,868,2
284,81,3
284,640,1
284,92,4
284,746,3
284,539,5
284,197,1
284,994,3
285,956,2
285,487,2
285,779,4
285,766,3
285,408,2
285,631,5
285,159,5
285,989,2
285,851,5
285,197,5
286,925,1
286,489,4
286,348,5
286,695,1
286,863,4
286,507,1
286,733,5
287,726,3
287,180,5
287,178,1
287,708,5
287,455,3
287,710,4
287,960,4
287,197,1
287,173,1
287,539,3
287,544,2
287,227,3
288,669,2
288,702,4
288,658,2
288,291,5
288,81,1
288,646,1
288,810,5
288,599,4
288,782,5
288,64,4
288,216,4
288,152,3
288,320,5
288,478,1
288,379,2
288,6,1
288,863,1
288,139,2
288,29,4
288,671,2
289,931,5
289,611,3
289,937,3
289,392,4
289,903,3
289,981,2
290,49,1
290,295,1
290,359,4
290,894,1
290,967,3
290,343,3
290,686,4
290,416,1
290,377,4
290,592,3
290,650,1
290,826,5
290,461,3
290,212,2
290,263,5
290,966,1
290,911,2
290,556,3
290,28,1
290,12,4
291,10,5
291,809,1
291,929,1
291,908,3
291,745,5
291,583,3
291,636,2
291,559,2
292,123,1
292,919,3
292,20,4
292,578,4
292,425,5
292,748,3
292,289,5
292,787,3
292,621,1
292,160,3
292,764,2
292,959,2
292,923,1
292,435,1
292,361,1
292,413,2
292,945,3
292,521,1
292,214,4
292,819,1
293,684,3
293,589,1
293,535,5
293,227,4
293,410,4
293,131,1
293,415,3
293,641,4
293,293,5
293,190,4
294,974,4
294,139,5
294,194,1
294,897,5
294,653,4
294,65,3
294,742,5
294,488,4
294,745,1
294,99,4
294,236,4
294,861,3
294,607,5
294,699,5
294,66,5
294,384,2
294,580,3
294,565,3
294,128,4
294,798,1
295,349,5
295,827,4
295,251,2
295,468,2
295,404,5
295,137,1
295,587,4
295,927,1
295,332,2
295,326,5
295,483,5
295,985,1
295,625,2
295,508,4
295,976,2
296,246,4
296,253,5
296,206,3
296,530,1
296,305,5
296,487,1
296,758,3
296,950,3
296,30,1
296,358,3
296,658,2
296,899,4
296,433,5
296,731,5
297,896,3
297,847,4
297,90,2
297,187,5
297,721,2
297,691,4
297,733,1
297,294,1
298,307,3
298,778,2
298,403,3
298,126,3
298,987,4
298,663,2
298,121,1
298,838,2
298,815,2
298,865,5
298,328,3
298,760,5
298,836,5
298,810,4
299,954,2
299,248,4
299,81,5
299,132,5
299,953,5
299,728,5
299,896,2
299,437,2
299,50,1
299,986,5
299,886,4
299,700,3
299,404,5
299,591,2
299,17,4
299,754,1
299,857,1
300,773,1
300,172,5
300,333,2
300,761,4
300,987,2
300,686,4
300,381,5
300,559,5
301,289,5
301,673,1
301,785,5
301,684,2
301,456,2
301,439,5
301,245,5
301,773,2
301,92,4
301,217,5
301,841,2
301,708,2
301,973,1
301,235,1
301,295,1
301,78,1
301,680,1
301,193,1
302,571,4
302,291,4
302,144,3
302,564,4
302,617,1
302,573,4
302,307,3
302,951,4
302,552,5
302,415,4
302,448,3
302,496,1
302,851,3
302,785,2
302,484,3
303,115,4
303,700,1
303,450,4
303,990,1
303,786,5
303,369,2
304,480,3
304,329,2
304,894,2
304,314,2
304,360,5
304,876,5
304,707,4
304,323,1
304,469,4
304,419,5
304,609,2
304,126,4
304,779,3
304,995,1
305,743,1
305,135,1
305,377,4
305,514,3
305,808,5
305,457,1
305,759,4
305,97,1
305,391,4
305,982,3
305,105,2
306,549,4
306,178,5
306,171,2
306,120,3
306,346,3
306,710,3
306,522,5
306,926,2
306,866,3
306,624,1
306,931,2
306,793,5
306,348,1
306,720,2
306,400,5
306,854,2
306,529,3
306,952,4
306,992,5
306,406,5
307,84,1
307,222,4
307,282,3
307,416,4
307,87,5
307,249,5
307,534,1
307,961,5
307,823,3
307,270,4
307,613,4
307,170,3
307,695,1
307,2,2
307,167,2
307,210,3
307,802,4
307,737,2
307,998,4
308,331,2
308,43,2
308,133,3
308,417,4
308,288,4
308,300,2
308,296,5
308,490,2
309,470,1
309,296,2
309,204,5
309,907,1
309,207,1
309,938,1
309,219,5
309,888,3
309,951,4
309,694,1
309,647,3
309,816,2
309,333,5
309,838,3
309,781,5
309,743,2
309,936,2
309,302,3
310,411,3
310,649,4
310,618,2
310,85,4
310,461,2
311,436,5
311,856,3
311,925,5
311,988,1
311,745,3
312,521,1
312,491,4
312,334,4
312,424,4
312,895,1
312,113,2
312,657,5
312,98,3
312,17,2
312,417,4
312,489,5
312,14,1
312,667,2
312,774,1
313,457,5
313,87,1
313,640,4
313,969,3
313,524,1
313,35,3
313,499,1
313,409,2
313,392,4
313,23,2
313,498,4
313,365,5
313,44,1
313,774,3
313,348,3
313,217,2
314,691,1
314,706,3
314,759,3
314,375,2
314,692,5
314,491,1
314,410,4
314,663,4
314,484,4
314,711,2
314,97,2
314,179,5
315,686,2
315,88,1
315,19,1
315,360,4
315,407,2
315,660,3
315,562,1
315,91,4
315,553,1
315,324,2
315,939,1
315,752,5
315,993,2
316,824,2
316,42,4
316,962,3
316,203,3
316,897,2
316,492,4
316,95,4
316,806,1
316,617,3
316,327,5
316,477,5
316,114,5
316,993,5
316,915,2
317,48,5
317,805,1
317,27,1
317,281,5
317,105,3
317,358,2
317,249,3
317,447,2
317,99,4
317,417,4
318,619,1
318,808,5
318,842,4
318,163,3
318,372,5
318,576,1
318,145,4
318,190,1
318,678,4
318,524,4
318,824,2
318,129,5
318,706,1
318,691,2
318,704,4
318,989,1
319,124,4
319,578,3
319,783,3
319,171,4
319,84,1
319,399,3
319,147,1
319,416,1
320,274,3
320,633,3
320,289,2
320,735,2
320,590,1
320,263,3
320,524,2
320,212,3
320,465,3
320,534,2
320,477,5
320,438,2
320,340,3
320,157,3
321,630,1
321,608,2
321,390,5
321,863,3
321,664,4
321,723,5
321,832,2
321,515,4
321,793,5
321,414,5
322,568,3
322,977,5
322,313,2
322,368,5
322,476,2
322,828,3
323,864,5
323,592,2
323,358,5
323,989,5
323,84,4
323,363,4
323,193,5
323,230,4
323,4,3
323,495,2
323,286,5
323,539,4
323,762,4
323,806,1
323,823,4
323,310,4
324,229,4
324,956,3
324,873,5
324,259,4
324,729,2
324,674,1
324,154,3
325,670,1
325,915,3
325,311,1
325,115,1
325,794,1
325,150,3
325,149,5
325,299,4
325,136,2
325,194,5
325,176,5
325,223,5
325,104,2
325,59,4
325,113,4
325,522,1
325,680,4
326,186,5
326,506,4
326,110,2
326,462,1
326,327,4
326,533,5
326,98,2
326,128,1
327,731,5
327,49,5
327,755,3
327,103,4
327,979,1
327,97,5
327,659,1
327,261,4
327,235,3
327,236,4
327,397,1
327,597,4
327,28,4
328,648,4
328,817,5
328,298,2
328,220,5
328,114,3
328,415,1
328,777,5
328,86,5
328,914,2
329,546,2
329,682,3
329,838,4
329,65,2
329,398,5
329,14,5
329,196,2
329,177,4
330,892,1
330,192,4
330,135,5
330,318,2
330,824,4
330,505,4
330,469,3
330,925,1
330,966,2
330,718,2
330,443,4
330,591,2
330,799,4
331,763,1
331,906,4
331,463,5
331,643,1
331,537,4
331,593,2
331,186,5
331,756,1
331,871,4
331,402,5
331,109,2
331,843,5
331,230,1
331,283,1
331,437,1
331,175,4
331,837,3
331,265,3
332,611,1
332,193,1
332,557,2
332,700,3
332,499,5
332,935,2
332,48,1
332,569,2
332,17,2
332,172,3
332,847,4
332,870,3
333,904,5
333,263,3
333,339,3
333,697,1
333,118,5
333,762,2
333,218,5
333,848,4
333,324,3
333,531,4
333,771,4
333,1,2
333,608,2
333,353,1
333,404,2
333,618,4
334,819,5
334,195,5
334,820,3
334,402,1
334,856,3
334,118,3
334,878,3
334,753,1
334,584,2
334,288,5
334,363,3
334,108,5
334,750,1
334,136,3
335,385,5
335,674,3
335,242,3
335,687,3
335,121,3
335,28,2
335,279,2
335,210,4
336,781,4
336,908,4
336,621,1
336,291,3
336,798,5
336,475,3
336,34,2
336,249,3
336,690,4
336,740,1
336,71,4
336,548,5
336,636,1
336,46,3
336,739,2
336,375,2
336,787,3
336,447,4
336,643,3
336,98,1
337,682,4
337,887,3
337,910,5
337,906,4
337,925,1
337,890,2
337,25,5
337,111,3
337,512,1
337,723,4
337,899,4
337,984,3
337,840,3
337,237,5
337,209,5
338,208,3
338,972,3
338,530,5
338,186,5
338,719,1
338,180,2
338,791,5
338,741,5
338,883,5
338,419,3
338,254,1
338,523,3
339,895,3
339,594,5
339,57,5
339,990,4
339,637,2
339,962,5
339,760,4
340,700,5
340,645,2
340,366,2
340,448,3
340,235,1
340,539,3
340,417,3
340,81,2
340,311,2
340,785,4
340,619,4
340,844,2
340,193,4
340,371,2
340,298,3
340,967,2
340,781,4
340,267,2
340,894,3
341,622,3
341,204,5
341,807,1
341,156,5
341,941,1
341,313,1
341,651,4
342,814,5
342,765,5
342,449,2
342,664,2
342,843,2
342,881,5
342,898,1
342,680,1
342,520,1
342,577,2
342,279,3
342,326,3
342,648,2
342,488,2
342,722,4
342,636,1
342,178,2
342,336,3
343,564,3
343,924,3
343,811,1
343,606,2
343,448,5
344,449,1
344,290,1
344,723,4
344,176,2
344,920,5
345,525,5
345,548,4
345,358,2
345,645,3
345,208,1
345,694,1
345,417,1
346,631,4
346,501,2
346,435,2
346,985,1
346,778,1
346,98,2
346,205,3
346,899,5
346,799,4
346,766,4
346,759,4
346,474,3
346,878,1
346,770,3
346,864,4
346,349,5
346,643,5
347,797,4
347,745,1
347,979,3
347,932,4
347,798,3
347,218,1
348,684,2
348,793,5
348,68,3
348,752,4
348,616,4
348,376,4
348,999,1
348,906,5
348,491,4
348,173,1
348,623,2
348,468,3
348,217,3
348,416,3
348,331,5
349,628,3
349,902,3
349,648,2
349,373,1
349,244,3
349,138,5
350,963,5
350,298,2
350,806,2
350,126,1
350,511,3
350,543,5
350,802,2
350,884,2
350,793,1
350,274,2
350,9,3
350,555,5
350,722,3
350,124,4
350,113,4
351,207,2
351,756,3
351,389,1
351,678,4
351,568,4
351,476,1
351,940,2
351,109,2
351,414,5
351,877,4
351,981,1
351,698,3
351,792,1
351,638,3
351,670,1
351,31,4
351,656,5
351,968,1
352,249,5
352,785,3
352,570,5
352,421,3
352,183,1
352,819,2
352,319,1
353,932,2
353,459,2
353,559,1
353,131,4
353,481,5
353,328,4
353,243,3
353,989,2
353,139,4
353,879,3
353,796,4
353,814,3
353,898,3
353,99,5
353,586,1
354,466,1
354,721,2
354,602,4
354,275,3
354,251,4
354,233,5
355,434,1
355,932,2
355,144,4
355,23,2
355,352,5
355,952,1
355,163,2
355,924,5
355,176,3
355,260,5
355,208,5
355,794,5
355,88,4
355,420,1
355,755,1
355,92,1
356,712,5
356,409,3
356,746,5
356,621,4
356,248,4
356,460,2
356,938,1
356,648,5
356,1,1
356,270,2
356,901,3
356,438,1
356,612,4
356,710,3
356,273,4
356,489,1
356,829,3
356,377,5
356,799,3
356,25,4
357,47,3
357,933,3
357,350,5
357,107,1
357,299,3
357,62,1
357,219,3
357,582,3
357,683,3
357,22,5
357,267,3
357,902,4
358,5,3
358,95,3
358,185,3
358,385,4
358,392,3
358,139,4
358,132,5
358,518,4
358,918,5
358,764,1
358,66,2
358,411,3
358,849,4
359,193,5
359,413,2
359,520,1
359,207,1
359,315,4
359,917,2
359,155,4
359,153,5
359,417,5
359,964,1
359,107,2
359,184,1
359,331,2
359,483,5
360,997,3
360,244,4
360,34,3
360,210,2
360,765,2
361,252,1
361,103,5
361,900,5
361,640,1
361,708,3
361,219,5
361,24,5
361,59,1
361,160,4
361,949,1
361,888,1
361,591,2
361,688,1
361,577,4
361,358,2
361,293,4
361,97,1
362,711,3
362,734,5
362,995,5
362,323,2
362,910,3
362,546,1
362,116,4
362,347,5
362,357,3
362,630,1
362,87,1
362,95,3
362,866,3
362,787,2
362,981,4
362,241,2
362,900,1
363,17,5
363,136,2
363,523,4
363,124,5
363,110,3
363,332,2
363,360,1
363,101,2
363,135,2
363,195,3
363,673,5
364,232,2
364,835,5
364,548,3
364,164,3
364,351,3
364,885,1
364,570,1
364,527,5
364,584,3
364,101,5
364,323,2
364,328,1
364,216,2
364,691,1
364,676,4
365,754,4
365,375,2
365,983,2
365,402,3
365,791,1
365,327,2
365,463,3
365,964,3
365,666,3
365,184,3
366,715,2
366,859,4
366,492,1
366,538,5
366,841,4
366,937,3
366,393,1
367,593,2
367,472,3
367,43,2
367,636,2
367,154,2
367,72,3
367,740,3
367,441,5
367,992,4
367,408,4
367,767,5
367,333,3
367,440,1
367,273,4
367,466,4
367,504,2
367,341,5
367,664,2
368,991,4
368,20,1
368,515,2
368,271,2
368,499,4
368,556,1
368,621,5
368,127,3
368,769,2
369,176,5
369,221,2
369,764,1
369,579,1
369,74,3
369,9,3
369,288,5
369,558,3
369,373,2
369,339,1
369,466,5
369,497,1
369,668,5
369,414,2
369,528,5
369,201,3
369,657,5
369,302,3
369,796,2
369,869,5
370,323,5
370,906,1
370,984,2
370,538,3
370,576,1
370,765,2
370,599,2
370,849,3
370,706,2
370,48,3
370,64,2
370,852,3
370,102,2
370,570,3
370,14,1
370,89,3
370,797,2
370,727,2
370,490,4
370,593,4
371,924,1
371,400,3
371,727,2
371,621,3
371,725,3
371,578,4
371,811,2
371,647,1
371,929,5
371,277,4
371,406,3
371,329,3
371,646,4
371,531,4
371,15,3
371,474,5
371,337,1
371,576,1
371,795,4
371,290,1
372,664,4
372,445,1
372,645,1
372,49,1
372,822,2
372,328,3
372,878,2
372,257,2
372,407,1
372,600,3
372,383,3
372,114,2
372,791,4
372,256,3
372,569,5
372,542,4
372,641,1
373,642,3
373,910,2
373,933,2
373,569,2
373,741,5
373,724,4
373,902,2
373,714,1
373,625,2
373,712,1
373,62,5
373,35,4
373,715,1
373,792,1
373,262,2
374,496,4
374,187,3
374,959,1
374,829,3
374,589,5
374,86,1
374,257,5
374,699,2
374,71,1
375,161,5
375,530,2
375,949,5
375,587,4
375,675,4
375,516,2
375,980,3
375,381,4
375,681,2
376,290,5
376,614,1
376,96,3
376,32,3
376,192,1
376,689,1
376,843,2
376,105,1
376,619,2
376,824,5
376,216,4
376,415,4
376,267,2
376,486,5
376,477,3
376,733,4
376,282,3
376,329,3
376,866,5
377,176,5
377,400,2
377,425,5
377,94,2
377,365,2
377,917,4
377,21,1
377,608,3
377,221,3
377,790,4
377,381,1
377,247,4
377,128,5
377,557,5
377,939,3
377,129,5
377,367,4
378,49,3
378,204,3
378,275,3
378,766,3
378,222,5
378,15,5
378,570,1
378,298,5
378,943,5
378,248,4
378,599,2
378,803,1
378,31,1
378,491,3
378,672,2
378,984,4
378,871,4
378,450,4
379,98,4
379,421,1
379,973,4
379,58,5
379,778,2
380,963,1
380,152,3
380,204,5
380,734,1
380,84,1
380,609,3
380,357,1
380,199,1
380,180,2
380,112,1
380,372,4
380,815,4
380,211,2
380,796,4
380,596,4
381,408,3
381,773,4
381,79,4
381,503,3
381,198,3
381,77,4
381,690,5
381,146,5
381,948,3
381,968,5
381,332,5
381,234,2
381,223,3
382,566,2
382,716,1
382,280,1
382,291,1
382,834,2
382,982,3
382,156,5
382,217,5
382,986,3
382,332,3
382,531,3
382,571,1
382,710,2
383,423,2
383,53,1
383,669,3
383,992,4
383,681,4
383,99,2
383,549,5
383,62,2
383,768,1
384,79,1
384,336,1
384,873,2
384,839,2
384,508,2
384,441,3
384,501,5
384,562,3
384,618,3
384,636,3
384,545,2
384,423,2
384,943,1
384,853,4
384,942,3
384,534,1
384,965,1
384,391,3
384,702,3
385,277,3
385,23,1
385,161,5
385,626,3
385,542,5
385,409,5
385,711,2
385,787,5
385,921,3
385,390,3
385,318,2
386,696,3
386,137,2
386,559,5
386,407,2
386,738,3
387,253,4
387,851,3
387,991,5
387,503,5
387,258,2
387,232,5
387,656,4
387,526,4
387,474,1
388,825,3
388,474,4
388,578,4
388,559,2
388,857,4
388,667,1
388,486,3
388,479,5
388,461,4
388,476,2
388,337,2
389,251,3
389,137,1
389,889,3
389,43,2
389,375,2
389,615,2
389,779,1
389,536,3
389,315,1
390,818,2
390,867,3
390,233,3
390,438,4
390,989,4
390,907,3
390,535,4
390,770,2
390,580,4
390,110,3
390,922,3
390,966,1
390,336,5
390,221,5
390,965,3
390,8,2
390,849,1
390,610,2
391,615,2
391,978,2
391,132,4
391,395,2
391,740,5
391,260,2
391,175,5
391,307,1
391,581,1
391,414,2
391,467,3
391,963,3
391,575,5
391,772,1
391,913,5
391,774,2
392,453,3
392,989,5
392,732,3
392,190,4
392,591,5
392,200,1
392,335,3
392,128,5
392,187,1
392,356,2
392,252,2
393,974,4
393,487,4
393,108,3
393,74,2
393,843,3
393,161,4
393,31,5
393,956,3
393,502,2
393,726,1
393,333,3
393,263,2
393,542,2
394,573,3
394,79,1
394,325,3
394,661,1
394,623,4
394,571,5
394,196,2
394,579,3
394,641,3
394,467,3
394,598,4
395,170,5
395,901,5
395,255,1
395,880,3
395,470,4
395,687,3
395,688,2
395,11,5
395,892,3
395,37,1
395,912,1
395,838,3
395,894,3
395,102,4
396,820,3
396,619,2
396,704,1
396,879,2
396,133,1
396,691,2
396,132,3
396,978,3
396,37,4
396,264,4
396,567,5
396,553,3
396,342,5
396,449,1
396,373,4
396,623,3
396,703,5
396,487,2
396,137,3
397,292,2
397,186,4
397,587,3
397,631,1
397,528,4
397,83,4
397,952,1
397,851,4
397,123,1
397,252,5
397,231,5
398,739,1
398,634,1
398,302,3
398,964,1
398,200,1
398,632,1
398,141,1
398,619,1
398,787,5
398,789,1
398,671,5
398,94,3
398,58,2
399,866,1
399,521,4
399,644,5
399,93,2
399,402,4
399,49,3
399,437,3
399,251,1
399,19,3
399,256,5
400,253,1
400,442,3
400,732,5
400,528,3
400,235,5
400,636,1
400,805,1
400,267,5
400,145,5
400,494,5
400,434,4
400,217,1
400,390,1
400,167,3
400,613,1
400,964,1
400,898,4
400,515,5
401,292,2
401,163,2
401,783,1
401,816,3
401,485,2
401,523,2
401,925,2
401,820,4
401,622,3
401,500,2
401,266,4
401,884,2
401,643,3
401,229,2
401,91,5
401,971,4
401,94,1
401,471,1
402,341,3
402,970,4
402,343,5
402,189,3
402,90,2
402,857,2
402,125,3
402,420,4
402,535,5
402,707,3
402,188,5
403,268,4
403,171,5
403,793,5
403,134,4
403,132,1
403,231,2
403,551,5
403,572,2
403,300,4
403,280,1
403,432,2
403,303,5
403,769,5
403,854,3
403,165,3
403,849,5
403,327,3
403,662,5
403,571,2
404,872,5
404,581,2
404,93,5
404,448,5
404,198,3
404,940,3
404,1,1
404,679,3
404,328,1
404,668,2
404,276,2
404,311,4
404,751,1
404,770,2
404,916,2
404,790,1
404,408,2
405,359,3
405,518,5
405,903,2
405,8,2
405,116,1
405,834,3
405,679,5
405,424,1
405,235,4
405,812,2
405,884,3
406,80,5
406,847,2
406,775,1
406,741,5
406,371,3
406,191,4
406,944,1
406,757,1
406,222,5
406,675,5
406,373,3
406,763,1
406,228,4
406,91,1
406,362,1
407,633,3
407,87,3
407,386,3
407,101,3
407,160,3
407,323,4
407,403,4
407,298,5
407,877,4
407,205,5
407,417,5
407,434,4
407,80,3
407,909,3
407,383,2
407,71,2
407,523,3
407,391,3
407,537,3
407,546,2
408,366,1
408,696,4
408,139,3
408,834,3
408,618,4
408,632,2
409,395,2
409,383,1
409,476,1
409,943,2
409,924,2
409,559,4
409,801,1
409,303,1
409,378,3
409,389,5
409,467,4
409,8,2
410,845,4
410,899,2
410,831,5
410,572,4
410,902,2
410,455,3
410,584,3
411,202,5
411,750,4
411,566,1
411,762,3
411,315,4
411,493,5
411,843,4
411,348,5
411,340,3
411,196,3
411,936,5
411,582,1
411,827,2
411,379,2
412,693,1
412,358,2
412,593,4
412,589,1
412,324,4
413,105,4
413,590,3
413,859,5
413,187,3
413,142,5
413,429,1
413,582,1
413,724,2
414,829,2
414,235,3
414,644,3
414,571,5
414,951,4
415,705,3
415,688,2
415,415,3
415,836,2
415,630,5
415,759,5
415,912,1
415,673,1
415,967,1
415,633,2
415,327,5
415,296,3
415,349,2
416,975,5
416,41,5
416,921,4
416,396,2
416,254,2
416,380,5
416,528,1
416,28,1
416,374,5
416,883,3
416,617,1
416,901,2
416,568,1
416,866,4
416,138,1
416,753,4
416,693,5
417,884,1
417,913,1
417,624,2
417,964,4
417,272,3
417,381,5
417,123,1
417,454,4
417,204,4
417,9,2
417,776,1
417,685,1
417,654,4
417,660,2
417,35,4
417,802,2
417,169,3
417,790,5
417,635,1
417,385,3
418,404,4
418,851,1
418,136,4
418,954,4
418,59,5
418,832,2
418,293,5
418,253,4
418,358,2
418,517,5
418,578,5
419,802,3
419,960,5
419,297,5
419,571,3
419,868,3
419,427,1
419,384,4
419,443,1
419,351,2
419,684,3
419,823,5
419,105,4
419,944,2
419,165,5
419,476,2
420,976,1
420,487,1
420,551,3
420,186,3
420,955,1
420,679,1
420,195,5
420,417,3
420,623,5
420,203,3
420,137,3
420,576,4
420,937,3
420,283,2
420,309,1
420,342,4
420,220,1
420,59,4
420,581,2
420,354,1
421,285,1
421,397,4
421,994,3
421,996,1
421,545,1
421,377,1
421,332,2
421,911,3
421,591,2
421,565,3
421,384,1
421,207,2
421,618,2
421,386,2
422,127,2
422,549,1
422,3,1
422,316,2
422,951,3
422,349,2
422,876,1
422,367,2
422,306,5
422,75,3
422,293,2
422,45,2
422,539,5
422,178,1
423,867,3
423,195,2
423,410,4
423,392,4
423,7,4
423,126,5
423,397,3
423,847,3
423,719,4
423,139,3
423,866,2
423,110,1
423,518,1
423,482,3
423,318,3
423,159,4
423,768,2
423,957,2
423,613,2
424,187,1
424,471,5
424,150,2
424,887,1
424,673,1
424,345,3
424,398,2
424,377,2
424,399,2
424,43,4
424,140,2
424,900,3
424,546,4
424,288,1
424,182,1
425,677,4
425,63,1
425,365,2
425,904,3
425,181,1
425,52,3
425,902,5
425,452,2
425,423,5
425,432,2
425,524,1
425,966,1
425,19,2
425,113,4
425,541,5
425,299,2
425,707,1
425,129,2
425,395,1
426,368,4
426,532,4
426,357,3
426,460,4
426,969,3
426,209,1
427,829,1
427,377,5
427,256,3
427,492,3
427,34,4
427,660,4
427,669,1
427,595,5
427,162,4
427,544,5
427,124,5
427,139,5
427,774,3
427,176,2
427,932,5
427,356,2
427,576,3
427,995,2
427,430,4
428,996,2
428,980,2
428,648,5
428,382,3
428,735,3
428,475,2
428,327,4
428,362,3
428,919,3
428,742,3
428,820,1
428,451,3
428,514,1
428,281,5
428,269,3
428,423,4
428,949,3
429,78,4
429,927,2
429,68,1
429,882,1
429,903,2
429,368,1
429,988,5
429,605,5
429,705,2
429,508,1
429,176,2
429,726,5
429,761,5
429,7,2
429,674,4
429,551,5
429,607,2
429,284,4
430,462,3
430,180,1
430,638,4
430,641,1
430,230,4
430,522,4
431,815,1
431,920,1
431,216,3
431,448,1
431,25,5
431,860,3
431,940,4
431,895,3
431,365,3
431,670,2
431,577,3
431,383,3
431,601,2
431,136,4
431,545,3
431,374,1
431,467,2
431,62,1
431,943,4
432,64,3
432,469,4
432,950,2
432,244,3
432,558,4
432,937,2
432,272,1
432,146,5
432,585,5
432,91,1
432,580,4
432,53,3
432,119,4
432,159,4
432,530,5
432,876,5
432,539,3
433,985,3
433,187,1
433,843,5
433,872,2
433,409,4
433,623,2
433,126,2
433,683,1
433,832,4
433,976,5
433,987,5
433,708,2
433,567,4
433,271,2
433,944,5
433,72,3
433,253,3
433,652,2
433,613,2
434,176,5
434,196,5
434,684,4
434,158,2
434,198,3
434,143,1
435,276,3
435,395,3
435,840,5
435,426,2
435,306,1
435,778,1
435,522,2
435,429,4
435,826,2
435,40,5
435,88,4
435,217,1
435,701,4
435,816,2
435,663,2
435,608,5
435,772,4
435,463,2
436,771,4
436,387,4
436,20,4
436,294,5
436,148,1
436,149,4
436,482,5
436,564,5
436,23,5
436,812,3
436,592,2
437,577,4
437,493,4
437,958,1
437,647,4
437,478,5
437,252,2
437,592,4
437,364,3
437,330,3
437,194,3
437,65,3
437,415,1
437,506,3
437,51,4
437,358,1
437,847,2
437,466,2
437,918,4
437,999,5
437,822,2
438,190,2
438,395,5
438,528,2
438,493,5
438,335,2
439,804,1
439,724,3
439,784,4
439,528,3
439,78,4
439,239,4
439,385,1
439,115,5
439,456,3
439,63,5
439,884,4
439,555,3
439,684,1
439,569,4
439,772,5
440,60,5
440,891,5
440,550,1
440,119,4
440,653,3
440,5,5
440,492,3
440,130,1
440,450,1
440,739,1
440,296,5
440,563,1
440,686,1
440,46,1
440,542,1
440,314,3
440,658,1
441,914,5
441,477,1
441,287,1
441,509,3
441,110,2
441,909,5
441,492,4
441,702,4
441,317,1
441,83,1
441,176,1
442,968,3
442,935,5
442,563,5
442,315,1
442,356,3
442,410,1
442,572,2
442,666,2
442,1000,3
442,744,5
443,137,1
443,59,5
443,792,2
443,405,5
443,695,1
443,154,4
443,917,5
443,843,3
443,536,5
444,401,1
444,159,1
444,612,1
444,99,2
444,704,5
444,257,4
444,935,4
444,680,1
444,227,3
444,62,5
444,806,4
444,561,5
444,850,2
444,468,3
444,600,4
444,443,1
444,61,3
445,978,4
445,55,2
445,505,4
445,966,4
445,896,5
445,362,2
445,73,4
445,691,3
445,589,5
445,602,3
445,637,5
445,314,1
445,257,1
445,546,4
445,641,4
445,311,3
446,407,4
446,510,2
446,134,4
446,854,4
446,544,4
446,46,4
446,808,2
446,149,4
446,908,1
447,624,3
447,155,4
447,819,1
447,89,2
447,59,5
447,708,4
447,767,1
447,967,5
447,650,4
447,903,1
447,273,5
447,60,4
447,44,5
447,185,4
447,386,2
447,285,1
448,486,2
448,434,1
448,409,3
448,872,2
448,640,4
448,399,3
448,23,3
449,419,3
449,651,4
449,779,4
449,887,3
449,430,4
449,675,3
449,44,2
449,761,2
449,591,1
449,634,4
450,433,2
450,670,4
450,308,5
450,93,1
450,665,2
450,735,3
450,142,2
450,55,1
450,76,3
450,591,5
450,954,2
450,639,4
450,261,2
451,535,1
451,52,3
451,386,4
451,411,3
451,742,2
451,696,3
451,44,2
451,994,3
451,860,1
451,135,4
451,612,3
451,786,2
451,262,5
452,1000,1
452,905,2
452,386,4
452,838,2
452,121,2
452,499,1
452,812,5
452,433,1
452,813,2
453,397,3
453,431,2
453,182,4
453,842,4
453,904,4
453,716,3
453,440,2
453,964,3
453,292,1
454,350,2
454,225,1
454,500,4
454,34,4
454,65,2
454,386,5
454,476,2
454,376,2
454,433,3
454,255,3
454,578,4
454,293,2
454,296,5
454,788,3
454,867,1
454,667,5
454,402,4
454,51,3
454,483,2
454,897,1
455,629,5
455,236,5
455,890,2
455,785,1
455,361,1
455,791,1
455,195,3
455,605,1
455,525,3
455,692,5
456,28,1
456,732,4
456,300,2
456,921,4
456,190,2
457,463,2
457,60,5
457,671,4
457,895,4
457,360,1
457,737,5
457,142,1
457,604,3
457,206,2
457,561,5
457,777,1
458,913,2
458,38,1
458,99,1
458,830,2
458,313,1
458,486,2
458,399,2
458,64,4
458,507,4
458,104,1
459,298,5
459,405,5
459,574,4
459,246,1
459,708,5
459,967,5
459,183,2
459,785,4
459,259,3
459,32,5
459,950,5
459,686,1
459,255,5
459,345,3
459,526,2
459,108,3
459,275,4
459,827,2
459,580,3
459,249,5
460,709,4
460,581,1
460,109,5
460,37,1
460,379,3
460,536,5
460,564,1
460,605,4
460,887,5
460,902,1
460,717,3
460,819,4
460,446,4
460,405,5
461,537,2
461,174,2
461,105,2
461,477,2
461,568,2
461,110,1
461,22,4
461,614,5
461,910,2
461,687,2
461,678,2
462,622,3
462,463,1
462,168,4
462,967,2
462,338,2
462,616,2
462,218,3
462,677,4
462,86,4
462,451,4
462,657,4
462,911,3
462,692,4
463,191,5
463,623,4
463,611,1
463,723,2
463,902,1
463,802,1
463,606,3
463,431,3
463,931,1
463,555,1
463,629,3
464,981,3
464,507,3
464,112,5
464,834,3
464,577,1
464,517,5
464,58,5
464,262,4
464,744,1
464,977,5
464,941,2
464,397,1
464,214,2
464,934,5
464,231,1
464,496,4
464,143,2
464,837,2
464,449,1
465,171,3
465,248,2
465,232,5
465,462,5
465,57,2
465,431,2
465,804,4
465,610,3
465,660,3
465,73,3
465,704,3
465,16,4
465,218,4
465,192,1
465,430,5
465,893,3
465,921,2
466,845,1
466,450,5
466,892,5
466,997,2
466,936,4
466,521,2
466,442,1
466,675,1
466,403,4
467,282,1
467,801,5
467,111,5
467,936,2
467,240,2
467,411,5
467,470,1
467,549,1
467,49,2
467,978,3
467,963,1
467,272,4
467,491,3
467,582,3
467,599,1
467,66,2
467,736,5
467,819,2
468,152,1
468,150,4
468,867,5
468,835,5
468,712,5
468,482,2
468,764,5
468,141,3
468,548,1
468,484,5
468,301,3
468,967,3
469,869,5
469,558,5
469,758,3
469,227,4
469,536,3
469,515,4
469,825,2
469,381,3
469,937,5
469,586,4
469,341,2
469,294,4
469,198,3
469,270,2
469,699,4
470,699,4
470,74,4
470,467,3
470,454,1
470,256,3
470,823,4
470,400,5
470,947,1
470,491,5
470,1,5
470,568,4
470,173,1
470,221,3
470,739,2
470,303,4
470,257,4
470,245,5
470,948,2
471,436,3
471,901,3
471,323,1
471,968,1
471,215,2
471,666,1
471,749,5
471,429,2
471,605,5
472,314,3
472,262,2
472,180,3
472,822,4
472,920,1
472,270,4
472,749,5
472,627,3
472,885,5
472,800,2
472,407,3
472,503,2
473,172,2
473,415,4
473,614,3
473,630,1
473,711,5
474,442,3
474,680,3
474,262,2
474,541,4
474,304,1
474,875,5
474,75,4
474,505,3
474,934,3
474,129,4
474,616,2
474,390,1
474,619,1
475,269,2
475,510,3
475,92,2
475,152,5
475,281,2
475,153,1
476,936,3
476,193,5
476,763,3
476,454,3
476,62,5
476,33,4
476,488,3
476,182,3
476,46,5
476,77,5
476,435,2
476,527,3
476,514,2
476,407,1
476,848,1
476,792,4
476,963,5
476,841,2
477,245,2
477,658,2
477,211,1
477,256,5
477,489,4
477,85,5
477,728,4
477,926,4
478,810,3
478,23,4
478,27,5
478,725,3
478,812,1
478,16,1
478,341,2
478,137,3
478,615,2
478,262,2
478,975,4
478,431,4
478,261,5
478,749,4
478,381,2
478,605,2
478,11,5
478,412,1
478,2,4
478,482,5
479,128,1
479,17,2
479,517,2
479,560,2
479,896,4
479,979,5
480,263,2
480,899,3
480,576,5
480,915,4
480,59,2
480,780,5
480,838,4
480,993,2
480,89,5
480,153,5
481,791,3
481,196,2
481,931,5
481,429,2
481,117,4
481,273,1
481,676,2
481,862,5
481,333,3
481,158,3
481,456,5
481,16,1
481,371,4
481,796,4
481,25,5
482,514,4
482,935,5
482,628,4
482,319,2
482,493,4
482,464,1
482,408,5
482,790,4
482,443,4
482,404,5
482,241,1
483,124,3
483,148,1
483,472,2
483,381,1
483,594,2
483,792,5
483,176,3
484,82,2
484,366,2
484,398,4
484,645,5
484,598,4
484,225,1
484,226,3
484,488,3
484,326,3
484,958,4
484,234,1
484,239,3
484,876,2
484,221,2
485,717,5
485,847,1
485,855,4
485,237,2
485,111,4
485,56,4
485,348,5
485,429,2
485,379,3
485,643,3
486,794,2
486,49,5
486,30,3
486,196,4
486,511,2
487,961,3
487,5,1
487,212,1
487,951,5
487,202,1
487,553,2
488,857,4
488,752,4
488,390,3
488,744,5
488,129,4
488,709,1
488,591,3
488,316,4
488,745,4
489,734,5
489,76,5
489,127,5
489,812,4
489,538,3
490,368,5
490,419,4
490,176,5
490,836,4
490,956,5
490,994,4
490,620,5
490,139,3
490,163,1
490,224,2
490,468,5
490,998,3
490,367,3
490,14,2
490,864,5
490,673,3
490,140,4
491,841,2
491,481,1
491,600,5
491,141,3
491,623,1
491,510,3
491,317,1
491,900,2
491,305,5
491,530,1
491,368,3
491,370,3
491,280,2
491,189,2
491,401,1
492,818,3
492,394,5
492,452,4
492,682,5
492,720,2
492,747,3
492,495,1
492,224,3
492,116,1
492,789,2
492,573,5
492,229,1
492,713,5
492,37,4
492,846,3
492,882,5
493,809,1
493,826,1
493,182,4
493,363,5
493,557,1
494,651,2
494,292,3
494,842,1
494,894,5
494,442,5
494,801,5
494,950,4
494,313,4
495,481,5
495,8,4
495,723,4
495,87,5
495,294,3
495,131,5
495,913,2
495,244,1
495,378,2
495,21,2
495,534,1
495,478,3
495,218,3
495,710,3
495,784,2
495,329,1
495,667,2
495,821,5
495,126,1
495,469,3
496,554,3
496,1000,5
496,111,2
496,167,4
496,261,2
496,163,1
496,273,4
496,710,5
497,471,1
497,781,2
497,233,1
497,111,1
497,761,1
497,925,1
497,866,3
497,844,2
497,311,3
498,721,1
498,177,3
498,607,4
498,385,2
498,810,1
498,567,3
498,757,4
498,37,2
498,85,2
498,701,1
498,753,5
498,814,2
498,672,3
498,476,5
498,405,4
498,243,4
499,28,3
499,854,2
499,486,5
499,54,3
499,412,1
499,460,1
499,923,3
499,584,3
499,996,5
499,431,5
499,239,1
499,174,4
499,537,1
499,203,1
499,708,2
499,376,3
499,29,2
499,685,2
500,357,3
500,627,4
500,90,5
500,224,3
500,781,3
500,869,1
500,117,2
500,748,2
500,135,2
501,133,4
501,462,3
501,662,4
501,737,1
501,661,4
501,633,1
501,214,2
501,350,1
501,749,5
501,126,4
501,117,4
502,480,4
502,146,1
502,812,2
502,248,1
502,832,3
502,513,2
502,837,1
502,164,1
502,269,4
502,898,3
502,219,1
502,780,5
502,770,4
502,396,4
502,628,1
502,281,4
502,57,2
502,556,2
502,137,2
503,764,1
503,631,3
503,620,3
503,615,5
503,327,3
503,832,1
503,709,1
503,206,1
503,733,3
503,611,2
503,467,4
503,609,4
503,104,1
503,5,4
503,678,1
503,536,1
503,686,5
503,706,3
503,916,3
504,973,4
504,706,1
504,905,3
504,642,2
504,368,3
504,952,1
504,576,3
504,314,3
504,335,5
504,238,1
505,636,5
505,238,3
505,960,1
505,853,4
505,315,5
505,464,2
505,996,4
505,577,2
505,240,4
505,608,4
505,301,1
505,270,2
506,743,1
506,350,5
506,998,5
506,928,5
506,516,2
506,380,5
506,778,2
506,190,4
506,779,1
506,931,1
506,271,5
506,137,2
506,850,3
506,234,3
506,635,5
506,231,5
507,144,3
507,30,4
507,697,2
507,81,4
507,92,1
507,22,3
507,876,3
507,710,1
507,651,2
507,373,3
508,533,1
508,218,4
508,663,4
508,892,5
508,316,4
508,589,2
508,490,2
508,66,5
508,548,5
508,61,3
508,661,5
508,160,4
508,576,2
508,780,2
508,677,2
508,622,5
508,86,5
508,52,2
508,274,5
509,600,5
509,379,1
509,936,3
509,350,4
509,769,2
509,860,1
509,986,5
509,367,3
509,150,5
510,921,4
510,423,3
510,73,5
510,763,3
510,353,1
511,264,5
511,818,3
511,463,1
511,769,4
511,46,5
511,50,3
511,182,4
511,300,4
511,419,5
511,298,2
511,664,5
511,442,2
511,593,1
511,61,3
511,219,3
512,731,2
512,605,2
512,421,5
512,240,3
512,357,1
512,834,3
512,532,3
512,194,3
512,412,3
512,404,2
512,779,1
512,652,3
512,463,4
512,434,2
512,271,5
512,900,1
512,687,4
512,244,4
512,283,5
513,525,2
513,375,3
513,225,4
513,900,2
513,462,3
513,743,5
513,145,3
513,654,4
513,549,3
514,82,3
514,793,4
514,146,1
514,612,1
514,765,3
514,534,4
514,548,4
514,383,5
514,620,1
514,171,4
514,165,4
515,749,2
515,545,5
515,499,3
515,802,2
515,203,3
515,301,3
515,33,4
516,525,1
516,829,5
516,960,2
516,827,3
516,787,3
516,50,4
516,578,2
517,172,5
517,656,4
517,596,3
517,40,3
517,268,5
517,277,1
517,694,2
517,729,2
517,941,2
517,543,3
517,236,2
517,119,5
517,456,5
517,185,3
518,822,1
518,532,3
518,843,2
518,39,4
518,869,1
518,493,2
518,399,4
519,38,3
519,945,3
519,592,3
519,181,2
519,704,5
519,191,1
519,241,5
519,634,5
519,476,2
519,613,4
519,176,5
519,238,1
519,402,1
519,574,2
519,513,1
519,32,5
519,144,5
519,436,1
519,57,2
520,181,2
520,626,2
520,735,4
520,592,1
520,698,4
520,282,3
520,641,4
520,217,4
520,644,3
520,655,2
520,3,5
520,190,5
520,408,5
520,663,5
521,951,3
521,36,4
521,921,2
521,719,3
521,786,4
521,674,1
521,980,4
521,993,2
521,210,3
522,293,1
522,409,3
522,519,5
522,682,4
522,863,4
522,777,1
523,755,5
523,131,1
523,804,3
523,230,3
523,815,5
523,825,3
524,937,4
524,530,1
524,950,5
524,715,4
524,308,1
525,542,5
525,181,2
525,47,1
525,813,5
525,624,4
525,318,1
525,597,2
525,521,2
525,377,5
526,479,5
526,431,4
526,590,5
526,498,1
526,569,1
526,974,5
526,692,5
526,460,3
526,514,3
526,44,4
526,699,5
526,756,2
527,901,2
527,650,2
527,824,2
527,996,1
527,472,1
527,269,3
527,900,2
527,665,1
527,148,3
527,199,5
527,639,2
527,606,1
527,622,5
527,223,1
527,564,4
527,327,2
527,555,2
527,36,4
528,834,1
528,987,4
528,944,3
528,652,4
528,536,1
528,268,5
528,365,5
528,776,1
528,749,1
528,955,2
528,836,3
529,763,3
529,824,1
529,445,1
529,616,1
529,226,3
529,679,5
529,488,3
529,877,1
529,717,5
529,259,2
529,755,2
529,139,3
529,285,2
529,711,1
529,963,1
530,579,3
530,570,4
530,539,1
530,374,1
530,133,1
530,974,4
530,432,3
530,987,3
530,48,4
530,220,2
530,914,5
530,402,1
530,887,3
530,34,1
530,488,2
531,355,1
531,584,5
531,466,2
531,620,4
531,912,5
531,312,1
531,89,4
531,237,4
531,821,2
531,641,1
531,514,4
531,216,2
531,717,1
532,346,4
532,653,3
532,437,2
532,843,1
532,764,4
532,110,3
532,717,5
532,498,5
532,305,5
532,312,1
532,759,3
532,240,4
532,248,5
532,113,2
532,879,3
532,833,4
532,394,4
532,274,1
532,542,2
533,629,3
533,476,3
533,249,3
533,129,4
533,457,2
533,108,2
533,101,5
533,911,4
533,366,3
534,525,4
534,182,1
534,110,5
534,763,3
534,538,3
534,411,2
535,418,4
535,141,1
535,528,3
535,379,3
535,609,2
535,534,3
535,73,5
535,565,5
535,973,4
535,569,1
536,659,3
536,200,4
536,670,3
536,436,1
536,141,4
536,819,5
536,440,5
536,109,3
536,264,1
536,664,1
536,484,1
536,715,5
536,947,5
536,643,4
536,561,3
536,674,2
536,626,4
536,779,3
536,509,3
537,153,4
537,438,1
537,626,1
537,16,4
537,512,3
537,843,3
537,443,4
537,501,5
537,150,4
537,743,4
537,829,4
538,39,2
538,864,5
538,462,5
538,737,5
538,251,3
538,744,3
538,589,3
538,10,1
538,49,1
539,795,1
539,697,5
539,779,4
539,549,2
539,965,2
539,246,2
539,420,1
539,333,2
539,590,3
539,466,5
539,801,4
539,803,3
540,647,4
540,924,5
540,413,4
540,87,2
540,375,3
540,874,4
540,534,3
540,9,1
540,896,3
540,262,3
540,404,4
540,957,5
540,866,2
540,742,3
540,861,1
540,782,2
540,177,2
540,283,3
540,59,3
541,555,2
541,593,3
541,548,1
541,444,2
541,268,2
541,329,2
542,554,1
542,963,4
542,418,3
542,927,2
542,764,5
542,420,3
542,41,5
542,654,1
542,265,2
542,667,4
542,267,4
542,572,3
542,349,3
542,165,2
542,883,3
542,567,1
542,211,5
542,969,4
542,284,5
542,767,4
543,373,5
543,224,5
543,916,4
543,62,5
543,251,2
543,52,1
544,370,2
544,679,4
544,112,1
544,902,3
544,693,2
544,78,5
544,354,2
544,199,2
544,474,5
544,330,1
544,686,3
544,103,2
544,119,4
545,953,1
545,86,4
545,181,5
545,758,5
545,875,4
545,371,4
545,861,5
545,781,4
545,282,5
545,569,4
545,39,3
545,178,2
545,557,2
545,355,2
546,354,4
546,370,5
546,395,1
546,792,3
546,677,1
547,875,1
547,640,1
547,934,2
547,726,1
547,207,3
547,947,1
547,377,1
547,485,4
547,656,3
547,11,4
547,974,4
547,603,5
547,4,4
548,586,4
548,548,2
548,221,1
548,346,3
548,353,3
548,925,5
548,182,4
548,824,4
548,550,4
548,686,4
548,846,5
548,996,4
549,496,5
549,218,2
549,353,2
549,472,4
549,49,5
549,805,1
549,527,1
549,594,2
549,580,3
549,554,5
549,93,5
549,836,2
549,62,5
549,938,5
549,44,2
549,328,5
549,782,4
549,525,1
549,620,2
550,181,1
550,212,2
550,948,3
550,465,3
550,504,5
550,559,5
550,83,5
550,921,2
550,290,3
550,658,4
550,127,3
550,591,2
550,949,4
550,542,1
550,876,3
550,978,5
551,401,2
551,203,2
551,907,4
551,910,2
551,176,1
551,170,4
552,60,1
552,988,1
552,142,4
552,704,4
552,866,3
552,499,3
552,729,4
552,393,4
552,912,2
552,927,2
552,530,2
553,212,4
553,127,5
553,245,3
553,835,3
553,24,3
553,322,1
553,818,2
553,323,2
553,790,2
553,666,1
554,22,5
554,796,2
554,398,2
554,491,3
554,58,1
554,226,1
554,506,2
554,997,3
554,551,4
554,492,1
554,364,4
555,953,3
555,171,1
555,485,3
555,512,2
555,468,5
555,326,1
555,544,1
555,569,3
555,443,3
555,672,2
555,690,1
555,508,5
555,453,4
555,837,1
556,229,3
556,652,3
556,975,5
556,858,4
556,3,1
556,988,1
556,295,1
556,989,3
556,897,2
556,585,1
556,161,1
556,935,1
556,872,1
556,804,3
556,937,5
557,488,1
557,154,5
557,603,4
557,737,4
557,114,3
557,474,2
557,478,3
557,534,1
557,591,2
557,328,5
557,777,2
557,201,4
557,109,5
557,921,5
558,581,2
558,55,3
558,379,1
558,63,4
558,190,4
558,662,1
558,257,3
558,89,4
558,754,4
558,984,1
558,70,5
558,745,5
558,170,3
559,533,5
559,770,4
559,380,2
559,774,3
559,851,4
559,228,3
559,930,1
559,362,4
559,421,2
559,344,3
560,790,1
560,624,1
560,90,4
560,466,2
560,504,4
560,118,1
561,311,3
561,712,5
561,768,1
561,845,4
561,754,2
561,205,2
561,852,2
561,976,5
561,900,5
561,49,5
562,598,4
562,801,5
562,383,3
562,590,5
562,580,2
562,22,2
562,385,5
562,696,3
562,360,2
562,556,1
562,679,5
562,91,4
562,351,2
562,593,2
562,140,4
562,444,1
562,359,1
563,594,4
563,845,5
563,69,2
563,549,4
563,289,3
563,585,3
563,895,4
563,273,1
563,129,1
563,801,4
563,851,3
563,753,2
564,393,1
564,351,2
564,436,2
564,643,1
564,805,1
564,793,3
564,383,4
564,94,4
564,460,5
564,202,5
564,853,4
564,646,1
564,182,5
564,319,3
564,684,3
564,249,2
564,456,1
564,61,2
564,823,5
565,533,3
565,514,4
565,132,5
565,528,2
565,762,4
565,824,4
565,693,5
565,327,1
565,639,3
565,460,3
566,736,1
566,527,3
566,377,4
566,788,4
566,240,3
566,3,3
566,354,4
566,723,1
566,393,3
567,523,2
567,615,5
567,534,4
567,29,3
567,436,5
568,920,1
568,833,4
568,330,4
568,818,4
568,901,2
568,52,5
568,147,3
568,185,4
568,259,5
568,985,4
568,483,5
568,396,1
569,763,2
569,430,5
569,542,5
569,585,3
569,234,2
569,710,2
569,159,1
569,688,3
569,31,1
569,814,3
570,251,2
570,611,4
570,333,2
570,592,5
570,8,5
571,947,3
571,585,1
571,857,3
571,196,5
571,710,1
571,695,3
571,165,5
571,169,1
571,967,4
571,316,4
571,267,3
572,976,5
572,406,4
572,465,5
572,459,1
572,840,5
572,718,1
572,565,3
572,110,2
572,625,2
572,231,1
572,259,5
572,37,2
573,568,4
573,610,5
573,967,5
573,390,4
573,819,3
573,80,1
573,246,4
573,477,3
573,424,4
573,743,4
574,808,4
574,665,1
574,744,3
574,686,5
574,829,1
574,490,4
574,460,2
574,972,3
574,239,5
574,351,3
574,40,4
574,264,1
574,513,3
574,170,4
574,335,4
575,982,4
575,845,2
575,922,1
575,116,3
575,890,1
576,661,3
576,735,2
576,266,4
576,214,5
576,812,2
576,302,3
576,170,5
576,50,4
576,816,2
576,131,5
576,726,4
576,781,3
576,821,2
576,879,2
576,817,5
576,308,3
576,449,4
576,475,1
577,100,1
577,569,3
577,336,5
577,315,5
577,592,2
577,217,2
577,996,1
577,732,1
577,129,1
577,698,1
577,818,5
577,988,5
577,443,4
578,972,4
578,872,5
578,265,4
578,733,2
578,504,1
578,446,5
578,857,1
578,358,1
579,151,2
579,975,3
579,908,3
579,749,4
579,512,4
579,372,4
579,711,2
579,717,2
580,546,1
580,86,1
580,362,5
580,186,3
580,148,1
580,627,3
580,117,3
580,718,1
580,355,3
580,538,1
580,915,1
580,792,5
580,677,1
580,767,3
580,791,3
580,248,2
581,542,3
581,430,3
581,359,4
581,140,2
581,731,3
581,856,4
581,226,1
581,747,3
581,921,2
581,448,2
581,122,4
581,347,1
581,451,1
581,191,3
581,71,1
581,553,4
581,96,2
581,251,2
581,147,1
582,782,5
582,961,4
582,53,2
582,459,1
582,56,3
582,841,4
582,158,3
582,872,1
582,126,4
582,977,4
582,206,3
582,115,3
583,489,4
583,483,2
583,614,2
583,306,4
583,965,4
583,269,5
583,207,4
583,453,2
583,815,5
583,999,2
583,706,1
583,573,3
583,200,2
583,780,5
583,857,4
584,132,4
584,308,4
584,522,1
584,133,1
584,950,4
584,974,3
584,207,3
584,969,1
585,116,2
585,291,3
585,423,2
585,231,5
585,676,3
585,165,3
585,426,3
585,278,3
585,49,5
585,439,5
585,602,2
585,321,1
585,780,3
585,937,1
586,35,4
586,771,1
586,37,2
586,535,1
586,217,1
586,191,2
586,202,5
586,933,1
586,832,4
586,741,4
586,769,1
586,664,2
587,799,4
587,282,3
587,572,4
587,583,4
587,292,5
587,688,4
587,832,3
587,78,2
587,341,2
587,603,5
587,829,2
587,714,3
587,281,2
587,480,2
587,498,4
587,780,1
587,822,3
587,797,2
587,73,2
588,142,1
588,96,5
588,762,2
588,948,1
588,283,4
588,849,1
588,867,2
588,368,2
588,645,4
588,444,5
589,771,3
589,672,2
589,428,3
589,379,2
589,135,4
589,619,2
589,25,5
589,792,1
589,901,5
589,652,5
589,890,4
589,939,3
589,912,3
589,552,5
589,739,3
589,14,5
589,577,1
589,854,2
589,179,4
589,87,4
590,370,4
590,554,2
590,222,4
590,414,4
590,440,2
590,268,5
590,183,4
590,755,5
590,223,5
590,4,4
590,556,3
590,145,1
590,884,2
590,499,4
590,361,5
590,384,3
590,185,4
590,984,2
591,920,2
591,142,2
591,400,3
591,82,3
591,722,2
591,103,5
591,877,3
591,977,5
591,467,1
591,810,5
591,891,2
591,772,1
591,759,1
591,59,2
591,295,5
591,205,5
592,114,3
592,41,1
592,628,3
592,761,4
592,972,3
592,187,4
592,789,1
592,237,5
592,512,4
592,459,4
592,965,2
592,298,3
592,875,2
592,270,2
592,218,2
592,68,5
592,562,4
592,835,1
592,340,5
592,556,4
593,943,4
593,596,4
593,990,1
593,145,2
593,742,1
593,771,3
593,832,1
593,312,4
593,429,2
594,489,3
594,407,2
594,208,2
594,595,1
594,516,2
594,445,4
594,995,3
594,156,2
594,611,3
594,962,2
594,931,5
594,721,1
594,315,3
594,883,5
594,228,2
594,982,4
594,408,4
594,607,3
594,317,5
595,539,4
595,607,5
595,62,5
595,347,1
595,51,2
595,258,1
595,533,2
595,371,4
595,954,4
595,720,1
595,851,4
595,957,5
595,140,5
595,477,2
596,897,5
596,409,3
596,51,2
596,653,4
596,976,1
596,539,2
596,440,3
596,608,1
596,285,5
596,716,3
596,106,1
596,214,5
596,504,5
596,692,4
596,387,1
597,323,2
597,170,3
597,990,2
597,311,5
597,503,2
597,838,2
597,707,3
597,775,5
597,383,5
597,269,1
597,606,2
597,492,3
597,425,4
597,686,2
597,675,2
597,304,1
597,926,2
597,981,4
597,237,1
597,834,5
598,692,4
598,966,2
598,636,4
598,590,2
598,970,3
598,865,3
598,600,4
598,192,3
598,27,3
598,969,2
598,348,3
598,744,4
599,99,3
599,280,3
599,36,5
599,985,5
599,20,2
599,186,4
599,61,4
599,778,3
599,278,2
599,179,5
599,815,1
599,452,2
599,404,5
599,681,3
600,312,3
600,924,2
600,100,5
600,862,5
600,994,1
600,721,3
600,236,1
600,442,4
600,644,2
600,743,1
600,810,2
600,469,1
600,119,4
601,386,3
601,48,1
601,909,3
601,584,1
601,688,5
601,503,2
601,495,1
601,774,4
601,887,2
602,173,3
602,17,1
602,846,1
602,241,5
602,176,5
602,75,4
602,162,5
602,13,5
602,576,1
602,908,4
602,741,2
602,799,4
602,789,5
602,525,1
602,513,3
602,676,4
602,347,2
602,481,1
602,146,4
603,278,5
603,871,1
603,148,4
603,138,2
603,887,1
603,698,3
603,682,2
603,891,1
603,943,2
603,752,1
603,850,1
603,385,5
603,866,5
604,906,4
604,354,5
604,406,1
604,860,1
604,466,5
605,295,4
605,339,5
605,874,3
605,165,2
605,757,3
605,17,1
605,283,3
605,214,2
605,855,3
605,410,1
605,71,1
605,389,2
605,276,3
605,906,4
606,982,1
606,441,1
606,29,2
606,564,3
606,729,4
606,578,3
606,848,2
606,147,1
606,809,4
606,8,5
606,22,5
606,750,2
607,909,3
607,401,1
607,934,3
607,788,3
607,741,2
607,589,1
607,330,5
607,175,2
607,203,4
607,450,5
607,923,3
607,913,4
607,154,4
607,366,2
607,293,2
607,411,1
607,648,5
607,825,4
608,69,2
608,250,5
608,475,1
608,308,2
608,254,2
608,177,1
608,496,2
608,536,5
608,660,2
608,436,2
608,351,4
608,565,2
608,47,3
608,484,2
608,794,4
608,469,2
608,344,2
608,789,4
608,217,1
608,707,2
609,110,2
609,662,3
609,700,1
609,229,5
609,878,2
609,379,3
609,738,2
609,970,2
609,154,5
609,772,2
609,426,3
609,994,5
609,18,4
609,428,5
609,394,4
610,918,3
610,143,5
610,385,1
610,64,2
610,112,1
610,731,1
610,608,4
610,51,2
610,149,3
611,608,4
611,882,1
611,852,3
611,728,3
611,733,5
611,461,2
611,717,4
611,613,1
611,102,2
611,194,1
611,430,3
611,276,3
611,104,3
611,113,4
611,731,1
611,690,4
611,513,2
611,63,5
612,950,3
612,160,1
612,846,1
612,891,1
612,65,1
612,156,5
612,53,1
612,558,4
612,274,1
612,726,5
612,724,1
612,489,2
612,853,1
612,930,3
612,128,1
612,70,4
613,471,4
613,211,5
613,299,3
613,884,1
613,281,3
613,431,3
613,317,3
614,189,2
614,465,3
614,968,5
614,24,2
614,593,5
614,741,5
614,824,3
614,415,3
614,553,3
614,168,2
614,236,3
615,513,3
615,284,4
615,75,1
615,452,2
615,720,2
615,378,4
615,466,1
615,747,1
615,377,2
615,40,3
615,898,1
615,462,4
615,717,4
615,592,4
616,409,3
616,353,3
616,425,2
616,76,4
616,286,2
616,77,1
616,275,5
616,909,3
616,562,3
616,925,2
616,734,3
616,704,3
616,995,1
616,619,2
616,78,3
616,127,5
617,547,1
617,843,3
617,68,1
617,267,1
617,184,3
617,940,4
617,470,5
617,628,5
617,565,5
617,522,4
617,419,3
617,411,4
617,282,1
617,187,4
617,914,5
617,331,1
617,386,5
617,132,1
617,115,3
618,872,5
618,731,5
618,721,3
618,916,5
618,578,1
618,670,5
618,630,1
619,476,5
619,723,1
619,920,1
619,196,4
619,146,2
619,299,3
619,756,3
619,912,1
619,332,4
619,414,2
619,343,1
620,611,2
620,705,4
620,902,1
620,190,3
620,672,4
620,198,3
620,39,1
620,693,3
620,839,4
620,351,2
621,360,2
621,486,2
621,618,5
621,649,1
621,606,3
621,584,1
621,965,5
622,748,4
622,424,5
622,275,5
622,102,3
622,927,4
622,143,3
622,335,5
623,589,2
623,33,4
623,646,1
623,43,5
623,343,4
623,480,2
623,905,1
624,802,3
624,453,1
624,536,2
624,50,4
624,563,5
624,577,2
624,783,2
624,941,1
624,84,5
624,95,5
624,815,2
624,428,1
624,842,5
624,959,4
624,578,1
625,204,1
625,746,4
625,30,1
625,488,1
625,866,3
625,982,1
625,47,2
625,806,2
626,338,3
626,472,5
626,827,1
626,981,2
626,960,1
626,344,4
626,29,5
626,861,5
626,657,4
627,527,3
627,200,1
627,838,3
627,976,1
627,569,5
627,6,4
627,483,4
627,991,3
628,641,1
628,532,5
628,408,1
628,537,1
628,924,3
628,563,4
628,115,1
628,70,1
628,591,4
628,406,3
628,306,4
629,237,4
629,248,3
629,859,1
629,326,4
629,850,5
629,42,5
629,107,1
629,857,5
629,32,2
629,964,4
629,86,2
629,541,4
629,94,4
629,715,5
629,404,3
629,346,3
629,765,3
629,755,5
629,542,1
629,115,2
630,360,1
630,873,2
630,365,1
630,213,2
630,839,3
630,654,5
630,955,1
630,547,1
630,464,1
631,387,4
631,631,3
631,288,1
631,163,1
631,362,3
631,667,5
631,459,5
632,510,4
632,598,5
632,430,4
632,225,4
632,306,2
632,152,5
632,393,4
632,183,3
632,96,2
632,889,5
632,527,4
632,953,5
632,539,4
632,816,3
632,871,4
632,160,4
632,314,5
632,880,2
633,508,3
633,762,2
633,513,1
633,345,1
633,506,3
634,117,1
634,140,3
634,647,1
634,433,2
634,844,1
635,351,1
635,71,2
635,909,5
635,265,3
635,713,1
635,522,3
635,560,3
635,559,1
635,931,1
636,436,1
636,858,4
636,295,2
636,913,3
636,900,1
636,548,2
636,741,3
636,284,1
636,780,2
636,421,3
636,502,4
636,395,5
636,93,4
636,413,1
636,690,4
637,572,2
637,499,1
637,138,1
637,920,3
637,989,1
637,174,2
637,347,1
637,357,1
637,887,5
637,290,1
637,643,1
637,265,5
637,798,3
637,527,4
637,777,3
637,655,5
637,484,2
637,356,2
638,331,3
638,206,5
638,730,5
638,992,2
638,517,1
638,78,2
638,991,4
639,96,2
639,798,4
639,221,1
639,856,3
639,742,2
639,917,4
639,514,1
639,817,1
639,120,5
639,599,4
639,240,4
639,80,3
639,931,3
639,170,4
639,169,5
639,434,2
639,689,3
639,998,2
640,513,3
640,24,2
640,912,1
640,341,5
640,241,2
640,740,5
640,854,1
640,707,1
640,515,3
640,28,3
640,338,1
640,442,4
640,660,1
640,151,4
640,852,4
641,516,3
641,390,3
641,302,3
641,763,1
641,892,3
641,119,1
642,81,2
642,46,4
642,647,2
642,598,5
642,317,3
642,638,4
642,425,5
643,183,3
643,28,5
643,901,3
643,71,2
643,847,3
643,565,1
643,128,2
643,934,5
643,277,4
643,776,1
643,261,5
643,89,3
643,889,1
643,923,2
643,325,5
643,937,4
643,703,1
644,673,3
644,873,4
644,627,1
644,810,3
644,170,4
644,139,5
644,109,2
644,583,1
644,450,1
644,101,1
644,938,1
644,680,2
644,797,1
644,282,4
644,941,3
644,700,2
645,467,4
645,172,4
645,495,3
645,857,3
645,413,2
645,815,1
645,129,1
645,6,4
645,283,4
645,574,2
645,298,3
645,838,5
645,195,4
645,62,5
646,661,3
646,170,2
646,953,1
646,56,3
646,158,5
646,602,2
646,971,1
646,377,2
646,178,5
646,163,2
646,890,1
646,270,5
646,943,5
647,911,2
647,80,5
647,859,2
647,547,4
647,350,2
647,920,1
647,118,4
647,802,5
647,339,2
647,449,5
647,566,3
647,387,2
647,904,4
647,999,1
648,538,3
648,702,4
648,817,5
648,258,2
648,829,1
649,590,3
649,462,1
649,722,2
649,150,1
649,683,4
649,1,2
649,882,2
649,903,5
649,381,3
650,711,1
650,34,1
650,924,1
650,870,5
650,743,3
650,971,4
650,379,4
650,537,4
650,184,4
650,515,2
650,932,5
650,522,4
650,842,5
650,13,5
650,790,1
650,213,4
651,940,3
651,96,2
651,854,4
651,832,3
651,313,1
651,738,5
651,657,5
651,771,3
651,480,1
651,396,2
651,685,3
651,258,4
652,830,1
652,35,5
652,433,2
652,660,4
652,581,2
652,380,5
652,226,3
652,641,2
652,584,4
652,471,1
652,964,5
652,320,3
652,532,1
652,450,2
652,154,5
652,758,5
652,257,4
652,803,2
653,815,2
653,281,3
653,13,5
653,36,2
653,590,4
653,931,2
653,334,2
653,481,1
653,920,1
654,251,2
654,525,1
654,948,3
654,594,4
654,401,4
655,354,2
655,983,1
655,404,5
655,409,3
655,151,4
655,648,1
655,595,2
655,433,4
655,900,1
655,682,2
655,273,4
655,919,2
655,721,4
656,387,1
656,858,1
656,830,1
656,490,1
656,967,4
656,774,1
656,812,5
656,114,2
656,249,3
656,924,5
656,293,4
656,687,3
656,584,1
656,411,2
656,655,2
656,230,4
656,947,2
656,755,4
656,441,1
657,196,1
657,79,1
657,77,3
657,372,2
657,611,3
657,900,4
657,659,2
657,985,1
657,766,1
658,737,2
658,289,1
658,530,4
658,207,4
658,597,2
658,141,2
658,729,5
658,620,4
658,493,2
658,720,2
658,24,4
658,819,1
658,27,3
658,478,4
658,121,2
658,139,3
658,152,5
658,572,5
658,221,3
659,363,3
659,158,2
659,254,1
659,530,4
659,784,4
659,244,3
659,527,4
659,121,1
659,372,2
659,572,4
659,889,5
660,394,5
660,395,4
660,112,2
660,881,2
660,140,2
660,561,1
660,45,5
660,601,4
660,992,1
660,25,1
660,153,3
660,104,1
660,349,5
660,891,1
661,568,1
661,926,2
661,191,5
661,543,5
661,857,5
661,657,1
661,313,5
661,23,5
661,440,4
661,980,3
661,834,4
661,65,3
661,529,1
661,7,5
661,401,4
661,656,2
661,374,3
662,10,4
662,63,2
662,31,3
662,42,4
662,851,1
662,132,5
662,966,3
662,492,5
662,931,2
662,462,4
662,837,4
662,150,2
662,516,5
662,865,4
662,569,5
662,76,4
662,523,1
662,7,2
662,36,2
663,4,2
663,268,5
663,317,1
663,339,4
663,242,3
663,423,1
663,132,4
663,434,5
663,246,4
663,779,1
663,35,4
663,245,2
663,662,2
663,316,5
664,447,4
664,450,4
664,99,5
664,333,4
664,513,2
664,415,2
664,25,2
664,435,5
664,924,4
664,183,1
664,493,1
664,254,1
664,372,3
665,506,4
665,558,3
665,280,5
665,540,3
665,639,4
665,846,5
665,838,2
665,617,5
665,261,3
665,205,3
666,396,2
666,108,5
666,295,4
666,729,1
666,593,3
666,992,3
666,662,4
666,567,2
666,961,4
666,324,2
666,479,2
666,93,5
666,73,4
667,664,1
667,321,4
667,658,2
667,172,2
667,87,3
667,127,5
667,872,2
667,933,5
667,254,5
668,331,3
668,65,4
668,935,1
668,25,3
668,165,2
668,557,1
668,88,3
668,451,1
669,927,2
669,568,1
669,653,5
669,208,5
669,934,2
669,897,1
669,863,3
669,936,1
670,118,5
670,43,1
670,464,5
670,495,5
670,235,4
671,170,2
671,628,1
671,324,4
671,983,5
671,182,3
671,789,1
671,685,3
671,347,1
671,753,3
671,826,3
671,213,4
671,113,4
671,995,1
671,674,2
671,954,5
671,216,4
672,203,1
672,966,3
672,181,3
672,242,1
672,333,3
672,940,4
673,376,1
673,210,1
673,590,2
673,991,1
673,194,3
673,414,3
673,467,3
673,23,2
673,863,4
673,963,5
673,63,1
673,340,3
673,344,5
674,293,1
674,665,3
674,736,4
674,320,3
674,936,4
674,94,3
674,526,5
674,931,4
675,186,3
675,957,3
675,927,2
675,77,3
675,112,5
675,493,4
675,121,2
675,687,2
675,748,4
675,811,4
675,718,3
675,554,1
675,890,1
675,150,3
675,181,3
675,451,2
676,118,3
676,713,2
676,647,1
676,125,4
676,90,5
676,464,2
676,181,5
676,107,4
676,862,1
676,65,1
676,335,5
676,374,2
676,160,1
676,964,5
676,639,1
676,627,5
676,318,3
677,127,5
677,541,5
677,501,1
677,107,2
677,708,4
678,989,4
678,142,2
678,577,1
678,963,1
678,298,3
678,343,4
678,30,2
678,537,5
678,579,2
678,149,3
678,412,1
678,230,5
678,268,4
678,212,1
678,852,4
679,733,4
679,430,3
679,156,3
679,226,5
679,232,3
679,644,2
679,756,5
679,799,1
679,258,5
679,344,1
679,204,1
680,893,4
680,42,2
680,914,4
680,476,4
680,971,3
680,474,5
680,959,4
680,769,2
680,624,3
680,781,2
680,202,4
680,83,2
680,693,3
680,77,2
680,142,2
680,416,2
680,18,4
680,566,2
680,347,3
681,511,5
681,305,1
681,662,3
681,450,1
681,316,1
681,480,2
681,629,4
682,797,4
682,448,3
682,11,3
682,494,4
682,888,4
682,653,3
682,758,4
682,320,1
683,733,5
683,882,2
683,35,3
683,526,3
683,184,5
683,857,4
683,76,1
683,153,4
683,788,4
683,787,5
683,941,1
683,59,2
683,433,4
683,84,4
683,200,1
684,288,3
684,674,2
684,179,2
684,268,2
684,317,2
684,793,5
684,43,1
685,200,4
685,736,3
685,39,2
685,593,1
685,644,3
685,128,4
685,802,5
685,834,5
685,954,5
685,388,5
685,914,5
685,441,5
685,7,3
685,19,3
685,297,3
685,547,2
686,412,5
686,118,3
686,173,5
686,776,3
686,388,5
686,824,3
686,542,5
686,690,4
686,974,3
686,684,2
686,722,1
687,75,5
687,798,2
687,426,3
687,266,3
687,619,5
688,494,1
688,199,1
688,397,5
688,626,2
688,581,1
688,773,3
688,249,5
688,315,3
688,635,3
689,105,4
689,312,2
689,426,1
689,182,2
689,227,5
689,789,2
689,863,3
689,631,3
689,317,5
689,628,4
689,48,2
689,745,1
689,339,4
689,330,1
689,221,2
689,167,2
689,97,5
689,155,1
689,610,2
689,691,5
690,887,5
690,957,5
690,933,4
690,950,5
690,479,3
690,552,1
690,157,4
690,845,1
690,551,4
690,579,4
690,233,4
690,906,1
690,209,1
690,13,5
691,57,5
691,855,3
691,111,4
691,396,4
691,934,3
691,42,3
691,913,5
691,952,5
691,858,4
691,532,4
692,946,3
692,194,1
692,708,5
692,850,2
692,612,2
692,959,5
692,906,4
692,62,1
692,42,1
692,488,4
692,846,2
692,522,1
693,839,1
693,2,2
693,140,3
693,98,4
693,249,3
693,355,5
693,820,4
693,11,1
693,233,1
693,477,4
693,30,2
694,564,1
694,288,4
694,295,2
694,658,2
694,625,5
694,552,3
694,381,3
694,689,4
694,407,3
694,122,5
694,835,5
694,833,1
694,702,5
694,824,4
695,437,4
695,69,5
695,296,5
695,418,4
695,309,5
695,548,4
695,820,4
695,228,4
695,293,2
695,676,1
695,471,3
695,325,5
695,120,1
695,246,2
695,597,1
696,782,4
696,352,4
696,622,1
696,624,5
696,794,2
696,959,3
696,453,4
696,699,1
696,748,3
696,715,2
696,500,4
696,275,4
696,822,3
696,101,1
696,828,5
696,181,4
696,184,2
696,806,5
696,938,2
697,793,5
697,364,3
697,106,2
697,810,2
697,324,5
698,888,5
698,917,4
698,854,5
698,666,4
698,585,2
698,68,4
699,915,1
699,401,5
699,351,1
699,883,1
699,91,4
700,347,1
700,979,5
700,608,1
700,668,1
700,546,3
700,414,1
700,917,1
700,99,4
700,980,3
700,520,4
700,204,5
700,293,2
700,880,4
700,986,1
700,859,2
700,846,5
701,467,5
701,886,4
701,3,4
701,261,2
701,889,4
701,654,2
701,869,3
701,142,1
701,585,5
701,412,3
702,392,4
702,468,3
702,158,5
702,591,2
702,222,4
702,120,5
702,31,2
702,889,3
702,236,2
702,153,2
703,624,2
703,243,4
703,645,2
703,535,5
703,401,2
703,62,2
703,913,2
703,302,3
703,241,2
703,771,3
703,385,4
703,400,4
703,397,5
703,13,2
703,216,5
703,425,4
703,405,3
703,443,3
703,865,4
703,480,1
704,186,1
704,272,4
704,974,1
704,574,5
704,890,4
704,501,1
704,59,2
704,776,1
704,445,5
704,764,2
704,293,1
704,832,3
704,953,5
704,54,5
704,618,5
704,725,3
704,637,4
704,951,5
704,11,3
704,511,5
705,37,2
705,266,3
705,505,4
705,730,4
705,157,5
705,920,3
705,280,3
705,692,2
706,243,2
706,672,3
706,80,2
706,85,5
706,168,2
706,540,2
706,405,5
706,906,4
706,388,3
706,250,1
706,992,4
706,141,2
706,534,2
706,200,4
706,842,1
706,750,2
707,98,2
707,513,4
707,142,4
707,209,1
707,351,4
707,598,1
707,329,4
707,796,5
707,294,4
707,348,5
707,834,3
707,140,5
708,433,3
708,184,5
708,798,2
708,231,5
708,268,3
708,938,5
708,621,1
709,348,2
709,230,4
709,637,2
709,557,1
709,931,2
709,72,2
709,101,1
709,7,4
710,637,5
710,987,1
710,920,3
710,978,4
710,426,3
710,567,4
710,672,2
710,73,2
711,470,4
711,17,2
711,646,5
711,80,5
711,912,5
712,437,2
712,686,3
712,894,2
712,423,1
712,827,5
712,357,1
712,207,4
712,599,2
712,503,4
712,779,4
712,481,1
712,50,2
712,13,2
712,886,1
712,271,3
712,370,3
712,796,5
713,555,5
713,32,4
713,169,2
713,945,4
713,429,4
713,558,1
714,471,3
714,580,1
714,31,4
714,78,4
714,377,4
714,527,2
714,351,3
714,500,3
715,304,2
715,564,4
715,338,1
715,699,3
715,198,4
715,362,3
715,521,1
715,679,2
715,911,5
715,695,5
715,746,1
715,260,3
715,393,5
715,877,3
715,690,3
715,308,2
715,35,5
715,826,2
715,811,3
715,708,2
716,811,4
716,247,2
716,570,4
716,342,1
716,296,1
716,742,1
716,552,5
716,878,2
716,984,3
716,604,3
716,879,2
716,994,4
716,141,3
717,168,3
717,913,5
717,151,2
717,352,1
717,633,1
717,651,5
717,762,1
717,31,3
717,868,3
717,105,5
717,915,4
717,874,1
717,705,5
717,774,3
717,417,5
718,151,5
718,297,2
718,155,2
718,61,5
718,263,5
718,688,2
718,818,5
718,576,5
718,217,1
718,952,1
718,556,2
719,2,4
719,866,4
719,793,3
719,981,5
719,350,1
719,218,5
719,682,5
719,377,4
719,321,4
719,887,4
719,916,3
720,293,5
720,155,3
720,704,5
720,331,3
720,922,2
720,282,5
720,544,3
720,995,3
720,441,2
720,827,3
721,721,1
721,567,1
721,510,2
721,377,2
721,599,4
721,266,3
721,787,2
721,268,2
721,728,4
721,800,5
721,687,3
721,716,4
721,743,2
721,73,5
721,699,4
722,204,3
722,576,5
722,191,5
722,776,3
722,783,2
722,500,3
722,985,3
722,735,5
722,743,3
722,125,2
722,749,3
722,710,4
722,909,2
722,637,5
723,76,1
723,665,3
723,89,2
723,738,2
723,26,5
723,929,5
723,465,3
723,780,1
723,729,5
723,914,2
723,430,2
723,251,5
724,88,3
724,561,3
724,580,2
724,408,5
724,845,4
724,809,1
724,499,3
724,261,4
724,373,5
724,870,5
724,637,2
724,293,4
724,879,4
724,405,3
724,19,5
724,82,2
724,645,2
725,569,2
725,964,1
725,698,5
725,675,2
725,764,3
725,773,1
725,98,2
725,576,3
725,751,5
725,231,4
725,762,4
725,679,4
725,843,2
725,210,3
725,700,3
725,597,4
725,385,4
725,406,4
725,941,3
726,29,3
726,866,4
726,795,2
726,643,2
726,534,3
726,62,4
726,835,5
726,269,1
726,283,5
726,451,4
726,603,2
726,489,2
726,533,1
726,15,5
726,649,2
726,105,1
726,744,2
726,864,5
726,485,5
726,126,2
727,44,2
727,993,3
727,975,3
727,343,3
727,323,1
728,656,2
728,429,5
728,603,3
728,41,4
728,451,1
728,260,5
728,979,1
728,259,4
728,10,4
728,336,2
728,912,5
728,271,1
729,319,4
729,365,5
729,690,2
729,729,5
729,381,3
729,448,1
729,364,5
729,590,1
729,660,3
729,951,5
729,400,1
729,350,5
729,366,1
729,386,4
729,617,3
729,397,1
729,189,1
729,362,3
729,135,4
729,913,3
730,133,3
730,137,3
730,420,2
730,520,4
730,666,4
731,926,3
731,702,4
731,835,1
731,834,5
731,704,1
731,891,5
731,370,4
731,855,3
732,766,5
732,473,2
732,945,1
732,352,2
732,899,5
732,570,1
732,802,2
732,755,5
732,226,1
732,311,3
732,298,2
732,184,4
732,140,3
732,757,1
732,716,1
733,883,4
733,277,5
733,929,3
733,225,3
733,784,1
733,251,1
733,69,5
733,782,4
733,108,4
733,152,4
733,681,1
733,676,5
733,215,3
733,611,3
733,267,1
733,547,1
733,545,2
733,799,1
734,760,5
734,813,4
734,748,3
734,115,1
734,77,4
735,572,4
735,812,5
735,581,5
735,444,3
735,495,3
735,614,3
735,801,2
735,402,4
735,991,3
735,919,3
735,874,3
735,391,4
735,241,1
735,807,2
735,122,5
735,857,1
736,943,2
736,459,4
736,507,3
736,131,2
736,458,5
736,175,3
736,196,4
736,452,5
736,921,2
736,893,1
736,94,3
736,825,1
736,469,5
736,70,5
736,947,3
736,170,4
736,894,1
736,54,5
737,770,3
737,720,2
737,224,3
737,760,3
737,96,2
737,441,5
737,836,1
737,530,1
737,120,1
737,468,3
737,653,1
737,92,3
738,126,1
738,298,3
738,789,5
738,338,2
738,257,2
738,791,4
738,743,2
738,351,2
738,664,2
738,309,3
738,961,1
738,458,2
738,277,3
738,689,3
738,893,5
738,87,4
738,881,5
738,456,1
738,540,1
738,2,4
739,902,4
739,793,5
739,662,3
739,512,4
739,984,5
739,838,5
739,748,3
739,566,4
740,237,4
740,986,1
740,130,2
740,507,1
740,865,3
740,672,2
740,180,1
740,669,5
740,525,2
740,282,1
740,251,5
741,304,3
741,536,4
741,799,2
741,570,4
741,436,5
741,331,2
742,922,3
742,795,4
742,941,3
742,155,4
742,37,2
742,997,3
742,27,3
742,684,5
742,486,1
742,105,1
742,118,5
742,807,4
742,157,3
742,305,1
742,616,4
742,337,1
742,329,2
743,445,2
743,313,4
743,134,5
743,734,5
743,376,4
743,30,1
743,801,4
743,982,1
743,662,1
743,936,2
743,159,1
744,828,5
744,620,2
744,144,4
744,773,5
744,278,3
744,78,5
745,788,4
745,750,5
745,346,2
745,421,2
745,23,5
745,324,2
745,524,3
745,859,1
745,965,4
746,120,1
746,584,5
746,724,4
746,265,2
746,608,1
746,22,3
746,35,5
746,503,1
746,377,5
747,563,3
747,785,2
747,481,2
747,51,1
747,86,3
747,806,2
747,572,4
747,135,5
747,752,4
747,545,3
747,659,3
747,536,2
747,369,1
748,307,1
748,102,3
748,227,2
748,341,4
748,919,1
748,558,1
748,453,3
748,629,1
749,699,1
749,983,3
749,112,3
749,741,2
749,483,2
749,367,1
749,673,1
749,377,4
749,982,1
749,603,1
749,39,4
749,901,2
749,726,2
749,390,5
749,568,3
749,57,2
750,537,2
750,659,5
750,353,5
750,948,2
750,716,4
750,443,1
750,116,3
750,367,5
750,644,5
750,851,3
750,359,1
751,421,3
751,638,3
751,178,3
751,471,3
751,343,2
751,82,4
751,158,3
751,70,4
751,121,3
751,402,2
751,196,5
751,985,5
751,274,4
751,3,5
751,962,4
751,28,2
751,832,1
751,865,2
751,931,3
751,54,5
752,690,3
752,20,5
752,654,4
752,478,3
752,841,5
752,375,5
752,687,1
752,322,5
752,302,5
752,176,4
752,538,3
752,464,2
752,710,4
752,967,3
752,106,2
753,162,1
753,167,2
753,182,3
753,656,2
753,866,4
753,255,3
753,256,1
753,425,4
753,795,2
753,886,1
753,101,2
753,430,3
753,114,5
753,469,2
753,515,5
753,776,4
753,379,3
753,396,5
754,760,3
754,288,4
754,717,5
754,86,2
754,923,1
754,419,2
754,543,1
754,384,4
754,556,3
754,332,4
754,95,4
754,21,4
754,159,4
754,986,2
754,776,3
754,958,1
755,252,3
755,190,2
755,619,5
755,919,1
755,159,5
755,640,4
755,324,4
755,932,5
756,850,3
756,397,5
756,391,2
756,959,4
756,140,2
756,715,3
756,404,5
756,119,3
756,957,5
756,461,1
757,370,3
757,578,3
757,317,4
757,244,3
757,562,5
757,850,4
757,604,3
757,355,4
757,786,2
757,628,1
757,889,4
757,435,5
757,215,4
757,472,5
757,91,3
757,671,1
757,930,3
757,769,5
757,961,3
758,3,5
758,571,1
758,816,1
758,80,3
758,326,5
759,537,3
759,509,2
759,227,1
759,434,5
759,612,5
759,784,1
759,570,3
759,310,1
760,531,5
760,887,3
760,308,1
760,5,1
760,175,5
760,811,3
760,97,3
760,677,5
760,680,3
760,10,5
760,183,5
760,756,3
760,76,5
760,524,5
761,287,4
761,383,5
761,36,5
761,907,2
761,964,5
761,387,5
761,195,2
761,895,5
762,420,3
762,536,2
762,47,1
762,973,5
762,675,2
762,453,3
762,537,5
762,815,1
762,593,2
762,431,2
762,705,4
762,345,1
762,512,4
762,633,3
762,975,4
762,393,5
762,959,3
762,683,5
762,7,3
763,811,1
763,807,1
763,131,3
763,225,3
763,176,4
763,106,4
763,438,3
763,305,3
764,417,3
764,238,3
764,212,1
764,52,1
764,424,4
764,89,1
764,895,2
765,586,3
765,115,2
765,947,5
765,198,4
765,234,5
765,855,2
765,966,4
766,283,3
766,751,5
766,430,1
766,258,3
766,835,4
766,777,5
766,781,1
766,516,4
766,685,3
766,798,1
766,949,1
767,425,5
767,764,4
767,253,5
767,572,4
767,325,2
767,906,2
767,299,4
767,710,5
767,808,2
767,46,3
767,914,1
767,970,2
767,606,2
767,316,3
768,440,4
768,469,1
768,676,3
768,421,1
768,784,2
768,152,3
768,957,5
768,382,5
768,695,4
768,733,5
768,129,4
768,131,3
769,609,3
769,956,1
769,978,5
769,263,4
769,67,5
769,907,1
769,953,2
769,623,1
769,92,1
769,243,4
769,362,4
769,447,1
769,827,5
769,947,4
769,824,2
769,848,4
769,897,2
769,59,1
769,899,4
770,613,3
770,86,5
770,687,3
770,675,4
770,93,3
770,926,2
770,963,2
770,921,2
770,959,4
770,935,5
770,587,3
770,701,1
770,301,5
771,473,3
771,94,3
771,1000,3
771,307,3
771,373,2
771,26,4
771,483,5
771,833,5
771,706,1
771,430,2
772,284,3
772,881,5
772,4,1
772,99,1
772,640,5
772,96,4
772,292,2
773,235,1
773,227,3
773,850,5
773,270,2
773,890,5
773,3,3
773,904,1
773,636,4
773,729,4
774,184,3
774,258,2
774,571,3
774,246,3
774,162,4
774,462,2
774,92,3
774,276,2
774,449,3
774,586,2
774,115,4
774,482,5
774,204,1
774,341,4
774,652,3
774,999,3
775,497,5
775,244,1
775,407,3
775,879,5
775,677,4
776,547,3
776,814,3
776,997,2
776,159,4
776,277,3
776,532,3
776,819,1
776,446,2
776,727,4
776,301,5
777,900,2
777,776,4
777,437,4
777,197,1
777,780,2
777,291,1
777,499,3
777,654,1
777,426,3
777,380,4
777,356,2
777,949,3
777,502,2
777,343,1
777,909,1
777,778,4
777,968,1
777,655,3
777,741,2
778,186,5
778,726,1
778,303,5
778,493,2
778,900,5
778,784,1
778,139,3
778,793,3
778,971,2
778,715,3
779,186,3
779,219,1
779,432,1
779,32,2
779,899,2
779,421,3
779,663,5
779,711,2
779,931,3
779,837,4
779,330,1
779,95,2
780,755,5
780,946,5
780,167,5
780,967,4
780,553,4
780,530,3
780,803,1
780,35,4
780,491,5
780,686,3
780,409,3
780,265,2
780,822,3
780,443,2
780,180,4
780,856,5
780,129,5
780,427,2
781,45,2
781,31,3
781,135,5
781,730,2
781,24,3
781,568,4
781,688,3
781,526,2
781,476,5
781,103,4
781,885,1
781,463,2
781,234,3
781,654,5
781,240,2
781,921,4
781,744,1
781,400,4
781,56,4
782,800,3
782,835,2
782,391,4
782,138,4
782,486,3
782,110,2
782,702,2
782,106,1
782,748,1
782,75,2
782,449,4
782,936,2
782,440,3
782,47,2
782,773,2
782,808,3
783,559,2
783,111,5
783,220,1
783,370,1
783,478,3
783,249,4
783,237,4
783,998,4
783,462,3
783,90,1
783,968,5
783,633,3
783,262,1
783,514,4
783,708,5
783,141,3
784,788,5
784,337,4
784,338,4
784,715,3
784,325,5
784,192,5
784,559,4
784,410,5
784,584,2
784,779,5
784,403,5
784,786,2
784,923,1
784,247,3
785,481,1
785,668,4
785,251,1
785,698,3
785,322,4
785,754,5
785,869,2
786,719,1
786,591,5
786,303,1
786,243,5
786,375,5
786,961,1
786,453,1
786,780,1
786,760,5
786,895,1
786,117,3
786,503,1
786,135,5
786,322,4
787,679,3
787,565,1
787,293,1
787,329,3
787,141,2
787,490,5
787,481,1
787,383,3
787,135,4
787,610,2
787,376,3
787,957,1
787,266,4
787,107,3
787,776,4
787,225,2
787,146,2
788,614,2
788,158,2
788,203,4
788,890,1
788,225,1
788,378,5
788,70,2
788,140,5
788,906,1
788,341,3
789,334,5
789,774,4
789,316,5
789,595,4
789,172,3
789,402,2
789,263,4
789,707,2
789,238,1
789,522,1
789,269,1
789,226,3
789,588,5
789,83,3
789,13,5
789,136,1
789,939,4
790,837,2
790,836,1
790,749,3
790,858,5
790,677,3
790,889,1
790,359,4
790,872,3
790,639,1
790,436,5
790,891,5
791,752,1
791,999,1
791,660,2
791,710,2
791,82,5
791,676,4
791,982,5
791,453,3
791,734,4
791,4,3
791,410,4
791,219,3
791,638,3
791,427,3
791,223,3
791,845,1
791,659,4
791,380,2
792,449,1
792,34,5
792,755,3
792,7,3
792,994,4
792,315,4
792,506,4
792,110,2
793,818,4
793,600,4
793,13,4
793,889,4
793,526,1
793,296,5
793,635,5
793,156,1
793,778,2
793,987,4
793,233,3
793,712,2
793,618,4
793,404,4
793,144,5
793,756,5
793,649,4
793,60,3
793,341,4
793,243,1
794,27,3
794,778,1
794,224,3
794,814,5
794,579,3
794,248,1
794,641,2
794,544,3
794,468,5
794,208,4
794,488,2
794,67,3
794,471,2
794,485,3
794,183,3
795,400,2
795,868,2
795,349,3
795,487,3
795,798,1
795,576,5
795,78,5
795,41,1
795,561,5
795,849,5
795,445,5
796,77,5
796,890,1
796,90,3
796,228,2
796,168,1
796,703,2
796,756,3
796,673,4
796,186,2
796,479,5
796,533,2
796,522,3
796,838,5
796,24,2
796,296,2
796,411,3
796,352,5
797,521,2
797,596,3
797,143,4
797,648,3
797,888,4
797,69,5
798,852,1
798,101,1
798,107,1
798,112,2
798,299,2
798,185,1
798,329,3
798,17,2
798,14,1
799,880,2
799,780,4
799,600,2
799,311,2
799,996,5
799,865,3
799,694,1
799,353,3
799,325,3
800,413,1
800,334,1
800,486,5
800,645,5
800,295,5
800,337,3
800,886,2
800,599,2
801,986,2
801,450,3
801,117,4
801,419,5
801,339,3
801,452,4
801,814,5
801,411,2
801,607,5
801,572,4
801,358,3
801,248,3
801,653,1
801,119,4
801,309,2
802,344,4
802,405,5
802,141,1
802,603,2
802,842,4
802,165,4
802,192,4
802,199,2
802,363,5
802,604,3
802,47,4
802,699,2
802,554,4
802,534,1
802,776,1
802,693,2
803,468,3
803,276,3
803,207,4
803,114,1
803,915,5
803,866,3
803,877,1
803,928,2
803,280,5
803,31,5
803,305,3
803,629,5
804,297,4
804,89,2
804,830,4
804,911,5
804,493,4
804,303,5
804,58,1
804,208,1
804,483,1
805,759,2
805,819,4
805,32,3
805,62,5
805,803,3
806,731,3
806,449,3
806,966,5
806,610,5
806,681,5
806,673,4
806,157,4
806,791,1
807,902,3
807,989,5
807,683,2
807,357,2
807,195,5
807,881,4
807,344,5
807,389,5
807,556,4
807,868,5
807,188,5
807,345,4
807,271,5
807,38,1
807,210,1
807,544,2
808,386,1
808,534,3
808,556,5
808,388,4
808,253,2
808,158,2
808,499,5
808,96,4
808,365,1
808,959,5
808,137,2
808,675,4
808,908,2
808,200,3
808,229,3
809,962,2
809,636,4
809,209,1
809,216,4
809,687,3
809,359,5
809,64,3
809,252,4
809,578,5
809,124,5
809,777,1
809,782,2
809,31,3
810,247,3
810,682,1
810,887,5
810,340,5
810,997,1
810,274,3
810,33,2
810,863,4
810,72,2
810,38,1
810,510,1
810,8,5
810,873,4
810,27,3
810,642,2
810,202,4
810,494,1
810,338,3
811,684,2
811,835,4
811,944,2
811,640,2
811,755,4
811,937,4
811,422,3
811,967,1
811,742,1
811,318,4
811,943,3
811,885,4
811,834,4
811,506,4
811,390,3
811,442,5
811,696,2
811,509,4
811,289,1
812,754,5
812,650,2
812,539,4
812,261,5
812,148,4
812,784,5
812,583,4
812,758,2
812,313,5
813,697,3
813,608,3
813,630,2
813,673,2
813,862,2
813,398,3
813,470,2
813,539,2
813,268,5
813,734,3
813,117,4
813,148,1
813,457,3
813,472,2
814,196,3
814,216,5
814,34,1
814,169,4
814,738,2
814,493,1
814,705,3
814,661,1
814,504,2
814,563,1
814,477,4
814,450,1
814,84,3
815,451,2
815,597,5
815,906,5
815,20,3
815,806,3
815,161,1
815,330,1
816,961,1
816,350,1
816,79,2
816,944,1
816,223,4
816,722,3
817,555,5
817,835,2
817,612,4
817,811,4
817,864,2
817,917,3
817,80,3
817,509,1
817,546,3
817,569,1
817,794,5
818,810,5
818,82,2
818,637,3
818,775,5
818,609,1
819,579,1
819,531,4
819,480,4
819,971,2
819,497,1
819,964,5
819,399,4
819,611,5
819,690,2
819,938,4
820,27,3
820,921,2
820,162,4
820,92,3
820,994,1
820,254,5
820,502,2
820,697,5
820,6,3
820,500,5
820,687,5
820,723,5
820,738,5
820,662,1
820,214,3
820,896,1
820,724,4
820,834,4
820,521,2
820,663,2
821,514,3
821,630,5
821,202,1
821,949,5
821,42,1
821,813,3
821,933,1
822,289,2
822,140,5
822,989,3
822,554,2
822,285,5
822,933,2
822,162,5
822,620,4
822,640,4
822,5,3
823,729,4
823,91,3
823,304,1
823,489,1
823,122,4
823,44,2
823,101,1
823,484,3
823,682,3
823,296,5
823,266,1
823,803,3
823,966,1
823,226,3
823,393,4
823,362,4
823,582,3
823,722,4
823,691,1
823,413,4
824,182,4
824,493,2
824,100,4
824,987,2
824,393,1
824,617,2
824,718,2
824,386,2
824,445,1
824,206,5
824,729,4
824,883,5
825,422,5
825,36,4
825,964,3
825,439,4
825,305,2
825,635,3
825,302,4
825,32,4
825,160,5
825,507,3
825,144,2
825,347,5
825,85,4
825,662,5
825,602,2
825,986,3
825,899,5
825,484,4
825,114,3
826,692,1
826,916,1
826,117,1
826,586,4
826,801,3
826,85,2
826,616,1
826,659,5
826,130,2
826,447,3
826,276,1
826,64,3
826,547,2
826,774,1
826,278,1
826,540,1
826,526,3
826,235,4
826,559,1
827,782,4
827,913,3
827,644,2
827,167,3
827,242,3
827,590,3
827,185,4
827,163,4
827,210,2
827,369,5
827,487,5
827,11,3
827,466,4
827,771,2
827,865,3
827,551,1
827,272,2
827,393,3
827,932,3
827,632,2
828,359,5
828,615,2
828,609,5
828,845,2
828,438,5
828,725,5
828,505,4
828,945,1
828,154,1
828,766,4
828,123,3
829,914,1
829,323,5
829,210,1
829,24,5
829,282,2
829,395,2
829,660,3
829,512,4
830,42,5
830,903,2
830,380,3
830,262,4
830,13,4
830,435,4
830,79,4
830,437,4
830,601,2
830,371,3
830,155,4
830,610,4
830,591,2
830,724,5
830,690,3
830,808,5
830,977,1
830,218,4
830,662,1
830,834,4
831,817,2
831,593,3
831,168,1
831,810,3
831,990,1
831,320,4
831,182,2
831,534,4
831,449,5
832,219,2
832,205,5
832,961,1
832,35,1
832,833,2
832,486,3
832,769,1
832,888,1
832,225,4
832,640,2
832,385,4
832,513,4
832,636,2
832,280,4
833,524,2
833,245,1
833,43,5
833,540,2
833,570,2
833,526,3
833,774,2
833,319,5
833,345,1
833,832,1
833,736,3
833,608,5
833,998,3
834,368,5
834,876,2
834,445,4
834,813,2
834,137,3
834,287,2
834,742,3
834,399,1
834,921,2
834,766,2
834,913,3
834,556,2
834,520,2
834,13,5
834,671,2
834,123,1
834,824,5
834,696,3
835,479,3
835,13,2
835,283,1
835,962,5
835,304,2
835,226,2
835,691,2
835,413,2
835,758,1
835,974,1
835,718,4
835,741,1
835,928,5
835,70,4
836,645,3
836,64,3
836,251,1
836,128,5
836,779,5
836,630,5
836,773,4
836,587,4
836,949,5
836,373,3
836,590,1
836,870,5
836,633,2
836,141,2
836,942,2
836,696,2
836,678,2
836,381,2
837,846,1
837,586,5
837,597,3
837,851,2
837,381,3
837,711,3
837,577,5
837,253,5
837,176,3
837,395,4
837,488,3
837,526,4
837,217,3
837,436,5
837,169,2
837,701,1
837,366,3
837,163,4
838,873,1
838,637,1
838,538,3
838,533,2
838,599,5
838,443,2
838,377,3
838,766,5
838,868,1
838,759,4
838,165,1
838,887,5
838,209,4
838,560,1
838,145,4
838,255,5
838,587,4
838,405,5
839,919,4
839,76,3
839,638,3
839,54,2
839,870,1
839,65,2
839,614,3
839,313,3
839,783,1
839,754,2
839,453,4
840,73,2
840,346,5
840,545,2
840,22,1
840,761,3
840,921,5
840,108,5
840,868,5
840,574,3
840,602,1
840,237,3
840,208,2
840,511,1
840,369,1
840,783,1
841,134,5
841,429,4
841,538,5
841,318,4
841,447,3
841,37,1
841,105,1
841,487,1
841,69,5
841,207,1
841,775,4
841,862,5
841,934,5
841,184,2
841,241,1
841,969,2
841,868,1
842,500,1
842,129,2
842,728,3
842,106,1
842,533,3
842,978,5
842,347,1
843,823,5
843,214,5
843,102,2
843,941,4
843,233,2
843,618,4
843,350,4
843,853,2
843,852,1
843,989,1
844,266,4
844,643,5
844,781,2
844,911,1
844,346,4
844,607,5
844,717,1
844,453,1
844,943,2
844,899,3
844,422,5
844,365,1
844,361,4
845,773,1
845,353,5
845,668,1
845,915,4
845,954,3
845,345,3
845,818,2
845,814,4
845,593,4
845,456,2
845,513,1
845,951,2
845,119,2
845,672,3
846,239,4
846,532,3
846,391,2
846,924,4
846,831,2
846,796,1
846,247,4
846,9,3
846,830,1
846,41,4
846,273,4
846,903,3
846,498,4
846,222,5
846,652,1
846,191,5
846,252,5
846,760,4
847,42,2
847,878,4
847,452,3
847,347,1
847,262,2
847,822,4
847,230,4
847,591,1
848,597,2
848,528,2
848,407,1
848,980,1
848,203,5
848,969,2
848,151,5
848,381,1
848,552,3
848,52,4
848,544,4
848,7,1
848,419,4
848,521,1
848,719,2
848,705,1
848,834,4
848,702,2
848,585,5
849,618,2
849,147,4
849,966,5
849,563,5
849,340,4
849,228,3
849,154,1
849,7,2
849,707,1
849,712,1
849,457,3
849,652,4
849,868,3
849,237,4
850,531,1
850,163,4
850,649,3
850,682,3
850,111,2
850,37,4
851,394,2
851,406,3
851,914,4
851,486,3
851,932,5
851,105,5
851,40,3
851,248,3
851,130,2
851,211,3
851,27,5
851,960,3
851,302,2
851,303,3
851,634,3
851,559,4
852,803,2
852,598,2
852,363,5
852,660,2
852,178,3
852,520,3
852,318,3
852,545,2
853,859,1
853,759,3
853,308,5
853,557,1
853,939,5
853,765,5
853,196,1
853,292,3
853,613,4
853,484,2
853,678,5
853,491,5
853,838,2
853,88,3
853,352,3
854,976,2
854,925,2
854,470,3
854,180,4
854,153,4
854,693,1
855,920,3
855,533,3
855,454,4
855,108,1
855,701,1
855,598,4
855,322,3
855,894,1
855,250,2
855,861,3
855,147,1
855,198,5
855,241,5
855,358,4
855,192,5
855,41,4
855,559,3
855,478,3
855,582,3
855,503,5
856,375,5
856,334,4
856,958,3
856,583,4
856,767,2
856,112,3
856,964,1
856,526,4
856,905,3
856,970,4
856,19,5
856,497,2
856,831,5
856,430,2
856,992,3
856,732,1
856,249,2
856,218,2
856,158,4
856,668,3
857,79,5
857,886,4
857,543,3
857,836,2
857,823,3
857,657,2
857,598,1
857,21,1
857,717,3
857,866,4
858,391,5
858,737,1
858,752,4
858,744,3
858,420,3
858,63,5
858,452,1
858,316,5
858,377,3
859,568,3
859,651,2
859,821,1
859,147,1
859,23,4
859,355,4
859,700,1
859,710,5
859,633,2
859,65,5
859,161,3
859,767,1
859,459,3
859,287,3
859,279,2
859,338,5
859,914,5
859,400,2
860,355,2
860,68,4
860,744,1
860,423,3
860,582,3
860,97,2
860,431,2
860,939,3
860,789,2
860,755,4
860,205,5
860,343,3
860,776,5
860,568,3
860,981,5
860,621,3
861,665,4
861,352,3
861,983,2
861,659,2
861,823,1
862,726,4
862,822,3
862,669,3
862,979,4
862,275,5
862,471,1
862,123,4
862,986,1
862,138,3
862,442,4
862,522,2
863,706,2
863,292,3
863,806,4
863,346,2
863,760,5
863,859,1
864,229,3
864,374,3
864,985,4
864,894,1
864,588,4
864,734,4
864,582,2
864,715,4
864,150,3
864,950,4
864,50,3
864,854,1
864,340,5
864,847,4
864,234,3
864,337,4
864,962,3
865,778,1
865,462,3
865,818,4
865,332,2
865,44,1
865,470,2
865,4,4
865,624,4
865,303,4
865,690,4
865,947,5
865,154,4
865,193,4
865,717,4
865,484,5
865,228,2
865,251,4
865,680,5
865,398,4
866,821,2
866,292,4
866,380,2
866,435,4
866,989,3
866,766,5
866,324,4
866,134,5
866,791,1
866,128,1
866,515,1
866,444,2
867,926,3
867,49,4
867,808,1
867,311,3
867,92,2
867,480,1
867,940,1
867,666,3
867,183,1
867,576,1
867,897,5
867,332,5
867,467,5
867,269,2
867,939,4
867,494,5
868,101,4
868,567,4
868,657,2
868,577,1
868,909,2
868,134,1
868,235,2
868,894,2
868,465,3
868,21,5
868,915,1
868,777,2
868,367,5
868,18,1
869,688,1
869,12,4
869,146,1
869,618,2
869,527,5
869,92,1
869,892,1
870,922,2
870,231,1
870,935,3
870,339,5
870,617,1
870,134,3
871,595,2
871,635,3
871,207,2
871,332,5
871,968,3
871,971,3
871,322,2
871,354,4
871,933,5
871,530,5
871,612,2
871,255,4
871,485,3
871,279,3
871,568,3
871,665,2
871,546,5
871,155,1
871,934,4
871,2,2
872,532,1
872,78,5
872,448,1
872,290,1
872,803,5
872,517,2
872,447,2
872,259,1
872,809,4
872,143,4
872,248,4
872,360,2
872,877,5
872,15,4
872,740,5
872,891,1
872,68,4
873,286,3
873,862,3
873,413,2
873,3,1
873,604,4
873,443,5
873,380,1
873,434,5
873,118,5
873,578,5
873,216,2
873,480,1
873,537,4
873,55,2
873,20,1
873,786,3
874,446,4
874,680,5
874,602,5
874,933,3
874,298,2
874,243,2
875,903,3
875,371,3
875,209,1
875,30,1
875,125,1
876,987,3
876,796,2
876,598,2
876,184,5
876,367,5
876,896,3
876,855,5
876,525,4
876,778,1
876,188,5
876,437,4
876,487,5
877,921,1
877,707,5
877,905,5
877,814,1
877,426,2
878,312,4
878,306,2
878,545,1
878,613,3
878,781,4
878,237,5
878,837,2
878,444,2
878,184,1
878,263,5
879,251,5
879,259,2
879,755,5
879,481,1
879,576,5
879,928,1
880,908,3
880,791,4
880,455,1
880,387,5
880,569,3
881,177,3
881,600,3
881,376,4
881,198,2
881,737,3
881,512,4
881,636,5
881,642,1
881,878,2
881,677,5
881,693,2
882,113,2
882,186,3
882,557,4
882,535,2
882,322,5
883,503,5
883,283,4
883,936,1
883,415,2
883,671,2
883,769,3
883,263,4
883,889,2
883,199,1
883,256,2
883,821,1
883,37,1
883,55,2
884,603,2
884,782,4
884,236,2
884,396,3
884,17,5
885,798,3
885,724,4
885,444,3
885,80,2
885,466,2
885,829,1
885,272,1
885,273,2
885,723,2
886,110,4
886,63,5
886,677,3
886,628,4
886,905,5
886,596,3
886,161,1
886,203,1
886,701,5
886,772,3
886,689,1
886,167,5
886,277,5
886,681,5
886,665,4
886,486,4
886,159,1
886,248,5
886,321,2
886,352,2
887,265,2
887,763,2
887,666,3
887,242,2
887,726,2
887,73,3
887,355,1
887,916,3
887,415,4
887,981,5
887,413,5
887,464,4
887,928,4
887,723,1
887,310,5
887,88,1
887,785,5
887,868,2
888,629,1
888,215,3
888,97,4
888,3,3
888,515,1
888,479,5
888,79,4
888,268,2
888,209,2
888,206,2
888,244,4
888,556,3
888,75,3
888,612,1
888,743,4
888,276,2
888,69,3
888,817,2
889,978,3
889,860,2
889,46,1
889,360,3
889,364,1
889,109,2
889,539,2
889,256,5
889,610,3
889,802,5
889,986,1
889,149,4
889,168,5
889,56,5
890,746,2
890,577,5
890,867,4
890,739,2
890,36,4
890,594,2
890,227,2
890,359,2
890,98,5
890,650,1
890,557,3
890,4,5
890,597,2
891,969,5
891,171,4
891,626,1
891,682,1
891,794,3
891,44,2
891,287,1
891,379,3
891,410,1
891,915,3
891,980,5
892,842,1
892,807,3
892,899,2
892,385,3
892,209,1
892,667,3
892,952,3
892,699,5
892,253,1
892,165,5
892,931,4
892,511,1
892,920,1
893,643,3
893,326,5
893,411,3
893,444,3
893,952,5
893,192,5
893,754,1
893,929,1
893,653,4
893,627,2
893,490,1
893,571,5
893,26,1
894,871,5
894,722,3
894,468,3
894,754,2
894,667,4
894,49,2
895,573,5
895,831,3
895,564,5
895,427,2
895,13,4
895,928,4
895,765,2
895,215,5
895,807,1
895,345,5
895,400,3
895,921,4
895,821,2
895,107,1
895,109,2
895,843,1
896,550,5
896,311,1
896,883,2
896,388,5
896,205,5
896,588,5
896,420,2
897,196,1
897,805,1
897,645,5
897,920,1
897,895,3
897,912,1
897,938,1
897,297,3
897,719,5
897,237,4
897,490,4
897,90,1
897,818,4
897,933,5
897,493,2
897,419,2
897,308,5
898,621,4
898,777,4
898,486,4
898,716,5
898,557,2
898,794,5
898,965,1
898,19,1
898,697,5
898,452,2
898,250,2
898,989,2
898,995,2
898,928,4
898,921,1
898,642,3
899,833,1
899,394,2
899,193,2
899,252,3
899,306,5
899,605,4
899,361,4
899,812,2
899,824,4
899,28,4
899,564,4
899,35,2
899,237,1
899,484,1
899,733,2
899,759,3
899,731,1
900,530,5
900,558,4
900,124,2
900,295,5
900,319,3
900,952,3
900,957,5
900,83,4
900,836,5
900,255,4
900,405,4
900,607,2
900,121,4
900,452,5
900,45,1
900,985,1
900,34,4
900,163,1
900,438,2
901,346,2
901,951,5
901,42,1
901,331,5
901,464,3
901,217,3
901,318,5
901,195,5
901,740,2
902,770,3
902,844,3
902,402,3
902,500,3
902,175,4
902,716,1
902,358,1
902,611,2
903,611,5
903,901,2
903,720,4
903,658,1
903,734,2
903,892,5
903,821,2
903,992,3
903,915,1
903,76,5
903,154,4
903,400,3
903,952,2
903,508,5
903,378,2
903,464,3
903,944,3
903,660,1
903,869,5
904,763,3
904,292,5
904,325,4
904,853,2
904,614,3
904,344,1
904,950,2
904,164,3
905,871,5
905,50,5
905,608,2
905,309,2
905,999,1
905,368,5
905,52,3
905,189,4
905,877,1
905,842,1
906,736,5
906,645,4
906,10,1
906,631,2
906,646,3
906,487,1
906,536,1
906,570,4
906,119,5
907,600,3
907,690,1
907,746,5
907,787,5
907,58,4
907,691,4
907,93,4
907,313,4
907,462,1
907,115,5
907,823,5
907,127,4
908,597,1
908,407,1
908,740,5
908,506,2
908,632,4
908,806,3
908,982,4
908,716,5
908,57,1
908,633,1
908,645,4
908,35,3
909,781,3
909,372,1
909,771,1
909,924,2
909,526,4
909,699,3
909,525,3
909,823,3
909,642,5
909,718,5
909,691,4
909,236,1
909,186,1
909,300,3
909,63,5
909,356,3
909,167,3
910,726,4
910,583,2
910,405,5
910,525,1
910,78,4
910,30,4
910,848,5
910,605,1
910,383,4
910,680,2
910,627,2
910,789,4
910,496,4
910,437,1
910,852,2
910,467,2
910,984,2
910,323,3
910,805,2
910,906,4
911,56,5
911,609,1
911,133,1
911,804,4
911,240,1
911,207,4
911,283,3
911,845,5
911,827,1
911,23,5
911,376,5
911,400,2
911,710,2
911,780,1
911,598,1
912,215,1
912,537,1
912,441,5
912,629,1
912,427,4
912,583,5
912,651,3
912,481,2
912,534,3
912,336,5
912,222,4
912,190,4
912,76,2
912,276,5
913,752,4
913,539,1
913,901,4
913,642,1
913,716,3
913,948,5
913,957,5
913,307,5
913,598,1
913,229,2
914,380,3
914,648,1
914,500,4
914,68,2
914,662,3
914,848,3
914,429,2
914,613,5
914,489,3
914,660,5
914,386,3
914,14,4
914,494,3
915,675,1
915,172,2
915,364,2
915,944,3
915,263,2
915,743,5
915,584,3
915,741,4
915,748,1
915,673,2
915,26,3
915,643,2
916,573,1
916,144,5
916,926,5
916,157,1
916,174,3
916,475,4
916,260,5
916,162,3
916,942,5
916,89,1
916,443,2
916,84,2
916,659,3
917,351,1
917,186,1
917,308,1
917,463,2
917,277,4
918,473,4
918,357,3
918,480,5
918,192,3
918,334,3
918,951,1
918,178,2
918,652,2
918,442,3
918,168,4
918,65,3
918,248,4
918,550,3
918,273,4
919,768,3
919,180,5
919,18,3
919,171,4
919,796,3
919,990,1
919,732,4
919,331,4
919,629,3
919,922,1
919,397,2
919,50,1
919,719,5
919,993,3
920,494,3
920,790,3
920,506,4
920,34,4
920,801,4
920,189,3
920,616,4
920,7,1
920,864,4
920,909,4
920,362,1
920,26,5
920,962,3
920,670,2
920,295,3
920,390,4
920,62,3
920,152,4
920,359,2
920,300,4
921,435,3
921,200,4
921,555,2
921,429,1
921,176,2
921,559,2
921,170,4
921,888,3
921,843,4
921,296,3
921,8,2
921,539,2
921,776,3
921,85,5
921,156,5
921,897,3
922,176,4
922,38,3
922,553,2
922,74,3
922,60,2
922,534,4
922,412,2
922,169,1
922,790,5
922,614,1
922,516,4
922,601,5
922,736,4
922,636,4
922,828,1
922,676,3
923,842,1
923,450,1
923,436,1
923,260,1
923,564,3
923,84,3
923,457,3
923,455,3
923,929,3
923,199,5
923,266,3
923,694,2
923,304,5
924,273,4
924,746,2
924,246,4
924,69,4
924,567,3
924,397,4
924,817,3
924,718,3
924,683,3
924,582,5
924,949,4
924,993,5
924,446,3
925,775,1
925,576,5
925,237,3
925,107,3
925,475,3
925,726,4
925,441,4
925,388,2
925,429,1
925,686,4
925,459,5
925,692,4
925,253,4
925,948,5
925,23,2
925,39,4
926,422,5
926,529,1
926,756,1
926,133,3
926,314,3
926,587,5
926,190,4
926,842,2
927,432,3
927,193,3
927,495,4
927,110,1
927,444,4
927,425,4
927,770,5
927,878,2
927,665,1
927,469,4
928,927,5
928,272,3
928,505,5
928,442,2
928,181,5
928,868,5
928,561,1
928,62,3
928,988,4
928,208,2
928,137,3
928,847,3
928,187,3
928,357,2
929,979,4
929,852,2
929,595,2
929,234,5
929,508,1
929,669,2
929,119,2
929,849,4
929,361,3
929,831,2
930,57,4
930,24,1
930,627,4
930,93,5
930,996,4
930,250,2
930,664,2
930,341,5
930,578,1
931,527,3
931,166,5
931,975,2
931,434,3
931,586,2
931,876,2
931,729,3
931,17,3
931,364,1
931,793,3
931,414,5
931,286,1
931,839,2
931,20,1
931,222,1
931,553,4
931,154,5
932,831,1
932,257,2
932,166,5
932,594,5
932,487,4
932,865,1
932,777,1
932,89,4
933,147,4
933,817,2
933,237,2
933,464,2
933,328,1
933,504,2
933,830,5
933,103,5
933,366,5
933,383,2
933,416,3
933,702,1
933,790,5
933,878,1
933,971,3
933,321,3
933,611,2
933,680,3
933,768,5
934,573,1
934,309,1
934,958,3
934,990,5
934,706,2
934,141,5
934,486,1
934,704,1
934,476,2
935,593,4
935,597,5
935,791,5
935,794,4
935,124,2
935,594,4
935,214,1
935,607,5
935,463,3
935,1000,5
935,11,4
936,984,3
936,906,4
936,440,3
936,853,1
936,426,5
936,313,4
936,335,3
936,944,3
936,417,1
936,127,4
936,462,1
936,147,1
936,56,3
937,392,3
937,481,1
937,521,1
937,79,3
937,597,4
937,327,4
937,457,3
937,167,4
937,427,2
938,271,3
938,21,4
938,348,3
938,863,4
938,31,4
938,854,1
938,224,5
938,586,4
938,580,1
938,30,4
938,664,1
938,115,3
938,4,1
938,144,2
939,735,1
939,207,4
939,296,3
939,965,4
939,579,2
939,617,4
939,205,3
939,771,5
940,631,2
940,652,5
940,24,4
940,642,1
940,514,1
940,231,4
940,365,1
940,987,3
940,654,5
940,359,4
940,934,4
940,63,4
941,30,1
941,752,2
941,719,1
941,659,5
941,570,2
941,829,1
941,488,1
941,634,4
941,730,3
941,367,4
941,542,3
941,322,2
941,658,4
941,167,2
941,978,3
941,935,1
941,919,5
941,608,1
941,273,5
941,574,5
942,194,4
942,266,3
942,860,2
942,554,3
942,1000,4
942,766,2
942,563,2
942,876,3
943,32,1
943,901,2
943,65,4
943,153,1
943,597,4
944,328,3
944,690,5
944,1000,3
944,727,4
944,14,5
944,306,1
944,549,3
944,282,1
944,982,4
944,172,1
944,258,5
944,484,1
944,92,4
944,195,2
944,9,5
944,890,4
944,913,1
944,905,1
944,718,3
945,163,5
945,453,2
945,343,4
945,14,5
945,344,1
945,995,2
945,433,4
945,45,1
945,958,1
945,934,5
946,272,5
946,112,4
946,953,1
946,824,2
946,745,3
946,767,1
946,111,3
946,576,5
946,105,3
946,633,3
946,441,3
946,428,5
946,628,4
946,261,5
946,907,2
946,155,3
946,975,3
946,841,4
946,400,1
947,586,4
947,259,1
947,267,4
947,309,4
947,681,4
947,829,3
947,386,4
947,697,2
947,23,2
947,685,5
947,101,3
947,403,4
947,938,4
947,247,3
948,858,3
948,236,3
948,38,3
948,195,2
948,245,3
948,142,5
948,734,4
948,744,1
948,712,1
948,632,5
948,581,4
949,857,2
949,873,3
949,916,1
949,58,2
949,587,2
949,750,2
949,147,3
949,407,2
949,127,1
949,989,1
949,96,2
949,371,1
949,738,4
950,173,1
950,775,1
950,950,1
950,649,5
950,564,3
950,108,3
950,796,5
950,892,1
950,930,5
950,872,5
950,770,5
950,984,4
950,652,4
951,860,1
951,942,5
951,596,4
951,733,4
951,118,3
951,855,1
951,353,1
951,654,5
951,191,3
952,227,4
952,166,1
952,209,5
952,831,1
952,779,1
952,430,4
952,207,5
952,324,1
952,596,5
952,763,1
952,242,5
952,379,2
953,60,5
953,949,2
953,120,4
953,127,3
953,481,3
953,477,3
953,635,1
953,931,2
953,394,2
953,508,3
953,21,3
953,695,3
953,29,2
953,236,5
953,40,1
953,447,2
953,344,3
954,532,3
954,425,5
954,244,1
954,890,5
954,448,4
954,580,5
954,506,2
954,411,3
955,158,1
955,136,3
955,639,2
955,996,5
955,326,2
955,773,1
956,516,1
956,70,2
956,658,4
956,897,2
956,633,2
956,779,2
956,511,5
956,329,2
956,68,4
956,673,3
956,392,1
956,626,1
957,32,5
957,957,3
957,288,5
957,184,5
957,992,1
957,989,5
957,922,4
957,415,5
957,454,4
957,573,3
957,990,2
957,776,4
958,569,2
958,346,3
958,901,4
958,98,4
958,531,5
958,419,2
958,954,1
958,390,5
958,479,3
958,197,4
958,926,5
958,622,3
958,480,3
958,603,3
958,210,4
958,428,2
958,493,5
958,507,4
958,929,4
958,36,2
959,169,2
959,193,2
959,244,2
959,22,3
959,546,3
959,7,3
960,523,3
960,106,3
960,316,1
960,680,3
960,28,4
960,466,5
960,221,5
960,228,2
960,736,1
960,716,3
960,690,3
960,610,4
960,397,2
960,457,4
960,115,3
960,789,1
961,228,3
961,695,1
961,247,1
961,730,4
961,107,2
961,566,4
961,853,2
961,902,2
961,809,2
961,819,5
961,129,3
961,360,5
962,131,4
962,211,5
962,495,3
962,783,5
962,652,4
962,753,3
963,484,5
963,810,3
963,331,1
963,351,5
963,316,1
963,340,3
963,217,2
963,911,4
963,517,2
963,980,5
963,597,2
963,641,3
963,585,4
964,526,5
964,747,5
964,757,1
964,105,1
964,876,4
964,966,1
964,885,3
964,72,4
964,481,2
964,340,3
964,496,5
964,324,2
964,662,3
964,765,1
964,904,2
964,959,4
964,576,2
964,972,3
964,912,4
964,609,3
965,331,5
965,32,1
965,232,1
965,241,1
965,186,4
965,888,1
965,570,4
965,572,2
965,128,4
965,151,5
965,658,5
965,789,4
965,694,2
965,718,4
965,990,2
965,602,1
965,60,4
965,671,1
965,185,2
966,826,3
966,854,2
966,879,5
966,875,3
966,613,4
966,96,1
966,909,1
966,712,5
966,588,4
966,707,5
966,103,1
966,595,2
966,531,2
966,125,3
966,858,5
966,363,1
966,918,2
966,548,3
966,533,4
966,420,4
967,546,3
967,296,5
967,647,2
967,389,5
967,885,3
967,728,1
967,170,4
967,950,4
967,494,3
967,865,5
968,24,1
968,403,2
968,205,1
968,814,2
968,248,2
968,73,1
968,342,1
968,588,1
968,162,5
969,69,3
969,257,2
969,692,3
969,475,1
969,322,5
969,329,2
969,595,5
969,778,1
969,387,5
969,237,1
969,411,5
969,185,5
969,145,5
969,969,4
969,957,4
970,839,2
970,776,2
970,442,2
970,900,5
970,144,1
970,731,5
970,756,2
970,873,2
970,548,4
970,470,1
970,101,4
970,57,4
970,211,5
970,33,3
970,402,4
971,283,5
971,552,1
971,572,5
971,762,2
971,116,5
971,54,5
971,415,5
971,816,1
971,902,3
971,231,4
971,675,3
971,697,2
971,312,1
971,719,1
971,34,1
971,577,5
972,289,5
972,814,4
972,674,1
972,146,3
972,187,3
972,325,2
972,700,5
973,549,3
973,255,2
973,178,3
973,459,5
973,24,5
973,620,5
973,994,1
973,36,2
973,253,4
973,742,4
973,539,2
973,588,4
973,669,4
973,692,5
973,184,3
973,603,5
973,937,2
973,73,1
973,405,2
974,821,4
974,765,4
974,776,2
974,801,5
974,826,5
974,212,2
974,574,5
974,229,3
974,901,3
974,946,1
974,19,5
975,283,1
975,317,3
975,266,4
975,206,4
975,497,1
975,500,3
975,738,2
975,511,1
975,855,2
975,117,1
975,248,3
975,697,5
975,20,5
975,562,1
975,346,2
975,768,2
976,179,1
976,952,3
976,539,1
976,732,2
976,547,3
976,832,5
976,1,4
976,707,4
976,172,1
976,282,3
977,765,3
977,40,2
977,121,3
977,792,1
977,666,4
977,319,5
977,66,1
977,390,2
977,572,5
977,824,2
977,23,4
977,773,5
977,210,1
977,697,4
977,462,3
977,112,5
977,932,1
977,922,3
977,817,3
978,783,4
978,508,2
978,493,1
978,915,5
978,174,5
978,780,5
978,982,5
978,897,2
978,59,5
978,204,1
979,430,2
979,991,4
979,759,4
979,661,2
979,133,5
979,728,5
979,295,4
979,398,4
979,281,1
980,162,3
980,807,5
980,928,1
980,772,5
980,43,1
980,512,2
980,840,2
980,193,2
980,637,5
981,712,4
981,192,2
981,264,3
981,369,2
981,207,2
981,702,1
981,608,3
981,107,5
981,73,2
981,8,5
981,597,3
981,654,1
981,433,3
981,482,2
981,367,3
981,877,3
981,922,1
981,503,1
981,591,1
981,760,5
982,27,2
982,382,5
982,6,1
982,939,4
982,492,2
982,44,1
982,52,1
982,335,4
982,664,1
982,577,1
982,533,3
983,530,5
983,353,5
983,981,2
983,213,1
983,715,4
983,648,3
983,829,1
983,270,3
983,281,1
983,840,2
983,247,5
983,613,4
983,192,1
983,89,4
983,626,3
983,136,3
983,341,5
983,870,2
983,684,3
984,169,3
984,539,5
984,982,4
984,876,5
984,898,3
984,85,5
984,920,1
984,837,2
984,407,4
984,761,1
984,212,1
984,871,4
984,868,2
984,586,5
984,187,1
985,88,5
985,882,1
985,806,3
985,87,1
985,432,1
986,280,1
986,724,4
986,830,2
986,956,2
986,868,2
986,80,3
987,931,4
987,355,1
987,955,1
987,939,3
987,723,3
987,320,3
987,121,4
987,281,3
987,859,2
987,22,5
987,477,4
987,640,4
988,759,2
988,23,2
988,548,2
988,155,3
988,859,2
988,503,4
988,352,5
988,891,4
988,255,1
988,588,1
988,764,5
988,149,5
988,728,3
988,620,5
989,620,5
989,547,5
989,22,1
989,934,5
989,2,2
989,155,5
989,819,2
989,410,5
989,227,2
989,695,3
989,492,5
989,810,5
989,320,5
990,698,1
990,461,5
990,746,4
990,245,5
990,82,3
990,211,1
990,777,2
990,273,3
990,527,2
990,146,4
990,677,2
990,332,2
990,995,5
990,76,1
990,944,4
991,429,2
991,95,3
991,950,4
991,427,5
991,794,3
991,635,4
991,245,2
992,721,2
992,970,5
992,452,4
992,252,2
992,242,5
992,613,2
992,467,1
992,826,1
992,862,1
992,812,4
993,85,5
993,558,2
993,777,3
993,340,5
993,374,2
993,185,2
993,217,1
993,817,5
993,828,3
993,381,3
994,43,3
994,117,5
994,639,4
994,546,2
994,604,3
994,675,5
994,474,2
994,509,4
994,643,3
994,469,1
994,663,4
994,284,5
994,840,5
994,392,2
995,773,3
995,298,5
995,374,1
995,434,1
995,1,3
995,521,3
995,388,2
995,95,4
995,767,2
995,93,3
995,783,5
995,37,5
995,819,1
995,237,2
995,163,1
996,977,4
996,570,3
996,273,4
996,633,4
996,852,4
996,260,2
996,790,1
996,213,2
996,668,3
997,668,1
997,241,3
997,276,4
997,834,4
997,574,3
997,184,1
997,68,2
997,365,4
997,207,1
997,789,2
997,974,3
998,336,5
998,304,3
998,332,4
998,274,4
998,990,1
998,790,4
998,435,1
998,286,3
999,386,4
999,720,2
999,758,1
999,171,2
999,245,1
999,238,5
1000,930,2
1000,841,2
1000,506,5
1000,478,2
1000,810,1
1000,208,1
1000,532,1
1000,162,2
1000,955,2
1000,939,2
1000,503,1
1000,311,1
1000,332,4
1000,928,2
1000,492,5
1000,441,3
